--TABELA CAMARA:
insert into camara values (1);
insert into camara values (2);
insert into camara values (3);
insert into camara values (4);
insert into camara values (5);
insert into camara values (6);
insert into camara values (7);
insert into camara values (8);
insert into camara values (9);
insert into camara values (10);
insert into camara values (11);
insert into camara values (12);
insert into camara values (13);
insert into camara values (14);
insert into camara values (15);
insert into camara values (16);
insert into camara values (17);
insert into camara values (18);
insert into camara values (19);
insert into camara values (20);
insert into camara values (21);
insert into camara values (22);
insert into camara values (23);
insert into camara values (24);
insert into camara values (25);
insert into camara values (26);
insert into camara values (27);
insert into camara values (28);
insert into camara values (29);
insert into camara values (30);
insert into camara values (31);
insert into camara values (32);
insert into camara values (33);
insert into camara values (34);
insert into camara values (35);
insert into camara values (36);
insert into camara values (37);
insert into camara values (38);
insert into camara values (39);
insert into camara values (40);
insert into camara values (41);
insert into camara values (42);
insert into camara values (43);
insert into camara values (44);
insert into camara values (45);
insert into camara values (46);
insert into camara values (47);
insert into camara values (48);
insert into camara values (49);
insert into camara values (50);
insert into camara values (51);
insert into camara values (52);
insert into camara values (53);
insert into camara values (54);
insert into camara values (55);
insert into camara values (56);
insert into camara values (57);
insert into camara values (58);
insert into camara values (59);
insert into camara values (60);
insert into camara values (61);
insert into camara values (62);
insert into camara values (63);
insert into camara values (64);
insert into camara values (65);
insert into camara values (66);
insert into camara values (67);
insert into camara values (68);
insert into camara values (69);
insert into camara values (70);
insert into camara values (71);
insert into camara values (72);
insert into camara values (73);
insert into camara values (74);
insert into camara values (75);
insert into camara values (76);
insert into camara values (77);
insert into camara values (78);
insert into camara values (79);
insert into camara values (80);
insert into camara values (81);
insert into camara values (82);
insert into camara values (83);
insert into camara values (84);
insert into camara values (85);
insert into camara values (86);
insert into camara values (87);
insert into camara values (88);
insert into camara values (89);
insert into camara values (90);
insert into camara values (91);
insert into camara values (92);
insert into camara values (93);
insert into camara values (94);
insert into camara values (95);
insert into camara values (96);
insert into camara values (97);
insert into camara values (98);
insert into camara values (99);
insert into camara values (100);


--TABELA VIDEO:
insert into video values ('2018-03-14 05:15:23', '2018-03-14 20:11:16', 43);
insert into video values ('2018-07-03 17:43:09', '2018-07-04 09:10:32', 79);
insert into video values ('2018-10-05 22:14:38', '2018-10-06 17:46:38', 9);
insert into video values ('2017-07-16 05:27:29', '2017-07-16 13:04:39', 7);
insert into video values ('2018-01-03 11:03:25', '2018-01-04 07:20:47', 64);
insert into video values ('2018-11-10 10:05:29', '2018-11-11 05:32:21', 93);
insert into video values ('2018-07-03 09:05:59', '2018-07-04 08:42:50', 51);
insert into video values ('2018-06-20 14:33:36', '2018-06-21 12:51:21', 100);
insert into video values ('2018-10-17 13:34:40', '2018-10-18 08:03:34', 82);
insert into video values ('2017-06-24 16:34:26', '2017-06-25 00:20:31', 1);
insert into video values ('2018-06-13 15:51:32', '2018-06-13 23:34:19', 31);
insert into video values ('2017-01-03 06:35:34', '2017-01-03 14:13:35', 41);
insert into video values ('2018-07-05 09:54:40', '2018-07-05 18:56:25', 86);
insert into video values ('2017-09-18 07:00:33', '2017-09-18 22:37:17', 98);
insert into video values ('2018-02-16 11:26:35', '2018-02-16 18:49:36', 45);
insert into video values ('2018-04-11 03:18:38', '2018-04-11 13:15:55', 54);
insert into video values ('2018-07-18 16:07:36', '2018-07-18 18:55:25', 17);
insert into video values ('2017-05-28 01:05:28', '2017-05-28 15:17:18', 40);
insert into video values ('2017-07-16 21:24:03', '2017-07-17 14:44:53', 89);
insert into video values ('2017-07-27 14:02:51', '2017-07-28 08:09:45', 76);
insert into video values ('2018-01-12 03:05:56', '2018-01-12 09:28:55', 40);
insert into video values ('2017-07-25 16:35:00', '2017-07-25 21:21:25', 22);
insert into video values ('2018-02-23 04:03:40', '2018-02-23 19:27:12', 26);
insert into video values ('2017-06-20 02:30:14', '2017-06-20 03:57:34', 26);
insert into video values ('2018-06-24 15:34:22', '2018-06-24 18:16:02', 95);
insert into video values ('2017-05-14 15:29:35', '2017-05-14 19:56:22', 7);
insert into video values ('2018-04-15 13:34:01', '2018-04-16 08:17:35', 15);
insert into video values ('2018-02-13 05:08:31', '2018-02-13 23:24:11', 77);
insert into video values ('2018-11-23 19:19:09', '2018-11-24 09:16:53', 18);
insert into video values ('2018-03-22 11:58:03', '2018-03-23 08:09:54', 20);
insert into video values ('2018-01-05 00:59:35', '2018-01-05 04:56:38', 36);
insert into video values ('2018-11-20 16:29:42', '2018-11-21 08:46:32', 67);
insert into video values ('2017-10-28 09:58:01', '2017-10-29 08:24:03', 84);
insert into video values ('2018-11-05 21:30:58', '2018-11-06 03:03:24', 95);
insert into video values ('2017-10-02 01:16:16', '2017-10-02 15:44:36', 86);
insert into video values ('2017-01-25 02:52:22', '2017-01-25 11:20:54', 86);
insert into video values ('2018-02-16 07:11:52', '2018-02-17 04:48:54', 1);
insert into video values ('2018-10-18 14:55:19', '2018-10-18 15:04:18', 23);
insert into video values ('2017-08-28 22:42:51', '2017-08-29 05:29:07', 49);
insert into video values ('2018-04-22 04:06:41', '2018-04-22 22:14:40', 29);
insert into video values ('2017-10-05 21:34:06', '2017-10-06 04:25:16', 89);
insert into video values ('2018-07-17 11:38:30', '2018-07-17 15:31:01', 82);
insert into video values ('2018-05-25 05:35:39', '2018-05-25 21:30:25', 98);
insert into video values ('2017-10-10 19:46:53', '2017-10-11 12:27:51', 55);
insert into video values ('2017-10-29 14:03:49', '2017-10-29 23:26:17', 96);
insert into video values ('2017-10-25 12:55:36', '2017-10-26 04:27:51', 45);
insert into video values ('2018-09-03 09:05:50', '2018-09-03 14:13:12', 11);
insert into video values ('2018-11-10 14:21:12', '2018-11-10 18:22:20', 7);
insert into video values ('2017-07-23 17:45:00', '2017-07-24 16:29:18', 42);
insert into video values ('2017-12-12 20:40:09', '2017-12-12 23:19:04', 13);
insert into video values ('2017-12-23 15:13:32', '2017-12-23 23:55:24', 76);
insert into video values ('2017-08-08 01:43:33', '2017-08-08 20:12:05', 53);
insert into video values ('2018-08-31 03:21:42', '2018-08-31 21:31:50', 80);
insert into video values ('2017-09-11 20:14:59', '2017-09-11 23:35:16', 87);
insert into video values ('2018-02-12 05:30:24', '2018-02-12 11:51:33', 56);
insert into video values ('2018-10-15 21:29:39', '2018-10-16 01:59:51', 45);
insert into video values ('2018-08-15 16:50:50', '2018-08-15 16:52:25', 73);
insert into video values ('2017-09-22 04:56:39', '2017-09-22 20:44:50', 2);
insert into video values ('2017-07-21 13:19:52', '2017-07-22 08:01:14', 44);
insert into video values ('2018-06-02 04:01:32', '2018-06-03 02:27:57', 27);
insert into video values ('2017-05-21 12:17:49', '2017-05-22 07:14:29', 91);
insert into video values ('2017-11-04 09:03:55', '2017-11-04 16:50:04', 52);
insert into video values ('2017-01-05 05:18:52', '2017-01-05 08:22:05', 31);
insert into video values ('2018-07-10 22:13:20', '2018-07-11 14:08:39', 79);
insert into video values ('2017-11-06 05:54:00', '2017-11-07 01:28:06', 74);
insert into video values ('2018-11-08 07:36:42', '2018-11-08 08:41:56', 81);
insert into video values ('2018-07-05 04:33:17', '2018-07-05 17:20:56', 66);
insert into video values ('2017-07-29 14:50:35', '2017-07-30 07:35:53', 65);
insert into video values ('2018-05-04 07:16:45', '2018-05-04 20:02:00', 85);
insert into video values ('2018-10-23 07:00:56', '2018-10-23 15:01:15', 30);
insert into video values ('2018-06-06 17:22:36', '2018-06-06 22:28:41', 45);
insert into video values ('2018-04-24 06:25:29', '2018-04-25 05:05:37', 40);
insert into video values ('2017-06-28 10:24:28', '2017-06-28 12:37:04', 54);
insert into video values ('2018-06-15 10:34:16', '2018-06-15 21:40:15', 64);
insert into video values ('2018-01-12 20:17:56', '2018-01-13 05:56:30', 36);
insert into video values ('2018-06-20 23:40:23', '2018-06-21 01:34:53', 44);
insert into video values ('2017-05-08 17:48:19', '2017-05-08 23:06:17', 5);
insert into video values ('2017-05-09 03:18:46', '2017-05-09 14:41:23', 87);
insert into video values ('2017-03-20 20:05:14', '2017-03-21 01:17:12', 30);
insert into video values ('2018-01-04 11:27:29', '2018-01-05 09:05:22', 44);
insert into video values ('2018-10-04 01:41:44', '2018-10-04 16:25:31', 85);
insert into video values ('2017-08-26 11:54:04', '2017-08-27 00:33:43', 98);
insert into video values ('2017-08-16 07:40:41', '2017-08-16 10:06:24', 52);
insert into video values ('2018-08-14 11:00:20', '2018-08-15 06:43:33', 78);
insert into video values ('2018-08-20 03:04:11', '2018-08-20 15:35:57', 83);
insert into video values ('2017-07-20 14:49:30', '2017-07-21 06:32:01', 41);
insert into video values ('2018-03-23 18:47:03', '2018-03-24 14:04:53', 14);
insert into video values ('2018-04-29 09:58:04', '2018-04-30 06:26:56', 85);
insert into video values ('2018-07-16 09:29:05', '2018-07-16 16:23:24', 2);
insert into video values ('2017-06-05 18:00:52', '2017-06-05 20:24:19', 99);
insert into video values ('2017-09-19 19:17:56', '2017-09-19 21:47:30', 43);
insert into video values ('2017-06-19 09:50:06', '2017-06-19 13:57:38', 72);
insert into video values ('2017-06-08 03:35:30', '2017-06-08 10:15:28', 53);
insert into video values ('2018-07-07 05:39:48', '2018-07-07 13:55:26', 99);
insert into video values ('2018-06-15 20:18:58', '2018-06-16 07:14:43', 46);
insert into video values ('2018-03-28 18:51:09', '2018-03-29 16:31:58', 36);
insert into video values ('2017-06-23 23:13:20', '2017-06-24 13:43:24', 6);
insert into video values ('2017-04-13 18:18:57', '2017-04-14 11:37:28', 68);
insert into video values ('2018-07-16 00:25:41', '2018-07-16 08:57:04', 22);
insert into video values ('2018-03-09 23:17:01', '2018-03-10 16:13:42', 15);


insert into solicita values (0, 43, '2018-03-14 05:15:23', '2018-03-17 13:28:36', '2018-03-17 16:11:49');
insert into solicita values (1, 79, '2018-07-03 17:43:09', '2018-07-07 13:19:41', '2018-07-11 00:58:01');
insert into solicita values (2, 9, '2018-10-05 22:14:38', '2018-10-21 18:18:24', '2018-10-28 06:48:24');
insert into solicita values (3, 7, '2017-07-16 05:27:29', '2017-07-21 00:28:11', '2017-07-29 07:25:50');
insert into solicita values (4, 64, '2018-01-03 11:03:25', '2018-01-27 14:03:33', '2018-02-02 16:14:20');
insert into solicita values (5, 93, '2018-11-10 10:05:29', '2018-11-10 18:49:34', '2018-11-15 01:44:41');
insert into solicita values (6, 51, '2018-07-03 09:05:59', '2018-07-24 13:08:11', '2018-08-01 03:28:28');
insert into solicita values (7, 100, '2018-06-20 14:33:36', '2018-06-21 01:53:12', '2018-06-22 02:41:44');
insert into solicita values (8, 82, '2018-10-17 13:34:40', '2018-10-24 06:58:55', '2018-10-26 17:40:03');
insert into solicita values (9, 1, '2017-06-24 16:34:26', '2017-07-15 15:07:41', '2017-07-19 23:47:11');
insert into solicita values (10, 31, '2018-06-13 15:51:32', '2018-07-06 23:39:31', '2018-07-16 01:31:41');
insert into solicita values (11, 41, '2017-01-03 06:35:34', '2017-01-30 08:55:21', '2017-02-05 20:06:11');
insert into solicita values (12, 86, '2018-07-05 09:54:40', '2018-07-30 19:23:00', '2018-08-07 15:23:15');
insert into solicita values (13, 98, '2017-09-18 07:00:33', '2017-09-25 01:37:14', '2017-09-28 09:16:54');
insert into solicita values (14, 45, '2018-02-16 11:26:35', '2018-03-07 00:10:50', '2018-03-11 06:19:16');
insert into solicita values (15, 54, '2018-04-11 03:18:38', '2018-04-13 12:51:02', '2018-04-15 00:49:36');
insert into solicita values (16, 17, '2018-07-18 16:07:36', '2018-08-03 23:10:13', '2018-08-13 14:42:47');
insert into solicita values (17, 40, '2017-05-28 01:05:28', '2017-06-15 01:19:56', '2017-06-21 19:41:07');
insert into solicita values (18, 89, '2017-07-16 21:24:03', '2017-08-10 01:42:13', '2017-08-18 21:56:10');
insert into solicita values (19, 76, '2017-07-27 14:02:51', '2017-07-31 19:23:17', '2017-08-07 07:45:11');
insert into solicita values (20, 40, '2018-01-12 03:05:56', '2018-02-03 11:30:09', '2018-02-12 03:58:36');
insert into solicita values (21, 22, '2017-07-25 16:35:00', '2017-08-11 09:49:22', '2017-08-16 14:16:24');
insert into solicita values (22, 26, '2018-02-23 04:03:40', '2018-03-16 23:00:10', '2018-03-20 10:59:02');
insert into solicita values (23, 26, '2017-06-20 02:30:14', '2017-07-08 13:36:36', '2017-07-13 16:18:31');
insert into solicita values (24, 95, '2018-06-24 15:34:22', '2018-06-24 20:14:49', '2018-07-03 16:29:47');
insert into solicita values (25, 7, '2017-05-14 15:29:35', '2017-06-11 16:59:56', '2017-06-14 04:03:02');
insert into solicita values (26, 15, '2018-04-15 13:34:01', '2018-05-10 03:56:42', '2018-05-13 17:58:23');
insert into solicita values (27, 77, '2018-02-13 05:08:31', '2018-03-04 01:05:44', '2018-03-07 02:43:14');
insert into solicita values (28, 18, '2018-11-23 19:19:09', '2018-12-06 02:25:03', '2018-12-06 03:27:22');
insert into solicita values (29, 20, '2018-03-22 11:58:03', '2018-04-11 20:59:42', '2018-04-15 05:40:00');
insert into solicita values (30, 36, '2018-01-05 00:59:35', '2018-01-18 06:33:10', '2018-01-20 10:13:01');
insert into solicita values (31, 67, '2018-11-20 16:29:42', '2018-12-18 17:14:51', '2018-12-24 19:55:54');
insert into solicita values (32, 84, '2017-10-28 09:58:01', '2017-11-18 05:54:41', '2017-11-22 13:50:49');
insert into solicita values (33, 95, '2018-11-05 21:30:58', '2018-11-25 02:19:29', '2018-11-27 14:19:00');
insert into solicita values (34, 86, '2017-10-02 01:16:16', '2017-10-21 07:15:38', '2017-10-22 01:10:29');
insert into solicita values (35, 86, '2017-01-25 02:52:22', '2017-02-06 22:20:15', '2017-02-08 06:40:48');
insert into solicita values (36, 1, '2018-02-16 07:11:52', '2018-03-04 10:00:05', '2018-03-08 06:46:58');
insert into solicita values (37, 23, '2018-10-18 14:55:19', '2018-10-26 11:42:59', '2018-10-26 11:53:26');
insert into solicita values (38, 49, '2017-08-28 22:42:51', '2017-09-03 18:30:26', '2017-09-07 13:39:48');
insert into solicita values (39, 29, '2018-04-22 04:06:41', '2018-04-26 02:55:21', '2018-05-03 21:29:02');
insert into solicita values (40, 89, '2017-10-05 21:34:06', '2017-10-11 00:55:58', '2017-10-15 15:45:19');
insert into solicita values (41, 82, '2018-07-17 11:38:30', '2018-07-28 02:43:07', '2018-07-30 10:49:38');
insert into solicita values (42, 98, '2018-05-25 05:35:39', '2018-06-18 14:13:42', '2018-06-19 09:13:13');
insert into solicita values (43, 55, '2017-10-10 19:46:53', '2017-10-23 14:27:37', '2017-10-30 01:38:28');
insert into solicita values (44, 96, '2017-10-29 14:03:49', '2017-11-25 17:25:11', '2017-11-27 08:28:23');
insert into solicita values (45, 45, '2017-10-25 12:55:36', '2017-11-01 16:40:53', '2017-11-04 13:50:48');
insert into solicita values (46, 11, '2018-09-03 09:05:50', '2018-09-27 12:57:03', '2018-09-30 17:34:50');
insert into solicita values (47, 7, '2018-11-10 14:21:12', '2018-11-17 20:26:16', '2018-11-19 00:15:01');
insert into solicita values (48, 42, '2017-07-23 17:45:00', '2017-08-08 00:56:42', '2017-08-12 18:29:53');
insert into solicita values (49, 13, '2017-12-12 20:40:09', '2017-12-18 02:26:38', '2017-12-27 21:54:40');
insert into solicita values (50, 76, '2017-12-23 15:13:32', '2017-12-27 03:39:01', '2018-01-03 10:41:18');
insert into solicita values (51, 53, '2017-08-08 01:43:33', '2017-08-20 11:02:09', '2017-08-28 13:30:42');
insert into solicita values (52, 80, '2018-08-31 03:21:42', '2018-09-01 13:47:18', '2018-09-03 19:50:52');
insert into solicita values (53, 87, '2017-09-11 20:14:59', '2017-09-23 12:46:02', '2017-09-25 20:23:11');
insert into solicita values (54, 56, '2018-02-12 05:30:24', '2018-03-06 10:08:13', '2018-03-16 01:13:35');
insert into solicita values (55, 45, '2018-10-15 21:29:39', '2018-10-22 23:02:18', '2018-10-23 12:02:28');
insert into solicita values (56, 73, '2018-08-15 16:50:50', '2018-08-17 04:03:10', '2018-08-27 03:33:14');
insert into solicita values (57, 2, '2017-09-22 04:56:39', '2017-10-02 13:20:37', '2017-10-10 18:43:59');
insert into solicita values (58, 44, '2017-07-21 13:19:52', '2017-07-28 19:06:41', '2017-08-03 14:17:52');
insert into solicita values (59, 27, '2018-06-02 04:01:32', '2018-06-30 07:55:28', '2018-07-06 21:28:51');
insert into solicita values (60, 91, '2017-05-21 12:17:49', '2017-06-17 16:41:09', '2017-06-26 23:21:15');
insert into solicita values (61, 52, '2017-11-04 09:03:55', '2017-11-23 08:37:17', '2017-11-29 07:28:53');
insert into solicita values (62, 31, '2017-01-05 05:18:52', '2017-01-14 13:44:03', '2017-01-23 21:24:21');
insert into solicita values (63, 79, '2018-07-10 22:13:20', '2018-08-06 12:26:46', '2018-08-07 10:43:21');
insert into solicita values (64, 74, '2017-11-06 05:54:00', '2017-11-27 19:45:18', '2017-12-06 23:06:18');
insert into solicita values (65, 81, '2018-11-08 07:36:42', '2018-11-25 05:59:33', '2018-12-01 19:04:16');
insert into solicita values (66, 66, '2018-07-05 04:33:17', '2018-07-10 03:13:07', '2018-07-20 01:55:57');
insert into solicita values (67, 65, '2017-07-29 14:50:35', '2017-08-08 17:32:43', '2017-08-10 15:40:53');
insert into solicita values (68, 85, '2018-05-04 07:16:45', '2018-05-06 01:53:53', '2018-05-12 03:54:40');
insert into solicita values (69, 30, '2018-10-23 07:00:56', '2018-11-13 13:40:28', '2018-11-23 11:23:55');
insert into solicita values (70, 45, '2018-06-06 17:22:36', '2018-06-14 10:47:29', '2018-06-20 17:09:47');
insert into solicita values (71, 40, '2018-04-24 06:25:29', '2018-05-11 16:20:47', '2018-05-16 18:14:51');
insert into solicita values (72, 54, '2017-06-28 10:24:28', '2017-07-24 04:57:15', '2017-08-02 09:20:25');
insert into solicita values (73, 64, '2018-06-15 10:34:16', '2018-07-12 02:46:33', '2018-07-21 12:38:58');
insert into solicita values (74, 36, '2018-01-12 20:17:56', '2018-01-13 04:58:43', '2018-01-15 12:25:00');
insert into solicita values (75, 44, '2018-06-20 23:40:23', '2018-07-14 04:39:12', '2018-07-17 08:48:21');
insert into solicita values (76, 5, '2017-05-08 17:48:19', '2017-05-31 01:33:41', '2017-06-09 07:21:02');
insert into solicita values (77, 87, '2017-05-09 03:18:46', '2017-06-05 18:47:23', '2017-06-09 00:13:22');
insert into solicita values (78, 30, '2017-03-20 20:05:14', '2017-04-12 04:05:19', '2017-04-12 19:56:46');
insert into solicita values (79, 44, '2018-01-04 11:27:29', '2018-01-10 01:35:19', '2018-01-16 04:08:56');
insert into solicita values (80, 85, '2018-10-04 01:41:44', '2018-10-25 04:38:32', '2018-10-31 09:35:13');
insert into solicita values (81, 98, '2017-08-26 11:54:04', '2017-09-02 13:33:34', '2017-09-02 15:49:14');
insert into solicita values (82, 52, '2017-08-16 07:40:41', '2017-09-08 06:34:39', '2017-09-08 20:14:01');
insert into solicita values (83, 78, '2018-08-14 11:00:20', '2018-09-06 06:30:55', '2018-09-10 10:35:27');
insert into solicita values (84, 83, '2018-08-20 03:04:11', '2018-08-27 20:50:54', '2018-09-05 10:35:56');
insert into solicita values (85, 41, '2017-07-20 14:49:30', '2017-08-18 07:57:50', '2017-08-22 19:19:15');
insert into solicita values (86, 14, '2018-03-23 18:47:03', '2018-04-10 12:03:39', '2018-04-14 02:29:27');
insert into solicita values (87, 85, '2018-04-29 09:58:04', '2018-05-28 03:56:16', '2018-06-01 20:56:01');
insert into solicita values (88, 2, '2018-07-16 09:29:05', '2018-08-10 03:27:18', '2018-08-13 06:54:37');
insert into solicita values (89, 99, '2017-06-05 18:00:52', '2017-06-18 20:03:11', '2017-06-28 01:11:03');
insert into solicita values (90, 43, '2017-09-19 19:17:56', '2017-09-20 08:21:19', '2017-09-20 20:15:33');
insert into solicita values (91, 72, '2017-06-19 09:50:06', '2017-07-16 05:52:10', '2017-07-21 13:41:49');
insert into solicita values (92, 53, '2017-06-08 03:35:30', '2017-06-29 00:48:11', '2017-07-02 05:05:19');
insert into solicita values (93, 99, '2018-07-07 05:39:48', '2018-07-13 23:28:51', '2018-07-22 14:20:59');
insert into solicita values (94, 46, '2018-06-15 20:18:58', '2018-06-27 16:01:17', '2018-07-01 04:36:08');
insert into solicita values (95, 36, '2018-03-28 18:51:09', '2018-04-15 01:47:27', '2018-04-21 08:32:18');
insert into solicita values (96, 6, '2017-06-23 23:13:20', '2017-07-09 07:14:12', '2017-07-15 21:58:57');
insert into solicita values (97, 68, '2017-04-13 18:18:57', '2017-05-10 16:13:43', '2017-05-17 00:31:39');
insert into solicita values (98, 22, '2018-07-16 00:25:41', '2018-07-30 00:28:39', '2018-08-06 15:34:41');
insert into solicita values (99, 15, '2018-03-09 23:17:01', '2018-03-22 08:31:25', '2018-03-31 20:32:19');
--TABELA SEGMENTO:
insert into segmentoVideo values(1, '2:59:10', 43, '2018-03-14 05:15:23');
insert into segmentoVideo values(2, '2:59:11', 43, '2018-03-14 05:15:23');
insert into segmentoVideo values(3, '2:59:10', 43, '2018-03-14 05:15:23');
insert into segmentoVideo values(4, '2:59:11', 43, '2018-03-14 05:15:23');
insert into segmentoVideo values(5, '2:59:11', 43, '2018-03-14 05:15:23');
insert into segmentoVideo values(1, '3:51:50', 79, '2018-07-03 17:43:09');
insert into segmentoVideo values(2, '3:51:51', 79, '2018-07-03 17:43:09');
insert into segmentoVideo values(3, '3:51:51', 79, '2018-07-03 17:43:09');
insert into segmentoVideo values(4, '3:51:51', 79, '2018-07-03 17:43:09');
insert into segmentoVideo values(1, '6:30:40', 9, '2018-10-05 22:14:38');
insert into segmentoVideo values(2, '6:30:40', 9, '2018-10-05 22:14:38');
insert into segmentoVideo values(3, '6:30:40', 9, '2018-10-05 22:14:38');
insert into segmentoVideo values(1, '3:48:35', 7, '2017-07-16 05:27:29');
insert into segmentoVideo values(2, '3:48:35', 7, '2017-07-16 05:27:29');
insert into segmentoVideo values(1, '5:04:20', 64, '2018-01-03 11:03:25');
insert into segmentoVideo values(2, '5:04:21', 64, '2018-01-03 11:03:25');
insert into segmentoVideo values(3, '5:04:20', 64, '2018-01-03 11:03:25');
insert into segmentoVideo values(4, '5:04:21', 64, '2018-01-03 11:03:25');
insert into segmentoVideo values(1, '3:53:22', 93, '2018-11-10 10:05:29');
insert into segmentoVideo values(2, '3:53:22', 93, '2018-11-10 10:05:29');
insert into segmentoVideo values(3, '3:53:23', 93, '2018-11-10 10:05:29');
insert into segmentoVideo values(4, '3:53:22', 93, '2018-11-10 10:05:29');
insert into segmentoVideo values(5, '3:53:23', 93, '2018-11-10 10:05:29');
insert into segmentoVideo values(1, '4:43:22', 51, '2018-07-03 09:05:59');
insert into segmentoVideo values(2, '4:43:22', 51, '2018-07-03 09:05:59');
insert into segmentoVideo values(3, '4:43:22', 51, '2018-07-03 09:05:59');
insert into segmentoVideo values(4, '4:43:22', 51, '2018-07-03 09:05:59');
insert into segmentoVideo values(5, '4:43:23', 51, '2018-07-03 09:05:59');
insert into segmentoVideo values(1, '4:27:33', 100, '2018-06-20 14:33:36');
insert into segmentoVideo values(2, '4:27:33', 100, '2018-06-20 14:33:36');
insert into segmentoVideo values(3, '4:27:33', 100, '2018-06-20 14:33:36');
insert into segmentoVideo values(4, '4:27:33', 100, '2018-06-20 14:33:36');
insert into segmentoVideo values(5, '4:27:33', 100, '2018-06-20 14:33:36');
insert into segmentoVideo values(1, '9:14:27', 82, '2018-10-17 13:34:40');
insert into segmentoVideo values(2, '9:14:27', 82, '2018-10-17 13:34:40');
insert into segmentoVideo values(1, '1:56:31', 1, '2017-06-24 16:34:26');
insert into segmentoVideo values(2, '1:56:31', 1, '2017-06-24 16:34:26');
insert into segmentoVideo values(3, '1:56:31', 1, '2017-06-24 16:34:26');
insert into segmentoVideo values(4, '1:56:32', 1, '2017-06-24 16:34:26');
insert into segmentoVideo values(1, '2:34:15', 31, '2018-06-13 15:51:32');
insert into segmentoVideo values(2, '2:34:16', 31, '2018-06-13 15:51:32');
insert into segmentoVideo values(3, '2:34:16', 31, '2018-06-13 15:51:32');
insert into segmentoVideo values(1, '1:31:36', 41, '2017-01-03 06:35:34');
insert into segmentoVideo values(2, '1:31:36', 41, '2017-01-03 06:35:34');
insert into segmentoVideo values(3, '1:31:36', 41, '2017-01-03 06:35:34');
insert into segmentoVideo values(4, '1:31:36', 41, '2017-01-03 06:35:34');
insert into segmentoVideo values(5, '1:31:37', 41, '2017-01-03 06:35:34');
insert into segmentoVideo values(1, '3:00:35', 86, '2018-07-05 09:54:40');
insert into segmentoVideo values(2, '3:00:35', 86, '2018-07-05 09:54:40');
insert into segmentoVideo values(3, '3:00:35', 86, '2018-07-05 09:54:40');
insert into segmentoVideo values(1, '7:48:22', 98, '2017-09-18 07:00:33');
insert into segmentoVideo values(2, '7:48:22', 98, '2017-09-18 07:00:33');
insert into segmentoVideo values(1, '3:41:30', 45, '2018-02-16 11:26:35');
insert into segmentoVideo values(2, '3:41:31', 45, '2018-02-16 11:26:35');
insert into segmentoVideo values(1, '2:29:19', 54, '2018-04-11 03:18:38');
insert into segmentoVideo values(2, '2:29:19', 54, '2018-04-11 03:18:38');
insert into segmentoVideo values(3, '2:29:19', 54, '2018-04-11 03:18:38');
insert into segmentoVideo values(4, '2:29:20', 54, '2018-04-11 03:18:38');
insert into segmentoVideo values(1, '0:41:57', 17, '2018-07-18 16:07:36');
insert into segmentoVideo values(2, '0:41:57', 17, '2018-07-18 16:07:36');
insert into segmentoVideo values(3, '0:41:57', 17, '2018-07-18 16:07:36');
insert into segmentoVideo values(4, '0:41:58', 17, '2018-07-18 16:07:36');
insert into segmentoVideo values(1, '4:43:56', 40, '2017-05-28 01:05:28');
insert into segmentoVideo values(2, '4:43:57', 40, '2017-05-28 01:05:28');
insert into segmentoVideo values(3, '4:43:57', 40, '2017-05-28 01:05:28');
insert into segmentoVideo values(1, '5:46:56', 89, '2017-07-16 21:24:03');
insert into segmentoVideo values(2, '5:46:57', 89, '2017-07-16 21:24:03');
insert into segmentoVideo values(3, '5:46:57', 89, '2017-07-16 21:24:03');
insert into segmentoVideo values(1, '9:03:27', 76, '2017-07-27 14:02:51');
insert into segmentoVideo values(2, '9:03:27', 76, '2017-07-27 14:02:51');
insert into segmentoVideo values(1, '1:35:44', 40, '2018-01-12 03:05:56');
insert into segmentoVideo values(2, '1:35:45', 40, '2018-01-12 03:05:56');
insert into segmentoVideo values(3, '1:35:45', 40, '2018-01-12 03:05:56');
insert into segmentoVideo values(4, '1:35:45', 40, '2018-01-12 03:05:56');
insert into segmentoVideo values(1, '2:23:12', 22, '2017-07-25 16:35:00');
insert into segmentoVideo values(2, '2:23:13', 22, '2017-07-25 16:35:00');
insert into segmentoVideo values(1, '5:07:50', 26, '2018-02-23 04:03:40');
insert into segmentoVideo values(2, '5:07:51', 26, '2018-02-23 04:03:40');
insert into segmentoVideo values(3, '5:07:51', 26, '2018-02-23 04:03:40');
insert into segmentoVideo values(1, '0:43:40', 26, '2017-06-20 02:30:14');
insert into segmentoVideo values(2, '0:43:40', 26, '2017-06-20 02:30:14');
insert into segmentoVideo values(1, '0:40:25', 95, '2018-06-24 15:34:22');
insert into segmentoVideo values(2, '0:40:25', 95, '2018-06-24 15:34:22');
insert into segmentoVideo values(3, '0:40:25', 95, '2018-06-24 15:34:22');
insert into segmentoVideo values(4, '0:40:25', 95, '2018-06-24 15:34:22');
insert into segmentoVideo values(1, '2:13:23', 7, '2017-05-14 15:29:35');
insert into segmentoVideo values(2, '2:13:24', 7, '2017-05-14 15:29:35');
insert into segmentoVideo values(1, '4:40:53', 15, '2018-04-15 13:34:01');
insert into segmentoVideo values(2, '4:40:54', 15, '2018-04-15 13:34:01');
insert into segmentoVideo values(3, '4:40:53', 15, '2018-04-15 13:34:01');
insert into segmentoVideo values(4, '4:40:54', 15, '2018-04-15 13:34:01');
insert into segmentoVideo values(1, '3:39:08', 77, '2018-02-13 05:08:31');
insert into segmentoVideo values(2, '3:39:08', 77, '2018-02-13 05:08:31');
insert into segmentoVideo values(3, '3:39:08', 77, '2018-02-13 05:08:31');
insert into segmentoVideo values(4, '3:39:08', 77, '2018-02-13 05:08:31');
insert into segmentoVideo values(5, '3:39:08', 77, '2018-02-13 05:08:31');
insert into segmentoVideo values(1, '4:39:14', 18, '2018-11-23 19:19:09');
insert into segmentoVideo values(2, '4:39:15', 18, '2018-11-23 19:19:09');
insert into segmentoVideo values(3, '4:39:15', 18, '2018-11-23 19:19:09');
insert into segmentoVideo values(1, '10:05:55', 20, '2018-03-22 11:58:03');
insert into segmentoVideo values(2, '10:05:56', 20, '2018-03-22 11:58:03');
insert into segmentoVideo values(1, '0:47:24', 36, '2018-01-05 00:59:35');
insert into segmentoVideo values(2, '0:47:25', 36, '2018-01-05 00:59:35');
insert into segmentoVideo values(3, '0:47:24', 36, '2018-01-05 00:59:35');
insert into segmentoVideo values(4, '0:47:25', 36, '2018-01-05 00:59:35');
insert into segmentoVideo values(5, '0:47:25', 36, '2018-01-05 00:59:35');
insert into segmentoVideo values(1, '4:04:12', 67, '2018-11-20 16:29:42');
insert into segmentoVideo values(2, '4:04:13', 67, '2018-11-20 16:29:42');
insert into segmentoVideo values(3, '4:04:12', 67, '2018-11-20 16:29:42');
insert into segmentoVideo values(4, '4:04:13', 67, '2018-11-20 16:29:42');
insert into segmentoVideo values(1, '11:13:01', 84, '2017-10-28 09:58:01');
insert into segmentoVideo values(2, '11:13:01', 84, '2017-10-28 09:58:01');
insert into segmentoVideo values(1, '1:23:06', 95, '2018-11-05 21:30:58');
insert into segmentoVideo values(2, '1:23:07', 95, '2018-11-05 21:30:58');
insert into segmentoVideo values(3, '1:23:06', 95, '2018-11-05 21:30:58');
insert into segmentoVideo values(4, '1:23:07', 95, '2018-11-05 21:30:58');
insert into segmentoVideo values(1, '4:49:26', 86, '2017-10-02 01:16:16');
insert into segmentoVideo values(2, '4:49:27', 86, '2017-10-02 01:16:16');
insert into segmentoVideo values(3, '4:49:27', 86, '2017-10-02 01:16:16');
insert into segmentoVideo values(1, '4:14:16', 86, '2017-01-25 02:52:22');
insert into segmentoVideo values(2, '4:14:16', 86, '2017-01-25 02:52:22');
insert into segmentoVideo values(1, '5:24:15', 1, '2018-02-16 07:11:52');
insert into segmentoVideo values(2, '5:24:16', 1, '2018-02-16 07:11:52');
insert into segmentoVideo values(3, '5:24:15', 1, '2018-02-16 07:11:52');
insert into segmentoVideo values(4, '5:24:16', 1, '2018-02-16 07:11:52');
insert into segmentoVideo values(1, '0:01:47', 23, '2018-10-18 14:55:19');
insert into segmentoVideo values(2, '0:01:48', 23, '2018-10-18 14:55:19');
insert into segmentoVideo values(3, '0:01:48', 23, '2018-10-18 14:55:19');
insert into segmentoVideo values(4, '0:01:48', 23, '2018-10-18 14:55:19');
insert into segmentoVideo values(5, '0:01:48', 23, '2018-10-18 14:55:19');
insert into segmentoVideo values(1, '1:41:34', 49, '2017-08-28 22:42:51');
insert into segmentoVideo values(2, '1:41:34', 49, '2017-08-28 22:42:51');
insert into segmentoVideo values(3, '1:41:34', 49, '2017-08-28 22:42:51');
insert into segmentoVideo values(4, '1:41:34', 49, '2017-08-28 22:42:51');
insert into segmentoVideo values(1, '4:31:59', 29, '2018-04-22 04:06:41');
insert into segmentoVideo values(2, '4:32:00', 29, '2018-04-22 04:06:41');
insert into segmentoVideo values(3, '4:32:00', 29, '2018-04-22 04:06:41');
insert into segmentoVideo values(4, '4:32:00', 29, '2018-04-22 04:06:41');
insert into segmentoVideo values(1, '1:22:14', 89, '2017-10-05 21:34:06');
insert into segmentoVideo values(2, '1:22:14', 89, '2017-10-05 21:34:06');
insert into segmentoVideo values(3, '1:22:14', 89, '2017-10-05 21:34:06');
insert into segmentoVideo values(4, '1:22:14', 89, '2017-10-05 21:34:06');
insert into segmentoVideo values(5, '1:22:14', 89, '2017-10-05 21:34:06');
insert into segmentoVideo values(1, '1:17:30', 82, '2018-07-17 11:38:30');
insert into segmentoVideo values(2, '1:17:30', 82, '2018-07-17 11:38:30');
insert into segmentoVideo values(3, '1:17:31', 82, '2018-07-17 11:38:30');
insert into segmentoVideo values(1, '3:10:57', 98, '2018-05-25 05:35:39');
insert into segmentoVideo values(2, '3:10:57', 98, '2018-05-25 05:35:39');
insert into segmentoVideo values(3, '3:10:57', 98, '2018-05-25 05:35:39');
insert into segmentoVideo values(4, '3:10:57', 98, '2018-05-25 05:35:39');
insert into segmentoVideo values(5, '3:10:58', 98, '2018-05-25 05:35:39');
insert into segmentoVideo values(1, '5:33:39', 55, '2017-10-10 19:46:53');
insert into segmentoVideo values(2, '5:33:39', 55, '2017-10-10 19:46:53');
insert into segmentoVideo values(3, '5:33:40', 55, '2017-10-10 19:46:53');
insert into segmentoVideo values(1, '4:41:14', 96, '2017-10-29 14:03:49');
insert into segmentoVideo values(2, '4:41:14', 96, '2017-10-29 14:03:49');
insert into segmentoVideo values(1, '7:46:07', 45, '2017-10-25 12:55:36');
insert into segmentoVideo values(2, '7:46:08', 45, '2017-10-25 12:55:36');
insert into segmentoVideo values(1, '1:16:50', 11, '2018-09-03 09:05:50');
insert into segmentoVideo values(2, '1:16:51', 11, '2018-09-03 09:05:50');
insert into segmentoVideo values(3, '1:16:50', 11, '2018-09-03 09:05:50');
insert into segmentoVideo values(4, '1:16:51', 11, '2018-09-03 09:05:50');
insert into segmentoVideo values(1, '0:48:13', 7, '2018-11-10 14:21:12');
insert into segmentoVideo values(2, '0:48:14', 7, '2018-11-10 14:21:12');
insert into segmentoVideo values(3, '0:48:13', 7, '2018-11-10 14:21:12');
insert into segmentoVideo values(4, '0:48:14', 7, '2018-11-10 14:21:12');
insert into segmentoVideo values(5, '0:48:14', 7, '2018-11-10 14:21:12');
insert into segmentoVideo values(1, '4:32:51', 42, '2017-07-23 17:45:00');
insert into segmentoVideo values(2, '4:32:52', 42, '2017-07-23 17:45:00');
insert into segmentoVideo values(3, '4:32:51', 42, '2017-07-23 17:45:00');
insert into segmentoVideo values(4, '4:32:52', 42, '2017-07-23 17:45:00');
insert into segmentoVideo values(5, '4:32:52', 42, '2017-07-23 17:45:00');
insert into segmentoVideo values(1, '0:31:47', 13, '2017-12-12 20:40:09');
insert into segmentoVideo values(2, '0:31:47', 13, '2017-12-12 20:40:09');
insert into segmentoVideo values(3, '0:31:47', 13, '2017-12-12 20:40:09');
insert into segmentoVideo values(4, '0:31:47', 13, '2017-12-12 20:40:09');
insert into segmentoVideo values(5, '0:31:47', 13, '2017-12-12 20:40:09');
insert into segmentoVideo values(1, '2:53:57', 76, '2017-12-23 15:13:32');
insert into segmentoVideo values(2, '2:53:57', 76, '2017-12-23 15:13:32');
insert into segmentoVideo values(3, '2:53:58', 76, '2017-12-23 15:13:32');
insert into segmentoVideo values(1, '3:41:42', 53, '2017-08-08 01:43:33');
insert into segmentoVideo values(2, '3:41:42', 53, '2017-08-08 01:43:33');
insert into segmentoVideo values(3, '3:41:43', 53, '2017-08-08 01:43:33');
insert into segmentoVideo values(4, '3:41:42', 53, '2017-08-08 01:43:33');
insert into segmentoVideo values(5, '3:41:43', 53, '2017-08-08 01:43:33');
insert into segmentoVideo values(1, '6:03:22', 80, '2018-08-31 03:21:42');
insert into segmentoVideo values(2, '6:03:23', 80, '2018-08-31 03:21:42');
insert into segmentoVideo values(3, '6:03:23', 80, '2018-08-31 03:21:42');
insert into segmentoVideo values(1, '0:50:04', 87, '2017-09-11 20:14:59');
insert into segmentoVideo values(2, '0:50:04', 87, '2017-09-11 20:14:59');
insert into segmentoVideo values(3, '0:50:04', 87, '2017-09-11 20:14:59');
insert into segmentoVideo values(4, '0:50:05', 87, '2017-09-11 20:14:59');
insert into segmentoVideo values(1, '2:07:03', 56, '2018-02-12 05:30:24');
insert into segmentoVideo values(2, '2:07:03', 56, '2018-02-12 05:30:24');
insert into segmentoVideo values(3, '2:07:03', 56, '2018-02-12 05:30:24');
insert into segmentoVideo values(1, '1:07:33', 45, '2018-10-15 21:29:39');
insert into segmentoVideo values(2, '1:07:33', 45, '2018-10-15 21:29:39');
insert into segmentoVideo values(3, '1:07:33', 45, '2018-10-15 21:29:39');
insert into segmentoVideo values(4, '1:07:33', 45, '2018-10-15 21:29:39');
insert into segmentoVideo values(1, '0:00:47', 73, '2018-08-15 16:50:50');
insert into segmentoVideo values(2, '0:00:48', 73, '2018-08-15 16:50:50');
insert into segmentoVideo values(1, '3:57:02', 2, '2017-09-22 04:56:39');
insert into segmentoVideo values(2, '3:57:03', 2, '2017-09-22 04:56:39');
insert into segmentoVideo values(3, '3:57:03', 2, '2017-09-22 04:56:39');
insert into segmentoVideo values(4, '3:57:03', 2, '2017-09-22 04:56:39');
insert into segmentoVideo values(1, '3:44:16', 44, '2017-07-21 13:19:52');
insert into segmentoVideo values(2, '3:44:16', 44, '2017-07-21 13:19:52');
insert into segmentoVideo values(3, '3:44:17', 44, '2017-07-21 13:19:52');
insert into segmentoVideo values(4, '3:44:16', 44, '2017-07-21 13:19:52');
insert into segmentoVideo values(5, '3:44:17', 44, '2017-07-21 13:19:52');
insert into segmentoVideo values(1, '11:13:12', 27, '2018-06-02 04:01:32');
insert into segmentoVideo values(2, '11:13:13', 27, '2018-06-02 04:01:32');
insert into segmentoVideo values(1, '9:28:20', 91, '2017-05-21 12:17:49');
insert into segmentoVideo values(2, '9:28:20', 91, '2017-05-21 12:17:49');
insert into segmentoVideo values(1, '3:53:04', 52, '2017-11-04 09:03:55');
insert into segmentoVideo values(2, '3:53:05', 52, '2017-11-04 09:03:55');
insert into segmentoVideo values(1, '1:01:04', 31, '2017-01-05 05:18:52');
insert into segmentoVideo values(2, '1:01:04', 31, '2017-01-05 05:18:52');
insert into segmentoVideo values(3, '1:01:05', 31, '2017-01-05 05:18:52');
insert into segmentoVideo values(1, '5:18:26', 79, '2018-07-10 22:13:20');
insert into segmentoVideo values(2, '5:18:26', 79, '2018-07-10 22:13:20');
insert into segmentoVideo values(3, '5:18:27', 79, '2018-07-10 22:13:20');
insert into segmentoVideo values(1, '6:31:22', 74, '2017-11-06 05:54:00');
insert into segmentoVideo values(2, '6:31:22', 74, '2017-11-06 05:54:00');
insert into segmentoVideo values(3, '6:31:22', 74, '2017-11-06 05:54:00');
insert into segmentoVideo values(1, '0:21:44', 81, '2018-11-08 07:36:42');
insert into segmentoVideo values(2, '0:21:45', 81, '2018-11-08 07:36:42');
insert into segmentoVideo values(3, '0:21:45', 81, '2018-11-08 07:36:42');
insert into segmentoVideo values(1, '3:11:54', 66, '2018-07-05 04:33:17');
insert into segmentoVideo values(2, '3:11:55', 66, '2018-07-05 04:33:17');
insert into segmentoVideo values(3, '3:11:55', 66, '2018-07-05 04:33:17');
insert into segmentoVideo values(4, '3:11:55', 66, '2018-07-05 04:33:17');
insert into segmentoVideo values(1, '3:21:03', 65, '2017-07-29 14:50:35');
insert into segmentoVideo values(2, '3:21:04', 65, '2017-07-29 14:50:35');
insert into segmentoVideo values(3, '3:21:03', 65, '2017-07-29 14:50:35');
insert into segmentoVideo values(4, '3:21:04', 65, '2017-07-29 14:50:35');
insert into segmentoVideo values(5, '3:21:04', 65, '2017-07-29 14:50:35');
insert into segmentoVideo values(1, '2:33:03', 85, '2018-05-04 07:16:45');
insert into segmentoVideo values(2, '2:33:03', 85, '2018-05-04 07:16:45');
insert into segmentoVideo values(3, '2:33:03', 85, '2018-05-04 07:16:45');
insert into segmentoVideo values(4, '2:33:03', 85, '2018-05-04 07:16:45');
insert into segmentoVideo values(5, '2:33:03', 85, '2018-05-04 07:16:45');
insert into segmentoVideo values(1, '4:00:09', 30, '2018-10-23 07:00:56');
insert into segmentoVideo values(2, '4:00:10', 30, '2018-10-23 07:00:56');
insert into segmentoVideo values(1, '1:42:01', 45, '2018-06-06 17:22:36');
insert into segmentoVideo values(2, '1:42:02', 45, '2018-06-06 17:22:36');
insert into segmentoVideo values(3, '1:42:02', 45, '2018-06-06 17:22:36');
insert into segmentoVideo values(1, '7:33:22', 40, '2018-04-24 06:25:29');
insert into segmentoVideo values(2, '7:33:23', 40, '2018-04-24 06:25:29');
insert into segmentoVideo values(3, '7:33:23', 40, '2018-04-24 06:25:29');
insert into segmentoVideo values(1, '0:33:09', 54, '2017-06-28 10:24:28');
insert into segmentoVideo values(2, '0:33:09', 54, '2017-06-28 10:24:28');
insert into segmentoVideo values(3, '0:33:09', 54, '2017-06-28 10:24:28');
insert into segmentoVideo values(4, '0:33:09', 54, '2017-06-28 10:24:28');
insert into segmentoVideo values(1, '3:41:59', 64, '2018-06-15 10:34:16');
insert into segmentoVideo values(2, '3:42:00', 64, '2018-06-15 10:34:16');
insert into segmentoVideo values(3, '3:42:00', 64, '2018-06-15 10:34:16');
insert into segmentoVideo values(1, '3:12:51', 36, '2018-01-12 20:17:56');
insert into segmentoVideo values(2, '3:12:51', 36, '2018-01-12 20:17:56');
insert into segmentoVideo values(3, '3:12:52', 36, '2018-01-12 20:17:56');
insert into segmentoVideo values(1, '0:22:54', 44, '2018-06-20 23:40:23');
insert into segmentoVideo values(2, '0:22:54', 44, '2018-06-20 23:40:23');
insert into segmentoVideo values(3, '0:22:54', 44, '2018-06-20 23:40:23');
insert into segmentoVideo values(4, '0:22:54', 44, '2018-06-20 23:40:23');
insert into segmentoVideo values(5, '0:22:54', 44, '2018-06-20 23:40:23');
insert into segmentoVideo values(1, '1:45:59', 5, '2017-05-08 17:48:19');
insert into segmentoVideo values(2, '1:45:59', 5, '2017-05-08 17:48:19');
insert into segmentoVideo values(3, '1:46:00', 5, '2017-05-08 17:48:19');
insert into segmentoVideo values(1, '3:47:32', 87, '2017-05-09 03:18:46');
insert into segmentoVideo values(2, '3:47:32', 87, '2017-05-09 03:18:46');
insert into segmentoVideo values(3, '3:47:33', 87, '2017-05-09 03:18:46');
insert into segmentoVideo values(1, '1:02:23', 30, '2017-03-20 20:05:14');
insert into segmentoVideo values(2, '1:02:24', 30, '2017-03-20 20:05:14');
insert into segmentoVideo values(3, '1:02:23', 30, '2017-03-20 20:05:14');
insert into segmentoVideo values(4, '1:02:24', 30, '2017-03-20 20:05:14');
insert into segmentoVideo values(5, '1:02:24', 30, '2017-03-20 20:05:14');
insert into segmentoVideo values(1, '5:24:28', 44, '2018-01-04 11:27:29');
insert into segmentoVideo values(2, '5:24:28', 44, '2018-01-04 11:27:29');
insert into segmentoVideo values(3, '5:24:28', 44, '2018-01-04 11:27:29');
insert into segmentoVideo values(4, '5:24:29', 44, '2018-01-04 11:27:29');
insert into segmentoVideo values(1, '3:40:56', 85, '2018-10-04 01:41:44');
insert into segmentoVideo values(2, '3:40:57', 85, '2018-10-04 01:41:44');
insert into segmentoVideo values(3, '3:40:57', 85, '2018-10-04 01:41:44');
insert into segmentoVideo values(4, '3:40:57', 85, '2018-10-04 01:41:44');
insert into segmentoVideo values(1, '4:13:13', 98, '2017-08-26 11:54:04');
insert into segmentoVideo values(2, '4:13:13', 98, '2017-08-26 11:54:04');
insert into segmentoVideo values(3, '4:13:13', 98, '2017-08-26 11:54:04');
insert into segmentoVideo values(1, '0:36:25', 52, '2017-08-16 07:40:41');
insert into segmentoVideo values(2, '0:36:26', 52, '2017-08-16 07:40:41');
insert into segmentoVideo values(3, '0:36:26', 52, '2017-08-16 07:40:41');
insert into segmentoVideo values(4, '0:36:26', 52, '2017-08-16 07:40:41');
insert into segmentoVideo values(1, '9:51:36', 78, '2018-08-14 11:00:20');
insert into segmentoVideo values(2, '9:51:37', 78, '2018-08-14 11:00:20');
insert into segmentoVideo values(1, '4:10:35', 83, '2018-08-20 03:04:11');
insert into segmentoVideo values(2, '4:10:35', 83, '2018-08-20 03:04:11');
insert into segmentoVideo values(3, '4:10:36', 83, '2018-08-20 03:04:11');
insert into segmentoVideo values(1, '3:55:37', 41, '2017-07-20 14:49:30');
insert into segmentoVideo values(2, '3:55:38', 41, '2017-07-20 14:49:30');
insert into segmentoVideo values(3, '3:55:38', 41, '2017-07-20 14:49:30');
insert into segmentoVideo values(4, '3:55:38', 41, '2017-07-20 14:49:30');
insert into segmentoVideo values(1, '3:51:34', 14, '2018-03-23 18:47:03');
insert into segmentoVideo values(2, '3:51:34', 14, '2018-03-23 18:47:03');
insert into segmentoVideo values(3, '3:51:34', 14, '2018-03-23 18:47:03');
insert into segmentoVideo values(4, '3:51:34', 14, '2018-03-23 18:47:03');
insert into segmentoVideo values(5, '3:51:34', 14, '2018-03-23 18:47:03');
insert into segmentoVideo values(1, '5:07:13', 85, '2018-04-29 09:58:04');
insert into segmentoVideo values(2, '5:07:13', 85, '2018-04-29 09:58:04');
insert into segmentoVideo values(3, '5:07:13', 85, '2018-04-29 09:58:04');
insert into segmentoVideo values(4, '5:07:13', 85, '2018-04-29 09:58:04');
insert into segmentoVideo values(1, '1:43:34', 2, '2018-07-16 09:29:05');
insert into segmentoVideo values(2, '1:43:35', 2, '2018-07-16 09:29:05');
insert into segmentoVideo values(3, '1:43:35', 2, '2018-07-16 09:29:05');
insert into segmentoVideo values(4, '1:43:35', 2, '2018-07-16 09:29:05');
insert into segmentoVideo values(1, '1:11:43', 99, '2017-06-05 18:00:52');
insert into segmentoVideo values(2, '1:11:44', 99, '2017-06-05 18:00:52');
insert into segmentoVideo values(1, '1:14:47', 43, '2017-09-19 19:17:56');
insert into segmentoVideo values(2, '1:14:47', 43, '2017-09-19 19:17:56');
insert into segmentoVideo values(1, '1:22:30', 72, '2017-06-19 09:50:06');
insert into segmentoVideo values(2, '1:22:31', 72, '2017-06-19 09:50:06');
insert into segmentoVideo values(3, '1:22:31', 72, '2017-06-19 09:50:06');
insert into segmentoVideo values(1, '3:19:59', 53, '2017-06-08 03:35:30');
insert into segmentoVideo values(2, '3:19:59', 53, '2017-06-08 03:35:30');
insert into segmentoVideo values(1, '2:45:12', 99, '2018-07-07 05:39:48');
insert into segmentoVideo values(2, '2:45:13', 99, '2018-07-07 05:39:48');
insert into segmentoVideo values(3, '2:45:13', 99, '2018-07-07 05:39:48');
insert into segmentoVideo values(1, '2:11:09', 46, '2018-06-15 20:18:58');
insert into segmentoVideo values(2, '2:11:09', 46, '2018-06-15 20:18:58');
insert into segmentoVideo values(3, '2:11:09', 46, '2018-06-15 20:18:58');
insert into segmentoVideo values(4, '2:11:09', 46, '2018-06-15 20:18:58');
insert into segmentoVideo values(5, '2:11:09', 46, '2018-06-15 20:18:58');
insert into segmentoVideo values(1, '5:25:12', 36, '2018-03-28 18:51:09');
insert into segmentoVideo values(2, '5:25:12', 36, '2018-03-28 18:51:09');
insert into segmentoVideo values(3, '5:25:12', 36, '2018-03-28 18:51:09');
insert into segmentoVideo values(4, '5:25:13', 36, '2018-03-28 18:51:09');
insert into segmentoVideo values(1, '7:15:02', 6, '2017-06-23 23:13:20');
insert into segmentoVideo values(2, '7:15:02', 6, '2017-06-23 23:13:20');
insert into segmentoVideo values(1, '8:39:15', 68, '2017-04-13 18:18:57');
insert into segmentoVideo values(2, '8:39:16', 68, '2017-04-13 18:18:57');
insert into segmentoVideo values(1, '4:15:41', 22, '2018-07-16 00:25:41');
insert into segmentoVideo values(2, '4:15:42', 22, '2018-07-16 00:25:41');
insert into segmentoVideo values(1, '5:38:53', 15, '2018-03-09 23:17:01');
insert into segmentoVideo values(2, '5:38:54', 15, '2018-03-09 23:17:01');
insert into segmentoVideo values(3, '5:38:54', 15, '2018-03-09 23:17:01');
