--TABELA CAMARA:
insert into camara values (1);
insert into camara values (2);
insert into camara values (3);
insert into camara values (4);
insert into camara values (5);
insert into camara values (6);
insert into camara values (7);
insert into camara values (8);
insert into camara values (9);
insert into camara values (10);
insert into camara values (11);
insert into camara values (12);
insert into camara values (13);
insert into camara values (14);
insert into camara values (15);
insert into camara values (16);
insert into camara values (17);
insert into camara values (18);
insert into camara values (19);
insert into camara values (20);
insert into camara values (21);
insert into camara values (22);
insert into camara values (23);
insert into camara values (24);
insert into camara values (25);
insert into camara values (26);
insert into camara values (27);
insert into camara values (28);
insert into camara values (29);
insert into camara values (30);
insert into camara values (31);
insert into camara values (32);
insert into camara values (33);
insert into camara values (34);
insert into camara values (35);
insert into camara values (36);
insert into camara values (37);
insert into camara values (38);
insert into camara values (39);
insert into camara values (40);
insert into camara values (41);
insert into camara values (42);
insert into camara values (43);
insert into camara values (44);
insert into camara values (45);
insert into camara values (46);
insert into camara values (47);
insert into camara values (48);
insert into camara values (49);
insert into camara values (50);
insert into camara values (51);
insert into camara values (52);
insert into camara values (53);
insert into camara values (54);
insert into camara values (55);
insert into camara values (56);
insert into camara values (57);
insert into camara values (58);
insert into camara values (59);
insert into camara values (60);
insert into camara values (61);
insert into camara values (62);
insert into camara values (63);
insert into camara values (64);
insert into camara values (65);
insert into camara values (66);
insert into camara values (67);
insert into camara values (68);
insert into camara values (69);
insert into camara values (70);
insert into camara values (71);
insert into camara values (72);
insert into camara values (73);
insert into camara values (74);
insert into camara values (75);
insert into camara values (76);
insert into camara values (77);
insert into camara values (78);
insert into camara values (79);
insert into camara values (80);
insert into camara values (81);
insert into camara values (82);
insert into camara values (83);
insert into camara values (84);
insert into camara values (85);
insert into camara values (86);
insert into camara values (87);
insert into camara values (88);
insert into camara values (89);
insert into camara values (90);
insert into camara values (91);
insert into camara values (92);
insert into camara values (93);
insert into camara values (94);
insert into camara values (95);
insert into camara values (96);
insert into camara values (97);
insert into camara values (98);
insert into camara values (99);
insert into camara values (100);


--TABELA VIDEO:
insert into video values ('2017-08-08 14:43:24', '2017-08-09 12:21:36', 29);
insert into video values ('2017-01-09 21:34:49', '2017-01-10 17:02:21', 74);
insert into video values ('2017-12-14 09:54:36', '2017-12-14 15:16:51', 27);
insert into video values ('2018-08-08 08:25:44', '2018-08-08 12:38:52', 63);
insert into video values ('2018-11-02 06:14:28', '2018-11-02 23:51:02', 1);
insert into video values ('2017-09-25 17:56:35', '2017-09-26 08:33:47', 95);
insert into video values ('2017-05-20 22:33:41', '2017-05-21 04:18:45', 48);
insert into video values ('2018-10-14 23:55:54', '2018-10-15 11:08:34', 89);
insert into video values ('2018-06-21 13:06:31', '2018-06-21 22:42:27', 20);
insert into video values ('2018-10-18 14:32:29', '2018-10-19 12:03:41', 77);
insert into video values ('2018-03-07 08:26:29', '2018-03-07 16:35:24', 23);
insert into video values ('2017-11-22 16:55:23', '2017-11-23 11:50:28', 85);
insert into video values ('2017-07-19 04:01:45', '2017-07-19 06:54:43', 91);
insert into video values ('2018-04-18 18:30:19', '2018-04-18 18:45:39', 22);
insert into video values ('2018-07-15 04:50:22', '2018-07-16 01:20:47', 5);
insert into video values ('2017-11-01 02:49:23', '2017-11-02 02:39:27', 69);
insert into video values ('2017-04-11 18:59:29', '2017-04-12 04:59:57', 23);
insert into video values ('2018-11-22 16:00:15', '2018-11-22 21:49:43', 54);
insert into video values ('2018-01-17 01:13:32', '2018-01-17 05:06:57', 29);
insert into video values ('2017-12-20 04:43:36', '2017-12-21 04:30:48', 46);
insert into video values ('2017-02-22 00:29:34', '2017-02-22 08:21:18', 67);
insert into video values ('2018-01-03 18:47:26', '2018-01-03 22:42:35', 24);
insert into video values ('2017-04-03 12:47:26', '2017-04-04 10:28:27', 36);
insert into video values ('2018-07-10 13:50:38', '2018-07-10 22:01:17', 21);
insert into video values ('2018-07-18 13:43:00', '2018-07-19 13:37:23', 6);
insert into video values ('2018-05-12 00:51:36', '2018-05-12 21:20:57', 80);
insert into video values ('2017-08-22 20:24:52', '2017-08-22 22:42:48', 64);
insert into video values ('2018-06-05 23:18:34', '2018-06-06 04:03:28', 46);
insert into video values ('2018-06-07 13:06:30', '2018-06-08 01:02:13', 77);
insert into video values ('2017-06-04 15:12:04', '2017-06-04 16:27:53', 70);
insert into video values ('2018-01-29 13:29:33', '2018-01-30 04:23:29', 88);
insert into video values ('2018-01-20 06:45:44', '2018-01-21 01:11:08', 83);
insert into video values ('2017-12-20 03:23:35', '2017-12-20 10:28:39', 40);
insert into video values ('2018-11-01 17:06:21', '2018-11-01 20:20:51', 97);
insert into video values ('2017-01-13 06:25:39', '2017-01-13 18:19:12', 2);
insert into video values ('2018-10-04 03:20:14', '2018-10-04 10:51:01', 95);
insert into video values ('2017-04-09 18:00:24', '2017-04-10 05:54:13', 99);
insert into video values ('2018-08-24 10:37:18', '2018-08-25 07:49:58', 84);
insert into video values ('2018-02-24 22:05:15', '2018-02-25 20:51:53', 54);
insert into video values ('2018-11-06 17:45:33', '2018-11-06 21:23:27', 100);
insert into video values ('2017-03-27 16:23:42', '2017-03-28 03:58:03', 35);
insert into video values ('2018-01-13 12:15:06', '2018-01-14 07:50:04', 13);
insert into video values ('2017-09-01 06:23:29', '2017-09-01 22:34:16', 99);
insert into video values ('2018-04-07 19:57:23', '2018-04-08 15:35:50', 20);
insert into video values ('2018-06-05 12:29:45', '2018-06-06 08:24:11', 16);
insert into video values ('2017-10-24 23:39:52', '2017-10-25 17:31:44', 19);
insert into video values ('2018-03-13 04:13:54', '2018-03-13 12:20:27', 31);
insert into video values ('2018-08-10 10:26:26', '2018-08-10 15:39:58', 30);
insert into video values ('2018-03-26 12:07:07', '2018-03-26 19:42:43', 59);
insert into video values ('2017-11-02 03:34:25', '2017-11-02 19:45:12', 39);
insert into video values ('2017-04-01 00:50:51', '2017-04-01 07:24:19', 90);
insert into video values ('2017-10-26 22:24:42', '2017-10-27 17:07:31', 97);
insert into video values ('2017-09-20 07:52:37', '2017-09-21 01:07:05', 84);
insert into video values ('2017-01-05 22:59:48', '2017-01-06 01:56:08', 18);
insert into video values ('2017-11-08 08:31:16', '2017-11-09 05:38:26', 6);
insert into video values ('2017-12-06 11:28:15', '2017-12-07 05:54:06', 91);
insert into video values ('2017-10-24 06:49:43', '2017-10-24 09:18:11', 64);
insert into video values ('2018-09-10 04:09:08', '2018-09-10 08:09:54', 6);
insert into video values ('2018-03-26 13:31:18', '2018-03-27 12:52:02', 78);
insert into video values ('2017-07-16 23:41:51', '2017-07-17 02:40:19', 56);
insert into video values ('2018-03-05 12:03:27', '2018-03-05 13:44:06', 36);
insert into video values ('2017-01-04 17:32:13', '2017-01-05 06:43:30', 90);
insert into video values ('2017-03-20 14:44:05', '2017-03-20 22:56:57', 45);
insert into video values ('2018-11-05 20:38:27', '2018-11-06 04:46:38', 16);
insert into video values ('2018-05-11 05:29:45', '2018-05-12 04:52:35', 100);
insert into video values ('2017-02-07 21:08:16', '2017-02-08 09:28:00', 95);
insert into video values ('2017-10-17 12:08:46', '2017-10-17 21:23:35', 54);
insert into video values ('2017-10-06 18:16:57', '2017-10-07 05:27:58', 34);
insert into video values ('2018-09-09 14:54:43', '2018-09-09 19:52:47', 99);
insert into video values ('2017-11-01 12:31:19', '2017-11-02 06:07:10', 97);
insert into video values ('2018-03-20 16:28:30', '2018-03-20 21:16:30', 72);
insert into video values ('2017-07-16 10:47:14', '2017-07-17 03:51:28', 49);
insert into video values ('2017-03-05 15:14:42', '2017-03-05 17:04:45', 78);
insert into video values ('2018-10-18 20:16:35', '2018-10-19 02:10:43', 49);
insert into video values ('2017-06-01 03:31:01', '2017-06-01 21:14:37', 55);
insert into video values ('2017-11-05 06:23:46', '2017-11-05 16:21:55', 52);
insert into video values ('2017-11-09 12:00:03', '2017-11-09 20:54:33', 31);
insert into video values ('2018-03-06 06:50:33', '2018-03-07 05:32:40', 74);
insert into video values ('2017-03-27 02:34:28', '2017-03-27 22:01:09', 44);
insert into video values ('2018-07-19 22:42:45', '2018-07-20 22:42:22', 16);
insert into video values ('2017-05-11 18:16:41', '2017-05-12 13:22:07', 12);
insert into video values ('2018-08-23 10:26:34', '2018-08-24 02:49:07', 73);
insert into video values ('2018-06-17 14:58:27', '2018-06-18 08:05:17', 46);
insert into video values ('2018-10-24 02:02:27', '2018-10-24 10:00:04', 69);
insert into video values ('2017-11-13 09:22:54', '2017-11-14 06:00:01', 75);
insert into video values ('2017-03-27 03:13:00', '2017-03-27 18:45:47', 22);
insert into video values ('2017-09-06 13:22:03', '2017-09-06 20:14:08', 90);
insert into video values ('2018-03-25 09:25:15', '2018-03-25 14:15:07', 66);
insert into video values ('2018-10-23 19:44:01', '2018-10-24 02:26:36', 12);
insert into video values ('2017-11-22 18:35:46', '2017-11-22 23:32:59', 47);
insert into video values ('2018-03-11 05:55:46', '2018-03-11 23:16:15', 28);
insert into video values ('2018-08-28 07:02:55', '2018-08-28 07:23:41', 26);
insert into video values ('2017-08-07 02:04:34', '2017-08-07 15:48:34', 8);
insert into video values ('2017-10-05 05:09:29', '2017-10-05 08:24:03', 98);
insert into video values ('2017-10-18 13:14:00', '2017-10-19 06:17:12', 32);
insert into video values ('2017-02-26 23:41:46', '2017-02-27 00:20:09', 49);
insert into video values ('2017-01-22 06:14:19', '2017-01-22 14:03:21', 86);
insert into video values ('2018-01-07 20:36:23', '2018-01-08 12:15:50', 46);
insert into video values ('2018-05-09 01:32:11', '2018-05-09 14:45:35', 22);
insert into video values ('2018-07-21 07:48:23', '2018-07-21 20:30:28', 79);

--TABELA SEGMENTO:
insert into segmentoVideo values(1, '10:49:06', 29, '2017-08-08 14:43:24');
insert into segmentoVideo values(2, '10:49:06', 29, '2017-08-08 14:43:24');
insert into segmentoVideo values(1, '9:43:46', 74, '2017-01-09 21:34:49');
insert into segmentoVideo values(2, '9:43:46', 74, '2017-01-09 21:34:49');
insert into segmentoVideo values(1, '1:04:27', 27, '2017-12-14 09:54:36');
insert into segmentoVideo values(2, '1:04:27', 27, '2017-12-14 09:54:36');
insert into segmentoVideo values(3, '1:04:27', 27, '2017-12-14 09:54:36');
insert into segmentoVideo values(4, '1:04:27', 27, '2017-12-14 09:54:36');
insert into segmentoVideo values(5, '1:04:27', 27, '2017-12-14 09:54:36');
insert into segmentoVideo values(1, '0:50:37', 63, '2018-08-08 08:25:44');
insert into segmentoVideo values(2, '0:50:38', 63, '2018-08-08 08:25:44');
insert into segmentoVideo values(3, '0:50:37', 63, '2018-08-08 08:25:44');
insert into segmentoVideo values(4, '0:50:38', 63, '2018-08-08 08:25:44');
insert into segmentoVideo values(5, '0:50:38', 63, '2018-08-08 08:25:44');
insert into segmentoVideo values(1, '5:52:11', 1, '2018-11-02 06:14:28');
insert into segmentoVideo values(2, '5:52:11', 1, '2018-11-02 06:14:28');
insert into segmentoVideo values(3, '5:52:12', 1, '2018-11-02 06:14:28');
insert into segmentoVideo values(1, '3:39:18', 95, '2017-09-25 17:56:35');
insert into segmentoVideo values(2, '3:39:18', 95, '2017-09-25 17:56:35');
insert into segmentoVideo values(3, '3:39:18', 95, '2017-09-25 17:56:35');
insert into segmentoVideo values(4, '3:39:18', 95, '2017-09-25 17:56:35');
insert into segmentoVideo values(1, '1:26:16', 48, '2017-05-20 22:33:41');
insert into segmentoVideo values(2, '1:26:16', 48, '2017-05-20 22:33:41');
insert into segmentoVideo values(3, '1:26:16', 48, '2017-05-20 22:33:41');
insert into segmentoVideo values(4, '1:26:16', 48, '2017-05-20 22:33:41');
insert into segmentoVideo values(1, '3:44:13', 89, '2018-10-14 23:55:54');
insert into segmentoVideo values(2, '3:44:13', 89, '2018-10-14 23:55:54');
insert into segmentoVideo values(3, '3:44:14', 89, '2018-10-14 23:55:54');
insert into segmentoVideo values(1, '3:11:58', 20, '2018-06-21 13:06:31');
insert into segmentoVideo values(2, '3:11:59', 20, '2018-06-21 13:06:31');
insert into segmentoVideo values(3, '3:11:59', 20, '2018-06-21 13:06:31');
insert into segmentoVideo values(1, '7:10:24', 77, '2018-10-18 14:32:29');
insert into segmentoVideo values(2, '7:10:24', 77, '2018-10-18 14:32:29');
insert into segmentoVideo values(3, '7:10:24', 77, '2018-10-18 14:32:29');
insert into segmentoVideo values(1, '1:37:47', 23, '2018-03-07 08:26:29');
insert into segmentoVideo values(2, '1:37:47', 23, '2018-03-07 08:26:29');
insert into segmentoVideo values(3, '1:37:47', 23, '2018-03-07 08:26:29');
insert into segmentoVideo values(4, '1:37:47', 23, '2018-03-07 08:26:29');
insert into segmentoVideo values(5, '1:37:47', 23, '2018-03-07 08:26:29');
insert into segmentoVideo values(1, '9:27:32', 85, '2017-11-22 16:55:23');
insert into segmentoVideo values(2, '9:27:33', 85, '2017-11-22 16:55:23');
insert into segmentoVideo values(1, '1:26:29', 91, '2017-07-19 04:01:45');
insert into segmentoVideo values(2, '1:26:29', 91, '2017-07-19 04:01:45');
insert into segmentoVideo values(1, '0:03:50', 22, '2018-04-18 18:30:19');
insert into segmentoVideo values(2, '0:03:50', 22, '2018-04-18 18:30:19');
insert into segmentoVideo values(3, '0:03:50', 22, '2018-04-18 18:30:19');
insert into segmentoVideo values(4, '0:03:50', 22, '2018-04-18 18:30:19');
insert into segmentoVideo values(1, '4:06:05', 5, '2018-07-15 04:50:22');
insert into segmentoVideo values(2, '4:06:05', 5, '2018-07-15 04:50:22');
insert into segmentoVideo values(3, '4:06:05', 5, '2018-07-15 04:50:22');
insert into segmentoVideo values(4, '4:06:05', 5, '2018-07-15 04:50:22');
insert into segmentoVideo values(5, '4:06:05', 5, '2018-07-15 04:50:22');
insert into segmentoVideo values(1, '4:46:00', 69, '2017-11-01 02:49:23');
insert into segmentoVideo values(2, '4:46:01', 69, '2017-11-01 02:49:23');
insert into segmentoVideo values(3, '4:46:01', 69, '2017-11-01 02:49:23');
insert into segmentoVideo values(4, '4:46:01', 69, '2017-11-01 02:49:23');
insert into segmentoVideo values(5, '4:46:01', 69, '2017-11-01 02:49:23');
insert into segmentoVideo values(1, '3:20:09', 23, '2017-04-11 18:59:29');
insert into segmentoVideo values(2, '3:20:09', 23, '2017-04-11 18:59:29');
insert into segmentoVideo values(3, '3:20:10', 23, '2017-04-11 18:59:29');
insert into segmentoVideo values(1, '2:54:44', 54, '2018-11-22 16:00:15');
insert into segmentoVideo values(2, '2:54:44', 54, '2018-11-22 16:00:15');
insert into segmentoVideo values(1, '0:58:21', 29, '2018-01-17 01:13:32');
insert into segmentoVideo values(2, '0:58:21', 29, '2018-01-17 01:13:32');
insert into segmentoVideo values(3, '0:58:21', 29, '2018-01-17 01:13:32');
insert into segmentoVideo values(4, '0:58:22', 29, '2018-01-17 01:13:32');
insert into segmentoVideo values(1, '11:53:36', 46, '2017-12-20 04:43:36');
insert into segmentoVideo values(2, '11:53:36', 46, '2017-12-20 04:43:36');
insert into segmentoVideo values(1, '1:34:20', 67, '2017-02-22 00:29:34');
insert into segmentoVideo values(2, '1:34:21', 67, '2017-02-22 00:29:34');
insert into segmentoVideo values(3, '1:34:21', 67, '2017-02-22 00:29:34');
insert into segmentoVideo values(4, '1:34:21', 67, '2017-02-22 00:29:34');
insert into segmentoVideo values(5, '1:34:21', 67, '2017-02-22 00:29:34');
insert into segmentoVideo values(1, '1:57:34', 24, '2018-01-03 18:47:26');
insert into segmentoVideo values(2, '1:57:35', 24, '2018-01-03 18:47:26');
insert into segmentoVideo values(1, '7:13:40', 36, '2017-04-03 12:47:26');
insert into segmentoVideo values(2, '7:13:40', 36, '2017-04-03 12:47:26');
insert into segmentoVideo values(3, '7:13:41', 36, '2017-04-03 12:47:26');
insert into segmentoVideo values(1, '1:38:07', 21, '2018-07-10 13:50:38');
insert into segmentoVideo values(2, '1:38:08', 21, '2018-07-10 13:50:38');
insert into segmentoVideo values(3, '1:38:08', 21, '2018-07-10 13:50:38');
insert into segmentoVideo values(4, '1:38:08', 21, '2018-07-10 13:50:38');
insert into segmentoVideo values(5, '1:38:08', 21, '2018-07-10 13:50:38');
insert into segmentoVideo values(1, '7:58:07', 6, '2018-07-18 13:43:00');
insert into segmentoVideo values(2, '7:58:08', 6, '2018-07-18 13:43:00');
insert into segmentoVideo values(3, '7:58:08', 6, '2018-07-18 13:43:00');
insert into segmentoVideo values(1, '4:05:52', 80, '2018-05-12 00:51:36');
insert into segmentoVideo values(2, '4:05:52', 80, '2018-05-12 00:51:36');
insert into segmentoVideo values(3, '4:05:52', 80, '2018-05-12 00:51:36');
insert into segmentoVideo values(4, '4:05:52', 80, '2018-05-12 00:51:36');
insert into segmentoVideo values(5, '4:05:53', 80, '2018-05-12 00:51:36');
insert into segmentoVideo values(1, '0:27:35', 64, '2017-08-22 20:24:52');
insert into segmentoVideo values(2, '0:27:35', 64, '2017-08-22 20:24:52');
insert into segmentoVideo values(3, '0:27:35', 64, '2017-08-22 20:24:52');
insert into segmentoVideo values(4, '0:27:35', 64, '2017-08-22 20:24:52');
insert into segmentoVideo values(5, '0:27:36', 64, '2017-08-22 20:24:52');
insert into segmentoVideo values(1, '0:56:58', 46, '2018-06-05 23:18:34');
insert into segmentoVideo values(2, '0:56:59', 46, '2018-06-05 23:18:34');
insert into segmentoVideo values(3, '0:56:59', 46, '2018-06-05 23:18:34');
insert into segmentoVideo values(4, '0:56:59', 46, '2018-06-05 23:18:34');
insert into segmentoVideo values(5, '0:56:59', 46, '2018-06-05 23:18:34');
insert into segmentoVideo values(1, '5:57:51', 77, '2018-06-07 13:06:30');
insert into segmentoVideo values(2, '5:57:52', 77, '2018-06-07 13:06:30');
insert into segmentoVideo values(1, '0:18:57', 70, '2017-06-04 15:12:04');
insert into segmentoVideo values(2, '0:18:57', 70, '2017-06-04 15:12:04');
insert into segmentoVideo values(3, '0:18:57', 70, '2017-06-04 15:12:04');
insert into segmentoVideo values(4, '0:18:58', 70, '2017-06-04 15:12:04');
insert into segmentoVideo values(1, '4:57:58', 88, '2018-01-29 13:29:33');
insert into segmentoVideo values(2, '4:57:59', 88, '2018-01-29 13:29:33');
insert into segmentoVideo values(3, '4:57:59', 88, '2018-01-29 13:29:33');
insert into segmentoVideo values(1, '9:12:42', 83, '2018-01-20 06:45:44');
insert into segmentoVideo values(2, '9:12:42', 83, '2018-01-20 06:45:44');
insert into segmentoVideo values(1, '1:25:00', 40, '2017-12-20 03:23:35');
insert into segmentoVideo values(2, '1:25:01', 40, '2017-12-20 03:23:35');
insert into segmentoVideo values(3, '1:25:01', 40, '2017-12-20 03:23:35');
insert into segmentoVideo values(4, '1:25:01', 40, '2017-12-20 03:23:35');
insert into segmentoVideo values(5, '1:25:01', 40, '2017-12-20 03:23:35');
insert into segmentoVideo values(1, '0:38:54', 97, '2018-11-01 17:06:21');
insert into segmentoVideo values(2, '0:38:54', 97, '2018-11-01 17:06:21');
insert into segmentoVideo values(3, '0:38:54', 97, '2018-11-01 17:06:21');
insert into segmentoVideo values(4, '0:38:54', 97, '2018-11-01 17:06:21');
insert into segmentoVideo values(5, '0:38:54', 97, '2018-11-01 17:06:21');
insert into segmentoVideo values(1, '2:22:42', 2, '2017-01-13 06:25:39');
insert into segmentoVideo values(2, '2:22:43', 2, '2017-01-13 06:25:39');
insert into segmentoVideo values(3, '2:22:42', 2, '2017-01-13 06:25:39');
insert into segmentoVideo values(4, '2:22:43', 2, '2017-01-13 06:25:39');
insert into segmentoVideo values(5, '2:22:43', 2, '2017-01-13 06:25:39');
insert into segmentoVideo values(1, '2:30:15', 95, '2018-10-04 03:20:14');
insert into segmentoVideo values(2, '2:30:16', 95, '2018-10-04 03:20:14');
insert into segmentoVideo values(3, '2:30:16', 95, '2018-10-04 03:20:14');
insert into segmentoVideo values(1, '2:22:45', 99, '2017-04-09 18:00:24');
insert into segmentoVideo values(2, '2:22:46', 99, '2017-04-09 18:00:24');
insert into segmentoVideo values(3, '2:22:46', 99, '2017-04-09 18:00:24');
insert into segmentoVideo values(4, '2:22:46', 99, '2017-04-09 18:00:24');
insert into segmentoVideo values(5, '2:22:46', 99, '2017-04-09 18:00:24');
insert into segmentoVideo values(1, '7:04:13', 84, '2018-08-24 10:37:18');
insert into segmentoVideo values(2, '7:04:13', 84, '2018-08-24 10:37:18');
insert into segmentoVideo values(3, '7:04:14', 84, '2018-08-24 10:37:18');
insert into segmentoVideo values(1, '7:35:32', 54, '2018-02-24 22:05:15');
insert into segmentoVideo values(2, '7:35:33', 54, '2018-02-24 22:05:15');
insert into segmentoVideo values(3, '7:35:33', 54, '2018-02-24 22:05:15');
insert into segmentoVideo values(1, '0:54:28', 100, '2018-11-06 17:45:33');
insert into segmentoVideo values(2, '0:54:29', 100, '2018-11-06 17:45:33');
insert into segmentoVideo values(3, '0:54:28', 100, '2018-11-06 17:45:33');
insert into segmentoVideo values(4, '0:54:29', 100, '2018-11-06 17:45:33');
insert into segmentoVideo values(1, '5:47:10', 35, '2017-03-27 16:23:42');
insert into segmentoVideo values(2, '5:47:11', 35, '2017-03-27 16:23:42');
insert into segmentoVideo values(1, '4:53:44', 13, '2018-01-13 12:15:06');
insert into segmentoVideo values(2, '4:53:45', 13, '2018-01-13 12:15:06');
insert into segmentoVideo values(3, '4:53:44', 13, '2018-01-13 12:15:06');
insert into segmentoVideo values(4, '4:53:45', 13, '2018-01-13 12:15:06');
insert into segmentoVideo values(1, '5:23:35', 99, '2017-09-01 06:23:29');
insert into segmentoVideo values(2, '5:23:36', 99, '2017-09-01 06:23:29');
insert into segmentoVideo values(3, '5:23:36', 99, '2017-09-01 06:23:29');
insert into segmentoVideo values(1, '3:55:41', 20, '2018-04-07 19:57:23');
insert into segmentoVideo values(2, '3:55:41', 20, '2018-04-07 19:57:23');
insert into segmentoVideo values(3, '3:55:42', 20, '2018-04-07 19:57:23');
insert into segmentoVideo values(4, '3:55:41', 20, '2018-04-07 19:57:23');
insert into segmentoVideo values(5, '3:55:42', 20, '2018-04-07 19:57:23');
insert into segmentoVideo values(1, '6:38:08', 16, '2018-06-05 12:29:45');
insert into segmentoVideo values(2, '6:38:09', 16, '2018-06-05 12:29:45');
insert into segmentoVideo values(3, '6:38:09', 16, '2018-06-05 12:29:45');
insert into segmentoVideo values(1, '8:55:56', 19, '2017-10-24 23:39:52');
insert into segmentoVideo values(2, '8:55:56', 19, '2017-10-24 23:39:52');
insert into segmentoVideo values(1, '2:42:11', 31, '2018-03-13 04:13:54');
insert into segmentoVideo values(2, '2:42:11', 31, '2018-03-13 04:13:54');
insert into segmentoVideo values(3, '2:42:11', 31, '2018-03-13 04:13:54');
insert into segmentoVideo values(1, '2:36:46', 30, '2018-08-10 10:26:26');
insert into segmentoVideo values(2, '2:36:46', 30, '2018-08-10 10:26:26');
insert into segmentoVideo values(1, '2:31:52', 59, '2018-03-26 12:07:07');
insert into segmentoVideo values(2, '2:31:52', 59, '2018-03-26 12:07:07');
insert into segmentoVideo values(3, '2:31:52', 59, '2018-03-26 12:07:07');
insert into segmentoVideo values(1, '3:14:09', 39, '2017-11-02 03:34:25');
insert into segmentoVideo values(2, '3:14:09', 39, '2017-11-02 03:34:25');
insert into segmentoVideo values(3, '3:14:10', 39, '2017-11-02 03:34:25');
insert into segmentoVideo values(4, '3:14:09', 39, '2017-11-02 03:34:25');
insert into segmentoVideo values(5, '3:14:10', 39, '2017-11-02 03:34:25');
insert into segmentoVideo values(1, '3:16:44', 90, '2017-04-01 00:50:51');
insert into segmentoVideo values(2, '3:16:44', 90, '2017-04-01 00:50:51');
insert into segmentoVideo values(1, '4:40:42', 97, '2017-10-26 22:24:42');
insert into segmentoVideo values(2, '4:40:42', 97, '2017-10-26 22:24:42');
insert into segmentoVideo values(3, '4:40:42', 97, '2017-10-26 22:24:42');
insert into segmentoVideo values(4, '4:40:43', 97, '2017-10-26 22:24:42');
insert into segmentoVideo values(1, '4:18:37', 84, '2017-09-20 07:52:37');
insert into segmentoVideo values(2, '4:18:37', 84, '2017-09-20 07:52:37');
insert into segmentoVideo values(3, '4:18:37', 84, '2017-09-20 07:52:37');
insert into segmentoVideo values(4, '4:18:37', 84, '2017-09-20 07:52:37');
insert into segmentoVideo values(1, '0:44:05', 18, '2017-01-05 22:59:48');
insert into segmentoVideo values(2, '0:44:05', 18, '2017-01-05 22:59:48');
insert into segmentoVideo values(3, '0:44:05', 18, '2017-01-05 22:59:48');
insert into segmentoVideo values(4, '0:44:05', 18, '2017-01-05 22:59:48');
insert into segmentoVideo values(1, '7:02:23', 6, '2017-11-08 08:31:16');
insert into segmentoVideo values(2, '7:02:23', 6, '2017-11-08 08:31:16');
insert into segmentoVideo values(3, '7:02:24', 6, '2017-11-08 08:31:16');
insert into segmentoVideo values(1, '4:36:27', 91, '2017-12-06 11:28:15');
insert into segmentoVideo values(2, '4:36:28', 91, '2017-12-06 11:28:15');
insert into segmentoVideo values(3, '4:36:28', 91, '2017-12-06 11:28:15');
insert into segmentoVideo values(4, '4:36:28', 91, '2017-12-06 11:28:15');
insert into segmentoVideo values(1, '1:14:14', 64, '2017-10-24 06:49:43');
insert into segmentoVideo values(2, '1:14:14', 64, '2017-10-24 06:49:43');
insert into segmentoVideo values(1, '2:00:23', 6, '2018-09-10 04:09:08');
insert into segmentoVideo values(2, '2:00:23', 6, '2018-09-10 04:09:08');
insert into segmentoVideo values(1, '11:40:22', 78, '2018-03-26 13:31:18');
insert into segmentoVideo values(2, '11:40:22', 78, '2018-03-26 13:31:18');
insert into segmentoVideo values(1, '0:35:41', 56, '2017-07-16 23:41:51');
insert into segmentoVideo values(2, '0:35:42', 56, '2017-07-16 23:41:51');
insert into segmentoVideo values(3, '0:35:41', 56, '2017-07-16 23:41:51');
insert into segmentoVideo values(4, '0:35:42', 56, '2017-07-16 23:41:51');
insert into segmentoVideo values(5, '0:35:42', 56, '2017-07-16 23:41:51');
insert into segmentoVideo values(1, '0:20:07', 36, '2018-03-05 12:03:27');
insert into segmentoVideo values(2, '0:20:08', 36, '2018-03-05 12:03:27');
insert into segmentoVideo values(3, '0:20:08', 36, '2018-03-05 12:03:27');
insert into segmentoVideo values(4, '0:20:08', 36, '2018-03-05 12:03:27');
insert into segmentoVideo values(5, '0:20:08', 36, '2018-03-05 12:03:27');
insert into segmentoVideo values(1, '6:35:38', 90, '2017-01-04 17:32:13');
insert into segmentoVideo values(2, '6:35:39', 90, '2017-01-04 17:32:13');
insert into segmentoVideo values(1, '1:38:34', 45, '2017-03-20 14:44:05');
insert into segmentoVideo values(2, '1:38:34', 45, '2017-03-20 14:44:05');
insert into segmentoVideo values(3, '1:38:35', 45, '2017-03-20 14:44:05');
insert into segmentoVideo values(4, '1:38:34', 45, '2017-03-20 14:44:05');
insert into segmentoVideo values(5, '1:38:35', 45, '2017-03-20 14:44:05');
insert into segmentoVideo values(1, '4:04:05', 16, '2018-11-05 20:38:27');
insert into segmentoVideo values(2, '4:04:06', 16, '2018-11-05 20:38:27');
insert into segmentoVideo values(1, '4:40:34', 100, '2018-05-11 05:29:45');
insert into segmentoVideo values(2, '4:40:34', 100, '2018-05-11 05:29:45');
insert into segmentoVideo values(3, '4:40:34', 100, '2018-05-11 05:29:45');
insert into segmentoVideo values(4, '4:40:34', 100, '2018-05-11 05:29:45');
insert into segmentoVideo values(5, '4:40:34', 100, '2018-05-11 05:29:45');
insert into segmentoVideo values(1, '3:04:56', 95, '2017-02-07 21:08:16');
insert into segmentoVideo values(2, '3:04:56', 95, '2017-02-07 21:08:16');
insert into segmentoVideo values(3, '3:04:56', 95, '2017-02-07 21:08:16');
insert into segmentoVideo values(4, '3:04:56', 95, '2017-02-07 21:08:16');
insert into segmentoVideo values(1, '1:50:57', 54, '2017-10-17 12:08:46');
insert into segmentoVideo values(2, '1:50:58', 54, '2017-10-17 12:08:46');
insert into segmentoVideo values(3, '1:50:58', 54, '2017-10-17 12:08:46');
insert into segmentoVideo values(4, '1:50:58', 54, '2017-10-17 12:08:46');
insert into segmentoVideo values(5, '1:50:58', 54, '2017-10-17 12:08:46');
insert into segmentoVideo values(1, '5:35:30', 34, '2017-10-06 18:16:57');
insert into segmentoVideo values(2, '5:35:31', 34, '2017-10-06 18:16:57');
insert into segmentoVideo values(1, '1:39:21', 99, '2018-09-09 14:54:43');
insert into segmentoVideo values(2, '1:39:21', 99, '2018-09-09 14:54:43');
insert into segmentoVideo values(3, '1:39:22', 99, '2018-09-09 14:54:43');
insert into segmentoVideo values(1, '5:51:57', 97, '2017-11-01 12:31:19');
insert into segmentoVideo values(2, '5:51:57', 97, '2017-11-01 12:31:19');
insert into segmentoVideo values(3, '5:51:57', 97, '2017-11-01 12:31:19');
insert into segmentoVideo values(1, '0:57:36', 72, '2018-03-20 16:28:30');
insert into segmentoVideo values(2, '0:57:36', 72, '2018-03-20 16:28:30');
insert into segmentoVideo values(3, '0:57:36', 72, '2018-03-20 16:28:30');
insert into segmentoVideo values(4, '0:57:36', 72, '2018-03-20 16:28:30');
insert into segmentoVideo values(5, '0:57:36', 72, '2018-03-20 16:28:30');
insert into segmentoVideo values(1, '8:32:07', 49, '2017-07-16 10:47:14');
insert into segmentoVideo values(2, '8:32:07', 49, '2017-07-16 10:47:14');
insert into segmentoVideo values(1, '0:22:00', 78, '2017-03-05 15:14:42');
insert into segmentoVideo values(2, '0:22:01', 78, '2017-03-05 15:14:42');
insert into segmentoVideo values(3, '0:22:00', 78, '2017-03-05 15:14:42');
insert into segmentoVideo values(4, '0:22:01', 78, '2017-03-05 15:14:42');
insert into segmentoVideo values(5, '0:22:01', 78, '2017-03-05 15:14:42');
insert into segmentoVideo values(1, '1:58:02', 49, '2018-10-18 20:16:35');
insert into segmentoVideo values(2, '1:58:03', 49, '2018-10-18 20:16:35');
insert into segmentoVideo values(3, '1:58:03', 49, '2018-10-18 20:16:35');
insert into segmentoVideo values(1, '5:54:32', 55, '2017-06-01 03:31:01');
insert into segmentoVideo values(2, '5:54:32', 55, '2017-06-01 03:31:01');
insert into segmentoVideo values(3, '5:54:32', 55, '2017-06-01 03:31:01');
insert into segmentoVideo values(1, '4:59:04', 52, '2017-11-05 06:23:46');
insert into segmentoVideo values(2, '4:59:05', 52, '2017-11-05 06:23:46');
insert into segmentoVideo values(1, '2:58:10', 31, '2017-11-09 12:00:03');
insert into segmentoVideo values(2, '2:58:10', 31, '2017-11-09 12:00:03');
insert into segmentoVideo values(3, '2:58:10', 31, '2017-11-09 12:00:03');
insert into segmentoVideo values(1, '11:21:03', 74, '2018-03-06 06:50:33');
insert into segmentoVideo values(2, '11:21:04', 74, '2018-03-06 06:50:33');
insert into segmentoVideo values(1, '3:53:20', 44, '2017-03-27 02:34:28');
insert into segmentoVideo values(2, '3:53:20', 44, '2017-03-27 02:34:28');
insert into segmentoVideo values(3, '3:53:20', 44, '2017-03-27 02:34:28');
insert into segmentoVideo values(4, '3:53:20', 44, '2017-03-27 02:34:28');
insert into segmentoVideo values(5, '3:53:21', 44, '2017-03-27 02:34:28');
insert into segmentoVideo values(1, '11:59:48', 16, '2018-07-19 22:42:45');
insert into segmentoVideo values(2, '11:59:49', 16, '2018-07-19 22:42:45');
insert into segmentoVideo values(1, '4:46:21', 12, '2017-05-11 18:16:41');
insert into segmentoVideo values(2, '4:46:22', 12, '2017-05-11 18:16:41');
insert into segmentoVideo values(3, '4:46:21', 12, '2017-05-11 18:16:41');
insert into segmentoVideo values(4, '4:46:22', 12, '2017-05-11 18:16:41');
insert into segmentoVideo values(1, '3:16:30', 73, '2018-08-23 10:26:34');
insert into segmentoVideo values(2, '3:16:31', 73, '2018-08-23 10:26:34');
insert into segmentoVideo values(3, '3:16:30', 73, '2018-08-23 10:26:34');
insert into segmentoVideo values(4, '3:16:31', 73, '2018-08-23 10:26:34');
insert into segmentoVideo values(5, '3:16:31', 73, '2018-08-23 10:26:34');
insert into segmentoVideo values(1, '8:33:25', 46, '2018-06-17 14:58:27');
insert into segmentoVideo values(2, '8:33:25', 46, '2018-06-17 14:58:27');
insert into segmentoVideo values(1, '2:39:12', 69, '2018-10-24 02:02:27');
insert into segmentoVideo values(2, '2:39:12', 69, '2018-10-24 02:02:27');
insert into segmentoVideo values(3, '2:39:13', 69, '2018-10-24 02:02:27');
insert into segmentoVideo values(1, '4:07:25', 75, '2017-11-13 09:22:54');
insert into segmentoVideo values(2, '4:07:25', 75, '2017-11-13 09:22:54');
insert into segmentoVideo values(3, '4:07:26', 75, '2017-11-13 09:22:54');
insert into segmentoVideo values(4, '4:07:25', 75, '2017-11-13 09:22:54');
insert into segmentoVideo values(5, '4:07:26', 75, '2017-11-13 09:22:54');
insert into segmentoVideo values(1, '7:46:23', 22, '2017-03-27 03:13:00');
insert into segmentoVideo values(2, '7:46:24', 22, '2017-03-27 03:13:00');
insert into segmentoVideo values(1, '3:26:02', 90, '2017-09-06 13:22:03');
insert into segmentoVideo values(2, '3:26:03', 90, '2017-09-06 13:22:03');
insert into segmentoVideo values(1, '1:36:37', 66, '2018-03-25 09:25:15');
insert into segmentoVideo values(2, '1:36:37', 66, '2018-03-25 09:25:15');
insert into segmentoVideo values(3, '1:36:38', 66, '2018-03-25 09:25:15');
insert into segmentoVideo values(1, '1:20:31', 12, '2018-10-23 19:44:01');
insert into segmentoVideo values(2, '1:20:31', 12, '2018-10-23 19:44:01');
insert into segmentoVideo values(3, '1:20:31', 12, '2018-10-23 19:44:01');
insert into segmentoVideo values(4, '1:20:31', 12, '2018-10-23 19:44:01');
insert into segmentoVideo values(5, '1:20:31', 12, '2018-10-23 19:44:01');
insert into segmentoVideo values(1, '1:39:04', 47, '2017-11-22 18:35:46');
insert into segmentoVideo values(2, '1:39:04', 47, '2017-11-22 18:35:46');
insert into segmentoVideo values(3, '1:39:05', 47, '2017-11-22 18:35:46');
insert into segmentoVideo values(1, '8:40:14', 28, '2018-03-11 05:55:46');
insert into segmentoVideo values(2, '8:40:15', 28, '2018-03-11 05:55:46');
insert into segmentoVideo values(1, '0:05:11', 26, '2018-08-28 07:02:55');
insert into segmentoVideo values(2, '0:05:12', 26, '2018-08-28 07:02:55');
insert into segmentoVideo values(3, '0:05:11', 26, '2018-08-28 07:02:55');
insert into segmentoVideo values(4, '0:05:12', 26, '2018-08-28 07:02:55');
insert into segmentoVideo values(1, '2:44:48', 8, '2017-08-07 02:04:34');
insert into segmentoVideo values(2, '2:44:48', 8, '2017-08-07 02:04:34');
insert into segmentoVideo values(3, '2:44:48', 8, '2017-08-07 02:04:34');
insert into segmentoVideo values(4, '2:44:48', 8, '2017-08-07 02:04:34');
insert into segmentoVideo values(5, '2:44:48', 8, '2017-08-07 02:04:34');
insert into segmentoVideo values(1, '0:48:38', 98, '2017-10-05 05:09:29');
insert into segmentoVideo values(2, '0:48:39', 98, '2017-10-05 05:09:29');
insert into segmentoVideo values(3, '0:48:38', 98, '2017-10-05 05:09:29');
insert into segmentoVideo values(4, '0:48:39', 98, '2017-10-05 05:09:29');
insert into segmentoVideo values(1, '3:24:38', 32, '2017-10-18 13:14:00');
insert into segmentoVideo values(2, '3:24:38', 32, '2017-10-18 13:14:00');
insert into segmentoVideo values(3, '3:24:39', 32, '2017-10-18 13:14:00');
insert into segmentoVideo values(4, '3:24:38', 32, '2017-10-18 13:14:00');
insert into segmentoVideo values(5, '3:24:39', 32, '2017-10-18 13:14:00');
insert into segmentoVideo values(1, '0:07:40', 49, '2017-02-26 23:41:46');
insert into segmentoVideo values(2, '0:07:41', 49, '2017-02-26 23:41:46');
insert into segmentoVideo values(3, '0:07:40', 49, '2017-02-26 23:41:46');
insert into segmentoVideo values(4, '0:07:41', 49, '2017-02-26 23:41:46');
insert into segmentoVideo values(5, '0:07:41', 49, '2017-02-26 23:41:46');
insert into segmentoVideo values(1, '1:57:15', 86, '2017-01-22 06:14:19');
insert into segmentoVideo values(2, '1:57:16', 86, '2017-01-22 06:14:19');
insert into segmentoVideo values(3, '1:57:15', 86, '2017-01-22 06:14:19');
insert into segmentoVideo values(4, '1:57:16', 86, '2017-01-22 06:14:19');
insert into segmentoVideo values(1, '3:54:51', 46, '2018-01-07 20:36:23');
insert into segmentoVideo values(2, '3:54:52', 46, '2018-01-07 20:36:23');
insert into segmentoVideo values(3, '3:54:52', 46, '2018-01-07 20:36:23');
insert into segmentoVideo values(4, '3:54:52', 46, '2018-01-07 20:36:23');
insert into segmentoVideo values(1, '4:24:28', 22, '2018-05-09 01:32:11');
insert into segmentoVideo values(2, '4:24:28', 22, '2018-05-09 01:32:11');
insert into segmentoVideo values(3, '4:24:28', 22, '2018-05-09 01:32:11');
insert into segmentoVideo values(1, '3:10:31', 79, '2018-07-21 07:48:23');
insert into segmentoVideo values(2, '3:10:31', 79, '2018-07-21 07:48:23');
insert into segmentoVideo values(3, '3:10:31', 79, '2018-07-21 07:48:23');
insert into segmentoVideo values(4, '3:10:32', 79, '2018-07-21 07:48:23');

insert into coordenador values (0);
insert into coordenador values (1);
insert into coordenador values (2);
insert into coordenador values (3);
insert into coordenador values (4);
insert into coordenador values (5);
insert into coordenador values (6);
insert into coordenador values (7);
insert into coordenador values (8);
insert into coordenador values (9);
insert into coordenador values (10);
insert into coordenador values (11);
insert into coordenador values (12);
insert into coordenador values (13);
insert into coordenador values (14);
insert into coordenador values (15);
insert into coordenador values (16);
insert into coordenador values (17);
insert into coordenador values (18);
insert into coordenador values (19);
insert into coordenador values (20);
insert into coordenador values (21);
insert into coordenador values (22);
insert into coordenador values (23);
insert into coordenador values (24);
insert into coordenador values (25);
insert into coordenador values (26);
insert into coordenador values (27);
insert into coordenador values (28);
insert into coordenador values (29);
insert into coordenador values (30);
insert into coordenador values (31);
insert into coordenador values (32);
insert into coordenador values (33);
insert into coordenador values (34);
insert into coordenador values (35);
insert into coordenador values (36);
insert into coordenador values (37);
insert into coordenador values (38);
insert into coordenador values (39);
insert into coordenador values (40);
insert into coordenador values (41);
insert into coordenador values (42);
insert into coordenador values (43);
insert into coordenador values (44);
insert into coordenador values (45);
insert into coordenador values (46);
insert into coordenador values (47);
insert into coordenador values (48);
insert into coordenador values (49);
insert into coordenador values (50);
insert into coordenador values (51);
insert into coordenador values (52);
insert into coordenador values (53);
insert into coordenador values (54);
insert into coordenador values (55);
insert into coordenador values (56);
insert into coordenador values (57);
insert into coordenador values (58);
insert into coordenador values (59);
insert into coordenador values (60);
insert into coordenador values (61);
insert into coordenador values (62);
insert into coordenador values (63);
insert into coordenador values (64);
insert into coordenador values (65);
insert into coordenador values (66);
insert into coordenador values (67);
insert into coordenador values (68);
insert into coordenador values (69);
insert into coordenador values (70);
insert into coordenador values (71);
insert into coordenador values (72);
insert into coordenador values (73);
insert into coordenador values (74);
insert into coordenador values (75);
insert into coordenador values (76);
insert into coordenador values (77);
insert into coordenador values (78);
insert into coordenador values (79);
insert into coordenador values (80);
insert into coordenador values (81);
insert into coordenador values (82);
insert into coordenador values (83);
insert into coordenador values (84);
insert into coordenador values (85);
insert into coordenador values (86);
insert into coordenador values (87);
insert into coordenador values (88);
insert into coordenador values (89);
insert into coordenador values (90);
insert into coordenador values (91);
insert into coordenador values (92);
insert into coordenador values (93);
insert into coordenador values (94);
insert into coordenador values (95);
insert into coordenador values (96);
insert into coordenador values (97);
insert into coordenador values (98);
insert into coordenador values (99);

insert into processoSocorro values (0);
insert into processoSocorro values (1);
insert into processoSocorro values (2);
insert into processoSocorro values (3);
insert into processoSocorro values (4);
insert into processoSocorro values (5);
insert into processoSocorro values (6);
insert into processoSocorro values (7);
insert into processoSocorro values (8);
insert into processoSocorro values (9);
insert into processoSocorro values (10);
insert into processoSocorro values (11);
insert into processoSocorro values (12);
insert into processoSocorro values (13);
insert into processoSocorro values (14);
insert into processoSocorro values (15);
insert into processoSocorro values (16);
insert into processoSocorro values (17);
insert into processoSocorro values (18);
insert into processoSocorro values (19);
insert into processoSocorro values (20);
insert into processoSocorro values (21);
insert into processoSocorro values (22);
insert into processoSocorro values (23);
insert into processoSocorro values (24);
insert into processoSocorro values (25);
insert into processoSocorro values (26);
insert into processoSocorro values (27);
insert into processoSocorro values (28);
insert into processoSocorro values (29);
insert into processoSocorro values (30);
insert into processoSocorro values (31);
insert into processoSocorro values (32);
insert into processoSocorro values (33);
insert into processoSocorro values (34);
insert into processoSocorro values (35);
insert into processoSocorro values (36);
insert into processoSocorro values (37);
insert into processoSocorro values (38);
insert into processoSocorro values (39);
insert into processoSocorro values (40);
insert into processoSocorro values (41);
insert into processoSocorro values (42);
insert into processoSocorro values (43);
insert into processoSocorro values (44);
insert into processoSocorro values (45);
insert into processoSocorro values (46);
insert into processoSocorro values (47);
insert into processoSocorro values (48);
insert into processoSocorro values (49);
insert into processoSocorro values (50);
insert into processoSocorro values (51);
insert into processoSocorro values (52);
insert into processoSocorro values (53);
insert into processoSocorro values (54);
insert into processoSocorro values (55);
insert into processoSocorro values (56);
insert into processoSocorro values (57);
insert into processoSocorro values (58);
insert into processoSocorro values (59);
insert into processoSocorro values (60);
insert into processoSocorro values (61);
insert into processoSocorro values (62);
insert into processoSocorro values (63);
insert into processoSocorro values (64);
insert into processoSocorro values (65);
insert into processoSocorro values (66);
insert into processoSocorro values (67);
insert into processoSocorro values (68);
insert into processoSocorro values (69);
insert into processoSocorro values (70);
insert into processoSocorro values (71);
insert into processoSocorro values (72);
insert into processoSocorro values (73);
insert into processoSocorro values (74);
insert into processoSocorro values (75);
insert into processoSocorro values (76);
insert into processoSocorro values (77);
insert into processoSocorro values (78);
insert into processoSocorro values (79);
insert into processoSocorro values (80);
insert into processoSocorro values (81);
insert into processoSocorro values (82);
insert into processoSocorro values (83);
insert into processoSocorro values (84);
insert into processoSocorro values (85);
insert into processoSocorro values (86);
insert into processoSocorro values (87);
insert into processoSocorro values (88);
insert into processoSocorro values (89);
insert into processoSocorro values (90);
insert into processoSocorro values (91);
insert into processoSocorro values (92);
insert into processoSocorro values (93);
insert into processoSocorro values (94);
insert into processoSocorro values (95);
insert into processoSocorro values (96);
insert into processoSocorro values (97);
insert into processoSocorro values (98);
insert into processoSocorro values (99);

insert into local values ('Oliveira do Hospital');
insert into local values ('Monchique');
insert into local values ('Albergaria-a-Velha');
insert into local values ('Proenca-a-Nova');
insert into local values ('Valpacos');
insert into local values ('Aljustrel');
insert into local values ('Sao Pedro do Sul');
insert into local values ('Castro Daire');
insert into local values ('Batalha');
insert into local values ('Torres Vedras');
insert into local values ('Sesimbra');
insert into local values ('Tondela');
insert into local values ('Vila Verde');
insert into local values ('Amares');
insert into local values ('Ferreira do Alentejo');
insert into local values ('Penacova');
insert into local values ('Salvaterra de Magos');
insert into local values ('Santarem');
insert into local values ('Alenquer');
insert into local values ('Caldas da Rainha');
insert into local values ('Vila Real');
insert into local values ('Boticas');
insert into local values ('Vila Flor');
insert into local values ('Velas');
insert into local values ('Sardoal');
insert into local values ('Castanheira de Pera');
insert into local values ('Celorico de Basto');
insert into local values ('Belmonte');
insert into local values ('Almada');
insert into local values ('Lourinha');
insert into local values ('Vila do Porto');
insert into local values ('Mira');
insert into local values ('Povoa de Varzim');
insert into local values ('Moura');
insert into local values ('Vila Nova de Famalicao');
insert into local values ('Nisa');
insert into local values ('Gondomar');
insert into local values ('Viana do Castelo');
insert into local values ('Felgueiras');
insert into local values ('Guarda');
insert into local values ('Odivelas');
insert into local values ('Odemira');
insert into local values ('Fafe');
insert into local values ('Ourique');
insert into local values ('Penela');
insert into local values ('Vila Nova de Cerveira');
insert into local values ('Vila Franca do Campo');
insert into local values ('Agueda');
insert into local values ('Marco de Canaveses');
insert into local values ('Arouca');
insert into local values ('Penedono');
insert into local values ('Vila Nova de Paiva');
insert into local values ('Trancoso');
insert into local values ('Sever do Vouga');
insert into local values ('Loures');
insert into local values ('Cantanhede');
insert into local values ('Viana do Alentejo');
insert into local values ('Aljezur');
insert into local values ('Vila Nova de Poiares');
insert into local values ('Evora');
insert into local values ('Alpiarca');
insert into local values ('Marvao');
insert into local values ('Lousada');
insert into local values ('Crato');
insert into local values ('Campo Maior');
insert into local values ('Vinhais');
insert into local values ('Caminha');
insert into local values ('Moita');
insert into local values ('Penafiel');
insert into local values ('Amarante');
insert into local values ('Nelas');
insert into local values ('Alandroal');
insert into local values ('Penalva do Castelo');
insert into local values ('Alijo');
insert into local values ('Cabeceiras de Basto');
insert into local values ('Montemor-o-Velho');
insert into local values ('Cartaxo');
insert into local values ('Aveiro');
insert into local values ('Vila Real de Santo Antonio');
insert into local values ('Espinho');
insert into local values ('Barrancos');
insert into local values ('Coruche');
insert into local values ('Santa Cruz das Flores');
insert into local values ('Moncao');
insert into local values ('Tarouca');
insert into local values ('Mondim de Basto');
insert into local values ('Santa Marta de Penaguiao');
insert into local values ('Pampilhosa da Serra');
insert into local values ('Lagoa');
insert into local values ('Santa Cruz');
insert into local values ('Terras de Bouro');
insert into local values ('Sernancelhe');
insert into local values ('Cuba');
insert into local values ('Alfandega da Fe');
insert into local values ('Ovar');
insert into local values ('Palmela');
insert into local values ('Sobral de Monte Agraco');
insert into local values ('Golega');
insert into local values ('Vieira do Minho');
insert into local values ('Ansiao');
insert into local values ('Beja');
insert into local values ('Arruda dos Vinhos');
insert into local values ('Serpa');
insert into local values ('Vila Nova de Foz Coa');
insert into local values ('Bombarral');
insert into local values ('Maia');
insert into local values ('Alcochete');
insert into local values ('Praia da Vitoria');
insert into local values ('Sabrosa');
insert into local values ('Matosinhos');
insert into local values ('Cascais');
insert into local values ('Mafra');
insert into local values ('Figueira de Castelo Rodrigo');
insert into local values ('Paredes');
insert into local values ('Coimbra');
insert into local values ('Arcos de Valdevez');
insert into local values ('Ribeira de Pena');
insert into local values ('Serta');
insert into local values ('Calheta');
insert into local values ('Oliveira de Azemeis');
insert into local values ('Miranda do Corvo');
insert into local values ('Vila Velha de Rodao');
insert into local values ('Arganil');
insert into local values ('Sabugal');
insert into local values ('Santa Comba Dao');
insert into local values ('Arraiolos');
insert into local values ('Murtosa');
insert into local values ('Guimaraes');
insert into local values ('Vale de Cambra');
insert into local values ('Montalegre');
insert into local values ('Condeixa-a-Nova');
insert into local values ('Vila do Bispo');
insert into local values ('Ourem');
insert into local values ('Loule');
insert into local values ('Braganca');
insert into local values ('Ponte da Barca');
insert into local values ('Constancia');
insert into local values ('Avis');
insert into local values ('Montemor-o-Novo');
insert into local values ('Grandola');
insert into local values ('Abrantes');
insert into local values ('Fronteira');
insert into local values ('Castelo de Paiva');
insert into local values ('Sao Joao da Pesqueira');
insert into local values ('Almeirim');
insert into local values ('Machico');
insert into local values ('Fornos de Algodres');
insert into local values ('Seia');
insert into local values ('Povoacao');
insert into local values ('Marinha Grande');
insert into local values ('Vila Nova de Gaia');
insert into local values ('Figueira da Foz');
insert into local values ('Alcobaca');
insert into local values ('Oliveira de Frades');
insert into local values ('Alter do Chao');
insert into local values ('Freixo de Espada a Cinta');
insert into local values ('Pedrogao Grande');
insert into local values ('Tavira');
insert into local values ('Vimioso');
insert into local values ('Baiao');
insert into local values ('Corvo');
insert into local values ('Rio Maior');
insert into local values ('Mourao');
insert into local values ('Monforte');
insert into local values ('Fundao');
insert into local values ('Sao Bras de Alportel');
insert into local values ('Chaves');
insert into local values ('Azambuja');
insert into local values ('Santa Cruz da Graciosa');
insert into local values ('Porto de Mos');
insert into local values ('Vizela');
insert into local values ('Ponta do Sol');
insert into local values ('Ilhavo');
insert into local values ('Vidigueira');
insert into local values ('Povoa de Lanhoso');
insert into local values ('Gois');
insert into local values ('Carregal do Sal');
insert into local values ('Angra do Heroismo');
insert into local values ('Sao Vicente');
insert into local values ('Madalena');
insert into local values ('Carrazeda de Ansiaes');
insert into local values ('Oeiras');
insert into local values ('Porto Moniz');
insert into local values ('Vila Franca de Xira');
insert into local values ('Torres Novas');
insert into local values ('Sintra');
insert into local values ('Castelo Branco');
insert into local values ('Valongo');
insert into local values ('Anadia');
insert into local values ('Leiria');
insert into local values ('Sousel');
insert into local values ('Camara de Lobos');
insert into local values ('Santiago do Cacem');
insert into local values ('Cadaval');
insert into local values ('Figueiro dos Vinhos');
insert into local values ('Lousa');
insert into local values ('Satao');
insert into local values ('Almeida');
insert into local values ('Soure');
insert into local values ('Castro Marim');
insert into local values ('Lagos');
insert into local values ('Aguiar da Beira');
insert into local values ('Santo Tirso');
insert into local values ('Mortagua');
insert into local values ('Lisboa');
insert into local values ('Vila Nova da Barquinha');
insert into local values ('Chamusca');
insert into local values ('Alcacer do Sal');
insert into local values ('Covilha');
insert into local values ('Viseu');
insert into local values ('Vila Pouca de Aguiar');
insert into local values ('Ribeira Grande');
insert into local values ('Mertola');
insert into local values ('Almodovar');
insert into local values ('Barreiro');
insert into local values ('Ponta Delgada');
insert into local values ('Arronches');
insert into local values ('Mora');
insert into local values ('Seixal');
insert into local values ('Pombal');
insert into local values ('Esposende');
insert into local values ('Manteigas');
insert into local values ('Alvito');
insert into local values ('Castro Verde');
insert into local values ('Portel');
insert into local values ('Oleiros');
insert into local values ('Lajes das Flores');
insert into local values ('Silves');
insert into local values ('Cinfaes');
insert into local values ('Vouzela');
insert into local values ('Macao');
insert into local values ('Resende');
insert into local values ('Redondo');
insert into local values ('Alcanena');
insert into local values ('Alcoutim');
insert into local values ('Lajes do Pico');
insert into local values ('Vila de Rei');
insert into local values ('Penamacor');
insert into local values ('Nordeste');
insert into local values ('Mogadouro');
insert into local values ('Oliveira do Bairro');
insert into local values ('Estarreja');
insert into local values ('Mealhada');
insert into local values ('Tabuaco');
insert into local values ('Celorico da Beira');
insert into local values ('Pacos de Ferreira');
insert into local values ('Trofa');
insert into local values ('Nazare');
insert into local values ('Sao Roque do Pico');
insert into local values ('Olhao');
insert into local values ('Murca');
insert into local values ('Mesao Frio');
insert into local values ('Castelo de Vide');
insert into local values ('Torre de Moncorvo');
insert into local values ('Tabua');
insert into local values ('Mirandela');
insert into local values ('Meda');
insert into local values ('Peniche');
insert into local values ('Lamego');
insert into local values ('Santa Maria da Feira');
insert into local values ('Armamar');
insert into local values ('Ponte de Lima');
insert into local values ('Paredes de Coura');
insert into local values ('Gouveia');
insert into local values ('Miranda do Douro');
insert into local values ('Moimenta da Beira');
insert into local values ('Ferreira do Zezere');
insert into local values ('Portimao');
insert into local values ('Obidos');
insert into local values ('Ribeira Brava');
insert into local values ('Idanha-a-Nova');
insert into local values ('Gaviao');
insert into local values ('Vagos');
insert into local values ('Benavente');
insert into local values ('Alvaiazere');
insert into local values ('Melgaco');
insert into local values ('Vila Vicosa');

insert into eventoEmergencia  values (920000000, '2017-05-21 03:10:19', 'Miguel Ferreira', 'Oliveira do Hospital', 0);
insert into eventoEmergencia  values (920000001, '2018-08-04 22:41:04', 'Miguel Mota', 'Monchique', 1);
insert into eventoEmergencia  values (920000002, '2018-06-26 15:53:09', 'Diogo Oliveira', 'Albergaria-a-Velha', 2);
insert into eventoEmergencia  values (920000003, '2017-02-28 01:24:23', 'Ana Santos', 'Proenca-a-Nova', 3);
insert into eventoEmergencia  values (920000004, '2018-04-01 19:30:28', 'Diogo Santos', 'Valpacos', 4);
insert into eventoEmergencia  values (920000005, '2018-02-24 07:50:54', 'Miguel Oliveira', 'Aljustrel', 5);
insert into eventoEmergencia  values (920000006, '2017-02-13 12:52:49', 'Diogo Oliveira', 'Sao Pedro do Sul', 6);
insert into eventoEmergencia  values (920000007, '2017-10-14 09:50:19', 'Diogo Silva', 'Castro Daire', 7);
insert into eventoEmergencia  values (920000008, '2018-08-14 00:32:28', 'Joao Oliveira', 'Batalha', 8);
insert into eventoEmergencia  values (920000009, '2017-01-06 13:44:34', 'Diogo Dias', 'Torres Vedras', 9);
insert into eventoEmergencia  values (920000010, '2017-09-20 10:44:53', 'Ana Barata', 'Sesimbra', 10);
insert into eventoEmergencia  values (920000011, '2017-11-29 00:24:35', 'Ana Mesquita', 'Tondela', 11);
insert into eventoEmergencia  values (920000012, '2018-08-23 00:45:32', 'Helena Oliveira', 'Vila Verde', 12);
insert into eventoEmergencia  values (920000013, '2018-01-31 10:13:54', 'Ana Santos', 'Amares', 13);
insert into eventoEmergencia  values (920000014, '2017-01-11 22:16:00', 'Joao Mota', 'Ferreira do Alentejo', 14);
insert into eventoEmergencia  values (920000015, '2017-05-10 14:08:55', 'Rita Barata', 'Penacova', 15);
insert into eventoEmergencia  values (920000016, '2018-09-06 09:28:08', 'Joao Silva', 'Salvaterra de Magos', 16);
insert into eventoEmergencia  values (920000017, '2017-03-21 21:19:04', 'Helena Santos', 'Santarem', 17);
insert into eventoEmergencia  values (920000018, '2017-06-20 16:35:03', 'Miguel Mesquita', 'Alenquer', 18);
insert into eventoEmergencia  values (920000019, '2018-02-13 21:58:42', 'Rita Oliveira', 'Caldas da Rainha', 19);
insert into eventoEmergencia  values (920000020, '2018-02-23 17:36:04', 'Helena Mota', 'Vila Real', 20);
insert into eventoEmergencia  values (920000021, '2017-12-15 07:06:02', 'Helena Oliveira', 'Boticas', 21);
insert into eventoEmergencia  values (920000022, '2018-07-03 12:15:11', 'Helena Dias', 'Vila Flor', 22);
insert into eventoEmergencia  values (920000023, '2017-04-28 20:52:17', 'Daniel Santos', 'Velas', 23);
insert into eventoEmergencia  values (920000024, '2017-12-07 08:27:37', 'Rita Dias', 'Sardoal', 24);
insert into eventoEmergencia  values (920000025, '2018-07-10 15:22:29', 'Miguel Mesquita', 'Castanheira de Pera', 25);
insert into eventoEmergencia  values (920000026, '2017-05-25 16:18:18', 'Miguel Oliveira', 'Celorico de Basto', 26);
insert into eventoEmergencia  values (920000027, '2018-03-11 11:40:06', 'Helena Santos', 'Belmonte', 27);
insert into eventoEmergencia  values (920000028, '2018-06-27 15:28:46', 'Diogo Santos', 'Almada', 28);
insert into eventoEmergencia  values (920000029, '2017-02-08 18:27:30', 'Diogo Baltazar', 'Lourinha', 29);
insert into eventoEmergencia  values (920000030, '2017-02-04 19:55:19', 'Daniel Santos', 'Vila do Porto', 30);
insert into eventoEmergencia  values (920000031, '2018-08-23 18:37:26', 'Catarina Mesquita', 'Mira', 31);
insert into eventoEmergencia  values (920000032, '2017-06-15 09:26:53', 'Joao Mota', 'Povoa de Varzim', 32);
insert into eventoEmergencia  values (920000033, '2018-05-24 03:54:35', 'Helena Oliveira', 'Moura', 33);
insert into eventoEmergencia  values (920000034, '2017-07-16 23:04:32', 'Ana Marante', 'Vila Nova de Famalicao', 34);
insert into eventoEmergencia  values (920000035, '2018-01-05 21:17:17', 'Catarina Mota', 'Nisa', 35);
insert into eventoEmergencia  values (920000036, '2018-06-28 05:17:51', 'Diogo Barata', 'Gondomar', 36);
insert into eventoEmergencia  values (920000037, '2018-04-03 04:50:33', 'Rita Santos', 'Viana do Castelo', 37);
insert into eventoEmergencia  values (920000038, '2017-11-08 14:42:32', 'Catarina Dias', 'Felgueiras', 38);
insert into eventoEmergencia  values (920000039, '2018-07-06 11:34:00', 'Helena Mota', 'Guarda', 39);
insert into eventoEmergencia  values (920000040, '2017-08-16 14:57:25', 'Daniel Mota', 'Odivelas', 40);
insert into eventoEmergencia  values (920000041, '2017-11-23 19:14:31', 'Joao Santos', 'Odemira', 41);
insert into eventoEmergencia  values (920000042, '2018-01-02 03:54:41', 'Diogo Santos', 'Fafe', 42);
insert into eventoEmergencia  values (920000043, '2017-10-04 17:54:33', 'Ines Oliveira', 'Ourique', 43);
insert into eventoEmergencia  values (920000044, '2018-03-08 15:29:19', 'Ana Marante', 'Penela', 44);
insert into eventoEmergencia  values (920000045, '2017-01-20 02:16:14', 'Ines Dias', 'Vila Nova de Cerveira', 45);
insert into eventoEmergencia  values (920000046, '2017-01-26 21:24:55', 'Helena Oliveira', 'Vila Franca do Campo', 46);
insert into eventoEmergencia  values (920000047, '2018-02-13 03:11:39', 'Ines Mesquita', 'Agueda', 47);
insert into eventoEmergencia  values (920000048, '2017-02-27 01:04:00', 'Joao Santos', 'Marco de Canaveses', 48);
insert into eventoEmergencia  values (920000049, '2017-08-05 07:53:23', 'Rita Marante', 'Arouca', 49);
insert into eventoEmergencia  values (920000050, '2018-04-09 03:42:31', 'Helena Barata', 'Penedono', 50);
insert into eventoEmergencia  values (920000051, '2018-06-28 04:48:59', 'Tiago Baltazar', 'Vila Nova de Paiva', 51);
insert into eventoEmergencia  values (920000052, '2017-04-09 06:28:36', 'Ana Dias', 'Trancoso', 52);
insert into eventoEmergencia  values (920000053, '2017-05-07 18:08:05', 'Ines Ferreira', 'Sever do Vouga', 53);
insert into eventoEmergencia  values (920000054, '2018-07-28 19:43:47', 'Helena Barata', 'Loures', 54);
insert into eventoEmergencia  values (920000055, '2017-05-10 15:55:06', 'Ana Mota', 'Cantanhede', 55);
insert into eventoEmergencia  values (920000056, '2017-05-26 20:36:01', 'Ines Marante', 'Viana do Alentejo', 56);
insert into eventoEmergencia  values (920000057, '2018-06-10 09:41:39', 'Daniel Baltazar', 'Aljezur', 57);
insert into eventoEmergencia  values (920000058, '2017-07-19 20:25:44', 'Joao Oliveira', 'Vila Nova de Poiares', 58);
insert into eventoEmergencia  values (920000059, '2017-11-07 22:25:12', 'Ines Marante', 'Evora', 59);
insert into eventoEmergencia  values (920000060, '2017-07-11 09:02:21', 'Ines Marante', 'Alpiarca', 60);
insert into eventoEmergencia  values (920000061, '2017-08-31 06:13:28', 'Ines Mesquita', 'Marvao', 61);
insert into eventoEmergencia  values (920000062, '2017-06-13 01:23:59', 'Ines Ferreira', 'Lousada', 62);
insert into eventoEmergencia  values (920000063, '2018-07-01 00:04:52', 'Catarina Marante', 'Crato', 63);
insert into eventoEmergencia  values (920000064, '2018-03-16 21:23:37', 'Joao Mesquita', 'Campo Maior', 64);
insert into eventoEmergencia  values (920000065, '2018-03-06 16:39:52', 'Ines Ferreira', 'Vinhais', 65);
insert into eventoEmergencia  values (920000066, '2018-04-13 10:36:01', 'Catarina Santos', 'Caminha', 66);
insert into eventoEmergencia  values (920000067, '2018-02-21 20:01:52', 'Ines Ferreira', 'Moita', 67);
insert into eventoEmergencia  values (920000068, '2017-12-06 07:26:52', 'Ana Oliveira', 'Penafiel', 68);
insert into eventoEmergencia  values (920000069, '2017-08-13 05:22:08', 'Rita Dias', 'Amarante', 69);
insert into eventoEmergencia  values (920000070, '2018-04-03 16:25:46', 'Catarina Oliveira', 'Nelas', 70);
insert into eventoEmergencia  values (920000071, '2018-03-01 07:11:00', 'Ana Dias', 'Alandroal', 71);
insert into eventoEmergencia  values (920000072, '2017-01-01 11:15:41', 'Helena Baltazar', 'Penalva do Castelo', 72);
insert into eventoEmergencia  values (920000073, '2017-01-22 17:49:01', 'Ines Oliveira', 'Alijo', 73);
insert into eventoEmergencia  values (920000074, '2017-10-18 20:16:40', 'Joao Dias', 'Cabeceiras de Basto', 74);
insert into eventoEmergencia  values (920000075, '2017-02-21 08:12:22', 'Ana Mota', 'Montemor-o-Velho', 75);
insert into eventoEmergencia  values (920000076, '2017-04-07 04:07:00', 'Daniel Silva', 'Cartaxo', 76);
insert into eventoEmergencia  values (920000077, '2018-02-12 03:09:29', 'Ines Dias', 'Aveiro', 77);
insert into eventoEmergencia  values (920000078, '2017-08-14 02:46:37', 'Daniel Dias', 'Vila Real de Santo Antonio', 78);
insert into eventoEmergencia  values (920000079, '2017-03-07 05:41:22', 'Catarina Mesquita', 'Espinho', 79);
insert into eventoEmergencia  values (920000080, '2018-04-14 04:00:00', 'Helena Barata', 'Barrancos', 80);
insert into eventoEmergencia  values (920000081, '2017-05-25 15:27:22', 'Ana Dias', 'Coruche', 81);
insert into eventoEmergencia  values (920000082, '2017-02-10 18:46:24', 'Diogo Oliveira', 'Santa Cruz das Flores', 82);
insert into eventoEmergencia  values (920000083, '2017-07-08 23:32:43', 'Daniel Mesquita', 'Moncao', 83);
insert into eventoEmergencia  values (920000084, '2017-10-19 08:34:22', 'Rita Mesquita', 'Tarouca', 84);
insert into eventoEmergencia  values (920000085, '2017-10-31 14:25:17', 'Helena Barata', 'Mondim de Basto', 85);
insert into eventoEmergencia  values (920000086, '2017-02-13 00:16:53', 'Diogo Mota', 'Santa Marta de Penaguiao', 86);
insert into eventoEmergencia  values (920000087, '2018-03-22 20:44:00', 'Tiago Marante', 'Pampilhosa da Serra', 87);
insert into eventoEmergencia  values (920000088, '2018-07-18 15:26:37', 'Ana Baltazar', 'Lagoa', 88);
insert into eventoEmergencia  values (920000089, '2017-11-26 12:07:21', 'Helena Mota', 'Santa Cruz', 89);
insert into eventoEmergencia  values (920000090, '2017-01-17 15:58:59', 'Ana Santos', 'Terras de Bouro', 90);
insert into eventoEmergencia  values (920000091, '2018-05-16 00:00:14', 'Daniel Marante', 'Sernancelhe', 91);
insert into eventoEmergencia  values (920000092, '2018-07-24 02:58:05', 'Tiago Dias', 'Cuba', 92);
insert into eventoEmergencia  values (920000093, '2018-07-30 11:04:21', 'Helena Oliveira', 'Alfandega da Fe', 93);
insert into eventoEmergencia  values (920000094, '2017-04-26 14:11:36', 'Miguel Baltazar', 'Ovar', 94);
insert into eventoEmergencia  values (920000095, '2017-05-21 02:31:38', 'Ines Silva', 'Palmela', 95);
insert into eventoEmergencia  values (920000096, '2017-10-20 19:09:13', 'Diogo Marante', 'Sobral de Monte Agraco', 96);
insert into eventoEmergencia  values (920000097, '2017-07-26 07:23:04', 'Ana Dias', 'Golega', 97);
insert into eventoEmergencia  values (920000098, '2017-04-17 23:13:10', 'Daniel Marante', 'Vieira do Minho', 98);
insert into eventoEmergencia  values (920000099, '2017-02-25 16:00:03', 'Catarina Mota', 'Ansiao', 99);

insert into entidadeMeio values ('Fora Aerea');
insert into entidadeMeio values ('Exercito');
insert into entidadeMeio values ('Bombeiros de Oliveira do Hospital');
insert into entidadeMeio values ('Bombeiros de Monchique');
insert into entidadeMeio values ('Bombeiros de Albergaria-a-Velha');
insert into entidadeMeio values ('Bombeiros de Proenca-a-Nova');
insert into entidadeMeio values ('Bombeiros de Valpacos');
insert into entidadeMeio values ('Bombeiros de Aljustrel');
insert into entidadeMeio values ('Bombeiros de Sao Pedro do Sul');
insert into entidadeMeio values ('Bombeiros de Castro Daire');
insert into entidadeMeio values ('Bombeiros de Batalha');
insert into entidadeMeio values ('Bombeiros de Torres Vedras');
insert into entidadeMeio values ('Bombeiros de Sesimbra');
insert into entidadeMeio values ('Bombeiros de Tondela');
insert into entidadeMeio values ('Bombeiros de Vila Verde');
insert into entidadeMeio values ('Bombeiros de Amares');
insert into entidadeMeio values ('Bombeiros de Ferreira do Alentejo');
insert into entidadeMeio values ('Bombeiros de Penacova');
insert into entidadeMeio values ('Bombeiros de Salvaterra de Magos');
insert into entidadeMeio values ('Bombeiros de Santarem');
insert into entidadeMeio values ('Bombeiros de Alenquer');
insert into entidadeMeio values ('Bombeiros de Caldas da Rainha');
insert into entidadeMeio values ('Bombeiros de Vila Real');
insert into entidadeMeio values ('Bombeiros de Boticas');
insert into entidadeMeio values ('Bombeiros de Vila Flor');
insert into entidadeMeio values ('Bombeiros de Velas');
insert into entidadeMeio values ('Bombeiros de Sardoal');
insert into entidadeMeio values ('Bombeiros de Castanheira de Pera');
insert into entidadeMeio values ('Bombeiros de Celorico de Basto');
insert into entidadeMeio values ('Bombeiros de Belmonte');
insert into entidadeMeio values ('Bombeiros de Almada');
insert into entidadeMeio values ('Bombeiros de Lourinha');
insert into entidadeMeio values ('Bombeiros de Vila do Porto');
insert into entidadeMeio values ('Bombeiros de Mira');
insert into entidadeMeio values ('Bombeiros de Povoa de Varzim');
insert into entidadeMeio values ('Bombeiros de Moura');
insert into entidadeMeio values ('Bombeiros de Vila Nova de Famalicao');
insert into entidadeMeio values ('Bombeiros de Nisa');
insert into entidadeMeio values ('Bombeiros de Gondomar');
insert into entidadeMeio values ('Bombeiros de Viana do Castelo');
insert into entidadeMeio values ('Bombeiros de Felgueiras');
insert into entidadeMeio values ('Bombeiros de Guarda');
insert into entidadeMeio values ('Bombeiros de Odivelas');
insert into entidadeMeio values ('Bombeiros de Odemira');
insert into entidadeMeio values ('Bombeiros de Fafe');
insert into entidadeMeio values ('Bombeiros de Ourique');
insert into entidadeMeio values ('Bombeiros de Penela');
insert into entidadeMeio values ('Bombeiros de Vila Nova de Cerveira');
insert into entidadeMeio values ('Bombeiros de Vila Franca do Campo');
insert into entidadeMeio values ('Bombeiros de Agueda');
insert into entidadeMeio values ('Bombeiros de Marco de Canaveses');
insert into entidadeMeio values ('Bombeiros de Arouca');
insert into entidadeMeio values ('Bombeiros de Penedono');
insert into entidadeMeio values ('Bombeiros de Vila Nova de Paiva');
insert into entidadeMeio values ('Bombeiros de Trancoso');
insert into entidadeMeio values ('Bombeiros de Sever do Vouga');
insert into entidadeMeio values ('Bombeiros de Loures');
insert into entidadeMeio values ('Bombeiros de Cantanhede');
insert into entidadeMeio values ('Bombeiros de Viana do Alentejo');
insert into entidadeMeio values ('Bombeiros de Aljezur');
insert into entidadeMeio values ('Bombeiros de Vila Nova de Poiares');
insert into entidadeMeio values ('Bombeiros de Evora');
insert into entidadeMeio values ('Bombeiros de Alpiarca');
insert into entidadeMeio values ('Bombeiros de Marvao');
insert into entidadeMeio values ('Bombeiros de Lousada');
insert into entidadeMeio values ('Bombeiros de Crato');
insert into entidadeMeio values ('Bombeiros de Campo Maior');
insert into entidadeMeio values ('Bombeiros de Vinhais');
insert into entidadeMeio values ('Bombeiros de Caminha');
insert into entidadeMeio values ('Bombeiros de Moita');
insert into entidadeMeio values ('Bombeiros de Penafiel');
insert into entidadeMeio values ('Bombeiros de Amarante');
insert into entidadeMeio values ('Bombeiros de Nelas');
insert into entidadeMeio values ('Bombeiros de Alandroal');
insert into entidadeMeio values ('Bombeiros de Penalva do Castelo');
insert into entidadeMeio values ('Bombeiros de Alijo');
insert into entidadeMeio values ('Bombeiros de Cabeceiras de Basto');
insert into entidadeMeio values ('Bombeiros de Montemor-o-Velho');
insert into entidadeMeio values ('Bombeiros de Cartaxo');
insert into entidadeMeio values ('Bombeiros de Aveiro');
insert into entidadeMeio values ('Bombeiros de Vila Real de Santo Antonio');
insert into entidadeMeio values ('Bombeiros de Espinho');
insert into entidadeMeio values ('Bombeiros de Barrancos');
insert into entidadeMeio values ('Bombeiros de Coruche');
insert into entidadeMeio values ('Bombeiros de Santa Cruz das Flores');
insert into entidadeMeio values ('Bombeiros de Moncao');
insert into entidadeMeio values ('Bombeiros de Tarouca');
insert into entidadeMeio values ('Bombeiros de Mondim de Basto');
insert into entidadeMeio values ('Bombeiros de Santa Marta de Penaguiao');
insert into entidadeMeio values ('Bombeiros de Pampilhosa da Serra');
insert into entidadeMeio values ('Bombeiros de Lagoa');
insert into entidadeMeio values ('Bombeiros de Santa Cruz');
insert into entidadeMeio values ('Bombeiros de Terras de Bouro');
insert into entidadeMeio values ('Bombeiros de Sernancelhe');
insert into entidadeMeio values ('Bombeiros de Cuba');
insert into entidadeMeio values ('Bombeiros de Alfandega da Fe');
insert into entidadeMeio values ('Bombeiros de Ovar');
insert into entidadeMeio values ('Bombeiros de Palmela');
insert into entidadeMeio values ('Bombeiros de Sobral de Monte Agraco');
insert into entidadeMeio values ('Bombeiros de Golega');
insert into entidadeMeio values ('Bombeiros de Vieira do Minho');
insert into entidadeMeio values ('Bombeiros de Ansiao');
insert into entidadeMeio values ('Bombeiros de Beja');
insert into entidadeMeio values ('Bombeiros de Arruda dos Vinhos');
insert into entidadeMeio values ('Bombeiros de Serpa');
insert into entidadeMeio values ('Bombeiros de Vila Nova de Foz Coa');
insert into entidadeMeio values ('Bombeiros de Bombarral');
insert into entidadeMeio values ('Bombeiros de Maia');
insert into entidadeMeio values ('Bombeiros de Alcochete');
insert into entidadeMeio values ('Bombeiros de Praia da Vitoria');
insert into entidadeMeio values ('Bombeiros de Sabrosa');
insert into entidadeMeio values ('Bombeiros de Matosinhos');
insert into entidadeMeio values ('Bombeiros de Cascais');
insert into entidadeMeio values ('Bombeiros de Mafra');
insert into entidadeMeio values ('Bombeiros de Figueira de Castelo Rodrigo');
insert into entidadeMeio values ('Bombeiros de Paredes');
insert into entidadeMeio values ('Bombeiros de Coimbra');
insert into entidadeMeio values ('Bombeiros de Arcos de Valdevez');
insert into entidadeMeio values ('Bombeiros de Ribeira de Pena');
insert into entidadeMeio values ('Bombeiros de Serta');
insert into entidadeMeio values ('Bombeiros de Calheta');
insert into entidadeMeio values ('Bombeiros de Oliveira de Azemeis');
insert into entidadeMeio values ('Bombeiros de Miranda do Corvo');
insert into entidadeMeio values ('Bombeiros de Vila Velha de Rodao');
insert into entidadeMeio values ('Bombeiros de Arganil');
insert into entidadeMeio values ('Bombeiros de Sabugal');
insert into entidadeMeio values ('Bombeiros de Santa Comba Dao');
insert into entidadeMeio values ('Bombeiros de Arraiolos');
insert into entidadeMeio values ('Bombeiros de Murtosa');
insert into entidadeMeio values ('Bombeiros de Guimaraes');
insert into entidadeMeio values ('Bombeiros de Vale de Cambra');
insert into entidadeMeio values ('Bombeiros de Montalegre');
insert into entidadeMeio values ('Bombeiros de Condeixa-a-Nova');
insert into entidadeMeio values ('Bombeiros de Vila do Bispo');
insert into entidadeMeio values ('Bombeiros de Ourem');
insert into entidadeMeio values ('Bombeiros de Loule');
insert into entidadeMeio values ('Bombeiros de Braganca');
insert into entidadeMeio values ('Bombeiros de Ponte da Barca');
insert into entidadeMeio values ('Bombeiros de Constancia');
insert into entidadeMeio values ('Bombeiros de Avis');
insert into entidadeMeio values ('Bombeiros de Montemor-o-Novo');
insert into entidadeMeio values ('Bombeiros de Grandola');
insert into entidadeMeio values ('Bombeiros de Abrantes');
insert into entidadeMeio values ('Bombeiros de Fronteira');
insert into entidadeMeio values ('Bombeiros de Castelo de Paiva');
insert into entidadeMeio values ('Bombeiros de Sao Joao da Pesqueira');
insert into entidadeMeio values ('Bombeiros de Almeirim');
insert into entidadeMeio values ('Bombeiros de Machico');
insert into entidadeMeio values ('Bombeiros de Fornos de Algodres');
insert into entidadeMeio values ('Bombeiros de Seia');
insert into entidadeMeio values ('Bombeiros de Povoacao');
insert into entidadeMeio values ('Bombeiros de Marinha Grande');
insert into entidadeMeio values ('Bombeiros de Vila Nova de Gaia');
insert into entidadeMeio values ('Bombeiros de Figueira da Foz');
insert into entidadeMeio values ('Bombeiros de Alcobaca');
insert into entidadeMeio values ('Bombeiros de Oliveira de Frades');
insert into entidadeMeio values ('Bombeiros de Alter do Chao');
insert into entidadeMeio values ('Bombeiros de Freixo de Espada a Cinta');
insert into entidadeMeio values ('Bombeiros de Pedrogao Grande');
insert into entidadeMeio values ('Bombeiros de Tavira');
insert into entidadeMeio values ('Bombeiros de Vimioso');
insert into entidadeMeio values ('Bombeiros de Baiao');
insert into entidadeMeio values ('Bombeiros de Corvo');
insert into entidadeMeio values ('Bombeiros de Rio Maior');
insert into entidadeMeio values ('Bombeiros de Mourao');
insert into entidadeMeio values ('Bombeiros de Monforte');
insert into entidadeMeio values ('Bombeiros de Fundao');
insert into entidadeMeio values ('Bombeiros de Sao Bras de Alportel');
insert into entidadeMeio values ('Bombeiros de Chaves');
insert into entidadeMeio values ('Bombeiros de Azambuja');
insert into entidadeMeio values ('Bombeiros de Santa Cruz da Graciosa');
insert into entidadeMeio values ('Bombeiros de Porto de Mos');
insert into entidadeMeio values ('Bombeiros de Vizela');
insert into entidadeMeio values ('Bombeiros de Ponta do Sol');
insert into entidadeMeio values ('Bombeiros de Ilhavo');
insert into entidadeMeio values ('Bombeiros de Vidigueira');
insert into entidadeMeio values ('Bombeiros de Povoa de Lanhoso');
insert into entidadeMeio values ('Bombeiros de Gois');
insert into entidadeMeio values ('Bombeiros de Carregal do Sal');
insert into entidadeMeio values ('Bombeiros de Angra do Heroismo');
insert into entidadeMeio values ('Bombeiros de Sao Vicente');
insert into entidadeMeio values ('Bombeiros de Madalena');
insert into entidadeMeio values ('Bombeiros de Carrazeda de Ansiaes');
insert into entidadeMeio values ('Bombeiros de Oeiras');
insert into entidadeMeio values ('Bombeiros de Porto Moniz');
insert into entidadeMeio values ('Bombeiros de Vila Franca de Xira');
insert into entidadeMeio values ('Bombeiros de Torres Novas');
insert into entidadeMeio values ('Bombeiros de Sintra');
insert into entidadeMeio values ('Bombeiros de Castelo Branco');
insert into entidadeMeio values ('Bombeiros de Valongo');
insert into entidadeMeio values ('Bombeiros de Anadia');
insert into entidadeMeio values ('Bombeiros de Leiria');
insert into entidadeMeio values ('Bombeiros de Sousel');
insert into entidadeMeio values ('Bombeiros de Camara de Lobos');
insert into entidadeMeio values ('Bombeiros de Santiago do Cacem');
insert into entidadeMeio values ('Bombeiros de Cadaval');
insert into entidadeMeio values ('Bombeiros de Figueiro dos Vinhos');
insert into entidadeMeio values ('Bombeiros de Lousa');
insert into entidadeMeio values ('Bombeiros de Satao');
insert into entidadeMeio values ('Bombeiros de Almeida');
insert into entidadeMeio values ('Bombeiros de Soure');
insert into entidadeMeio values ('Bombeiros de Castro Marim');
insert into entidadeMeio values ('Bombeiros de Lagos');
insert into entidadeMeio values ('Bombeiros de Aguiar da Beira');
insert into entidadeMeio values ('Bombeiros de Santo Tirso');
insert into entidadeMeio values ('Bombeiros de Mortagua');
insert into entidadeMeio values ('Bombeiros de Lisboa');
insert into entidadeMeio values ('Bombeiros de Vila Nova da Barquinha');
insert into entidadeMeio values ('Bombeiros de Chamusca');
insert into entidadeMeio values ('Bombeiros de Alcacer do Sal');
insert into entidadeMeio values ('Bombeiros de Covilha');
insert into entidadeMeio values ('Bombeiros de Viseu');
insert into entidadeMeio values ('Bombeiros de Vila Pouca de Aguiar');
insert into entidadeMeio values ('Bombeiros de Ribeira Grande');
insert into entidadeMeio values ('Bombeiros de Mertola');
insert into entidadeMeio values ('Bombeiros de Almodovar');
insert into entidadeMeio values ('Bombeiros de Barreiro');
insert into entidadeMeio values ('Bombeiros de Ponta Delgada');
insert into entidadeMeio values ('Bombeiros de Arronches');
insert into entidadeMeio values ('Bombeiros de Mora');
insert into entidadeMeio values ('Bombeiros de Seixal');
insert into entidadeMeio values ('Bombeiros de Pombal');
insert into entidadeMeio values ('Bombeiros de Esposende');
insert into entidadeMeio values ('Bombeiros de Manteigas');
insert into entidadeMeio values ('Bombeiros de Alvito');
insert into entidadeMeio values ('Bombeiros de Castro Verde');
insert into entidadeMeio values ('Bombeiros de Portel');
insert into entidadeMeio values ('Bombeiros de Oleiros');
insert into entidadeMeio values ('Bombeiros de Lajes das Flores');
insert into entidadeMeio values ('Bombeiros de Silves');
insert into entidadeMeio values ('Bombeiros de Cinfaes');
insert into entidadeMeio values ('Bombeiros de Vouzela');
insert into entidadeMeio values ('Bombeiros de Macao');
insert into entidadeMeio values ('Bombeiros de Resende');
insert into entidadeMeio values ('Bombeiros de Redondo');
insert into entidadeMeio values ('Bombeiros de Alcanena');
insert into entidadeMeio values ('Bombeiros de Alcoutim');
insert into entidadeMeio values ('Bombeiros de Lajes do Pico');
insert into entidadeMeio values ('Bombeiros de Vila de Rei');
insert into entidadeMeio values ('Bombeiros de Penamacor');
insert into entidadeMeio values ('Bombeiros de Nordeste');
insert into entidadeMeio values ('Bombeiros de Mogadouro');
insert into entidadeMeio values ('Bombeiros de Oliveira do Bairro');
insert into entidadeMeio values ('Bombeiros de Estarreja');
insert into entidadeMeio values ('Bombeiros de Mealhada');
insert into entidadeMeio values ('Bombeiros de Tabuaco');
insert into entidadeMeio values ('Bombeiros de Celorico da Beira');
insert into entidadeMeio values ('Bombeiros de Pacos de Ferreira');
insert into entidadeMeio values ('Bombeiros de Trofa');
insert into entidadeMeio values ('Bombeiros de Nazare');
insert into entidadeMeio values ('Bombeiros de Sao Roque do Pico');
insert into entidadeMeio values ('Bombeiros de Olhao');
insert into entidadeMeio values ('Bombeiros de Murca');
insert into entidadeMeio values ('Bombeiros de Mesao Frio');
insert into entidadeMeio values ('Bombeiros de Castelo de Vide');
insert into entidadeMeio values ('Bombeiros de Torre de Moncorvo');
insert into entidadeMeio values ('Bombeiros de Tabua');
insert into entidadeMeio values ('Bombeiros de Mirandela');
insert into entidadeMeio values ('Bombeiros de Meda');
insert into entidadeMeio values ('Bombeiros de Peniche');
insert into entidadeMeio values ('Bombeiros de Lamego');
insert into entidadeMeio values ('Bombeiros de Santa Maria da Feira');
insert into entidadeMeio values ('Bombeiros de Armamar');
insert into entidadeMeio values ('Bombeiros de Ponte de Lima');
insert into entidadeMeio values ('Bombeiros de Paredes de Coura');
insert into entidadeMeio values ('Bombeiros de Gouveia');
insert into entidadeMeio values ('Bombeiros de Miranda do Douro');
insert into entidadeMeio values ('Bombeiros de Moimenta da Beira');
insert into entidadeMeio values ('Bombeiros de Ferreira do Zezere');
insert into entidadeMeio values ('Bombeiros de Portimao');
insert into entidadeMeio values ('Bombeiros de Obidos');
insert into entidadeMeio values ('Bombeiros de Ribeira Brava');
insert into entidadeMeio values ('Bombeiros de Idanha-a-Nova');
insert into entidadeMeio values ('Bombeiros de Gaviao');
insert into entidadeMeio values ('Bombeiros de Vagos');
insert into entidadeMeio values ('Bombeiros de Benavente');
insert into entidadeMeio values ('Bombeiros de Alvaiazere');
insert into entidadeMeio values ('Bombeiros de Melgaco');
insert into entidadeMeio values ('Bombeiros de Vila Vicosa');

insert into meio values (0, 'F-0', 'Fora Aerea');
insert into meio values (0, 'C-0', 'Exercito');
insert into meio values (1, 'F-1', 'Fora Aerea');
insert into meio values (2, 'F-2', 'Fora Aerea');
insert into meio values (3, 'F-3', 'Fora Aerea');
insert into meio values (4, 'F-4', 'Fora Aerea');
insert into meio values (5, 'F-5', 'Fora Aerea');
insert into meio values (1, 'C-1', 'Exercito');
insert into meio values (6, 'F-6', 'Fora Aerea');
insert into meio values (7, 'F-7', 'Fora Aerea');
insert into meio values (8, 'F-8', 'Fora Aerea');
insert into meio values (9, 'F-9', 'Fora Aerea');
insert into meio values (10, 'F-10', 'Fora Aerea');
insert into meio values (2, 'C-2', 'Exercito');
insert into meio values (11, 'F-11', 'Fora Aerea');
insert into meio values (12, 'F-12', 'Fora Aerea');
insert into meio values (13, 'F-13', 'Fora Aerea');
insert into meio values (14, 'F-14', 'Fora Aerea');
insert into meio values (15, 'F-15', 'Fora Aerea');
insert into meio values (3, 'C-3', 'Exercito');
insert into meio values (16, 'F-16', 'Fora Aerea');
insert into meio values (17, 'F-17', 'Fora Aerea');
insert into meio values (18, 'F-18', 'Fora Aerea');
insert into meio values (19, 'F-19', 'Fora Aerea');
insert into meio values (20, 'F-20', 'Fora Aerea');
insert into meio values (4, 'C-4', 'Exercito');
insert into meio values (21, 'F-21', 'Fora Aerea');
insert into meio values (22, 'F-22', 'Fora Aerea');
insert into meio values (23, 'F-23', 'Fora Aerea');
insert into meio values (24, 'F-24', 'Fora Aerea');
insert into meio values (25, 'F-25', 'Fora Aerea');
insert into meio values (5, 'C-5', 'Exercito');
insert into meio values (26, 'F-26', 'Fora Aerea');
insert into meio values (27, 'F-27', 'Fora Aerea');
insert into meio values (28, 'F-28', 'Fora Aerea');
insert into meio values (29, 'F-29', 'Fora Aerea');
insert into meio values (30, 'F-30', 'Fora Aerea');
insert into meio values (6, 'C-6', 'Exercito');
insert into meio values (31, 'F-31', 'Fora Aerea');
insert into meio values (32, 'F-32', 'Fora Aerea');
insert into meio values (33, 'F-33', 'Fora Aerea');
insert into meio values (34, 'F-34', 'Fora Aerea');
insert into meio values (35, 'F-35', 'Fora Aerea');
insert into meio values (7, 'C-7', 'Exercito');
insert into meio values (36, 'F-36', 'Fora Aerea');
insert into meio values (37, 'F-37', 'Fora Aerea');
insert into meio values (38, 'F-38', 'Fora Aerea');
insert into meio values (39, 'F-39', 'Fora Aerea');
insert into meio values (40, 'F-40', 'Fora Aerea');
insert into meio values (8, 'C-8', 'Exercito');
insert into meio values (41, 'F-41', 'Fora Aerea');
insert into meio values (42, 'F-42', 'Fora Aerea');
insert into meio values (43, 'F-43', 'Fora Aerea');
insert into meio values (44, 'F-44', 'Fora Aerea');
insert into meio values (45, 'F-45', 'Fora Aerea');
insert into meio values (9, 'C-9', 'Exercito');
insert into meio values (46, 'F-46', 'Fora Aerea');
insert into meio values (47, 'F-47', 'Fora Aerea');
insert into meio values (48, 'F-48', 'Fora Aerea');
insert into meio values (49, 'F-49', 'Fora Aerea');
insert into meio values (50, 'F-50', 'Fora Aerea');
insert into meio values (10, 'C-10', 'Exercito');
insert into meio values (51, 'F-51', 'Fora Aerea');
insert into meio values (52, 'F-52', 'Fora Aerea');
insert into meio values (53, 'F-53', 'Fora Aerea');
insert into meio values (54, 'F-54', 'Fora Aerea');
insert into meio values (55, 'F-55', 'Fora Aerea');
insert into meio values (11, 'C-11', 'Exercito');
insert into meio values (56, 'F-56', 'Fora Aerea');
insert into meio values (57, 'F-57', 'Fora Aerea');
insert into meio values (58, 'F-58', 'Fora Aerea');
insert into meio values (59, 'F-59', 'Fora Aerea');
insert into meio values (60, 'F-60', 'Fora Aerea');
insert into meio values (12, 'C-12', 'Exercito');
insert into meio values (61, 'F-61', 'Fora Aerea');
insert into meio values (62, 'F-62', 'Fora Aerea');
insert into meio values (63, 'F-63', 'Fora Aerea');
insert into meio values (64, 'F-64', 'Fora Aerea');
insert into meio values (65, 'F-65', 'Fora Aerea');
insert into meio values (13, 'C-13', 'Exercito');
insert into meio values (66, 'F-66', 'Fora Aerea');
insert into meio values (67, 'F-67', 'Fora Aerea');
insert into meio values (68, 'F-68', 'Fora Aerea');
insert into meio values (69, 'F-69', 'Fora Aerea');
insert into meio values (70, 'F-70', 'Fora Aerea');
insert into meio values (14, 'C-14', 'Exercito');
insert into meio values (71, 'F-71', 'Fora Aerea');
insert into meio values (72, 'F-72', 'Fora Aerea');
insert into meio values (73, 'F-73', 'Fora Aerea');
insert into meio values (74, 'F-74', 'Fora Aerea');
insert into meio values (75, 'F-75', 'Fora Aerea');
insert into meio values (15, 'C-15', 'Exercito');
insert into meio values (76, 'F-76', 'Fora Aerea');
insert into meio values (77, 'F-77', 'Fora Aerea');
insert into meio values (78, 'F-78', 'Fora Aerea');
insert into meio values (79, 'F-79', 'Fora Aerea');
insert into meio values (80, 'F-80', 'Fora Aerea');
insert into meio values (16, 'C-16', 'Exercito');
insert into meio values (81, 'F-81', 'Fora Aerea');
insert into meio values (82, 'F-82', 'Fora Aerea');
insert into meio values (83, 'F-83', 'Fora Aerea');
insert into meio values (84, 'F-84', 'Fora Aerea');
insert into meio values (85, 'F-85', 'Fora Aerea');
insert into meio values (17, 'C-17', 'Exercito');
insert into meio values (86, 'F-86', 'Fora Aerea');
insert into meio values (87, 'F-87', 'Fora Aerea');
insert into meio values (88, 'F-88', 'Fora Aerea');
insert into meio values (89, 'F-89', 'Fora Aerea');
insert into meio values (90, 'F-90', 'Fora Aerea');
insert into meio values (18, 'C-18', 'Exercito');
insert into meio values (91, 'F-91', 'Fora Aerea');
insert into meio values (92, 'F-92', 'Fora Aerea');
insert into meio values (93, 'F-93', 'Fora Aerea');
insert into meio values (94, 'F-94', 'Fora Aerea');
insert into meio values (95, 'F-95', 'Fora Aerea');
insert into meio values (19, 'C-19', 'Exercito');
insert into meio values (96, 'F-96', 'Fora Aerea');
insert into meio values (97, 'F-97', 'Fora Aerea');
insert into meio values (98, 'F-98', 'Fora Aerea');
insert into meio values (99, 'F-99', 'Fora Aerea');
insert into meio values (0, 'Ambulancia', 'Bombeiros de Oliveira do Hospital');
insert into meio values (1, 'Trator', 'Bombeiros de Oliveira do Hospital');
insert into meio values (0, 'Ambulancia', 'Bombeiros de Monchique');
insert into meio values (0, 'Ambulancia', 'Bombeiros de Albergaria-a-Velha');
insert into meio values (1, 'Trator', 'Bombeiros de Albergaria-a-Velha');
insert into meio values (0, 'Ambulancia', 'Bombeiros de Proenca-a-Nova');
insert into meio values (0, 'Ambulancia', 'Bombeiros de Valpacos');
insert into meio values (1, 'Trator', 'Bombeiros de Valpacos');
insert into meio values (0, 'Ambulancia', 'Bombeiros de Aljustrel');
insert into meio values (0, 'Ambulancia', 'Bombeiros de Sao Pedro do Sul');
insert into meio values (1, 'Trator', 'Bombeiros de Sao Pedro do Sul');
insert into meio values (0, 'Ambulancia', 'Bombeiros de Castro Daire');
insert into meio values (0, 'Ambulancia', 'Bombeiros de Batalha');
insert into meio values (1, 'Trator', 'Bombeiros de Batalha');
insert into meio values (0, 'Ambulancia', 'Bombeiros de Torres Vedras');
insert into meio values (0, 'Ambulancia', 'Bombeiros de Sesimbra');
insert into meio values (1, 'Trator', 'Bombeiros de Sesimbra');
insert into meio values (0, 'Ambulancia', 'Bombeiros de Tondela');
insert into meio values (0, 'Ambulancia', 'Bombeiros de Vila Verde');
insert into meio values (1, 'Trator', 'Bombeiros de Vila Verde');
insert into meio values (0, 'Ambulancia', 'Bombeiros de Amares');
insert into meio values (0, 'Ambulancia', 'Bombeiros de Ferreira do Alentejo');
insert into meio values (1, 'Trator', 'Bombeiros de Ferreira do Alentejo');
insert into meio values (0, 'Ambulancia', 'Bombeiros de Penacova');
insert into meio values (0, 'Ambulancia', 'Bombeiros de Salvaterra de Magos');
insert into meio values (1, 'Trator', 'Bombeiros de Salvaterra de Magos');
insert into meio values (0, 'Ambulancia', 'Bombeiros de Santarem');
insert into meio values (0, 'Ambulancia', 'Bombeiros de Alenquer');
insert into meio values (1, 'Trator', 'Bombeiros de Alenquer');
insert into meio values (0, 'Ambulancia', 'Bombeiros de Caldas da Rainha');
insert into meio values (0, 'Ambulancia', 'Bombeiros de Vila Real');
insert into meio values (1, 'Trator', 'Bombeiros de Vila Real');
insert into meio values (0, 'Ambulancia', 'Bombeiros de Boticas');
insert into meio values (0, 'Ambulancia', 'Bombeiros de Vila Flor');
insert into meio values (1, 'Trator', 'Bombeiros de Vila Flor');
insert into meio values (0, 'Ambulancia', 'Bombeiros de Velas');
insert into meio values (0, 'Ambulancia', 'Bombeiros de Sardoal');
insert into meio values (1, 'Trator', 'Bombeiros de Sardoal');
insert into meio values (0, 'Ambulancia', 'Bombeiros de Castanheira de Pera');
insert into meio values (0, 'Ambulancia', 'Bombeiros de Celorico de Basto');
insert into meio values (1, 'Trator', 'Bombeiros de Celorico de Basto');
insert into meio values (0, 'Ambulancia', 'Bombeiros de Belmonte');
insert into meio values (0, 'Ambulancia', 'Bombeiros de Almada');
insert into meio values (1, 'Trator', 'Bombeiros de Almada');
insert into meio values (0, 'Ambulancia', 'Bombeiros de Lourinha');
insert into meio values (0, 'Ambulancia', 'Bombeiros de Vila do Porto');
insert into meio values (1, 'Trator', 'Bombeiros de Vila do Porto');
insert into meio values (0, 'Ambulancia', 'Bombeiros de Mira');
insert into meio values (0, 'Ambulancia', 'Bombeiros de Povoa de Varzim');
insert into meio values (1, 'Trator', 'Bombeiros de Povoa de Varzim');
insert into meio values (0, 'Ambulancia', 'Bombeiros de Moura');
insert into meio values (0, 'Ambulancia', 'Bombeiros de Vila Nova de Famalicao');
insert into meio values (1, 'Trator', 'Bombeiros de Vila Nova de Famalicao');
insert into meio values (0, 'Ambulancia', 'Bombeiros de Nisa');
insert into meio values (0, 'Ambulancia', 'Bombeiros de Gondomar');
insert into meio values (1, 'Trator', 'Bombeiros de Gondomar');
insert into meio values (0, 'Ambulancia', 'Bombeiros de Viana do Castelo');
insert into meio values (0, 'Ambulancia', 'Bombeiros de Felgueiras');
insert into meio values (1, 'Trator', 'Bombeiros de Felgueiras');
insert into meio values (0, 'Ambulancia', 'Bombeiros de Guarda');
insert into meio values (0, 'Ambulancia', 'Bombeiros de Odivelas');
insert into meio values (1, 'Trator', 'Bombeiros de Odivelas');
insert into meio values (0, 'Ambulancia', 'Bombeiros de Odemira');
insert into meio values (0, 'Ambulancia', 'Bombeiros de Fafe');
insert into meio values (1, 'Trator', 'Bombeiros de Fafe');
insert into meio values (0, 'Ambulancia', 'Bombeiros de Ourique');
insert into meio values (0, 'Ambulancia', 'Bombeiros de Penela');
insert into meio values (1, 'Trator', 'Bombeiros de Penela');
insert into meio values (0, 'Ambulancia', 'Bombeiros de Vila Nova de Cerveira');
insert into meio values (0, 'Ambulancia', 'Bombeiros de Vila Franca do Campo');
insert into meio values (1, 'Trator', 'Bombeiros de Vila Franca do Campo');
insert into meio values (0, 'Ambulancia', 'Bombeiros de Agueda');
insert into meio values (0, 'Ambulancia', 'Bombeiros de Marco de Canaveses');
insert into meio values (1, 'Trator', 'Bombeiros de Marco de Canaveses');
insert into meio values (0, 'Ambulancia', 'Bombeiros de Arouca');
insert into meio values (0, 'Ambulancia', 'Bombeiros de Penedono');
insert into meio values (1, 'Trator', 'Bombeiros de Penedono');
insert into meio values (0, 'Ambulancia', 'Bombeiros de Vila Nova de Paiva');
insert into meio values (0, 'Ambulancia', 'Bombeiros de Trancoso');
insert into meio values (1, 'Trator', 'Bombeiros de Trancoso');
insert into meio values (0, 'Ambulancia', 'Bombeiros de Sever do Vouga');
insert into meio values (0, 'Ambulancia', 'Bombeiros de Loures');
insert into meio values (1, 'Trator', 'Bombeiros de Loures');
insert into meio values (0, 'Ambulancia', 'Bombeiros de Cantanhede');
insert into meio values (0, 'Ambulancia', 'Bombeiros de Viana do Alentejo');
insert into meio values (1, 'Trator', 'Bombeiros de Viana do Alentejo');
insert into meio values (0, 'Ambulancia', 'Bombeiros de Aljezur');
insert into meio values (0, 'Ambulancia', 'Bombeiros de Vila Nova de Poiares');
insert into meio values (1, 'Trator', 'Bombeiros de Vila Nova de Poiares');
insert into meio values (0, 'Ambulancia', 'Bombeiros de Evora');
insert into meio values (0, 'Ambulancia', 'Bombeiros de Alpiarca');
insert into meio values (1, 'Trator', 'Bombeiros de Alpiarca');
insert into meio values (0, 'Ambulancia', 'Bombeiros de Marvao');
insert into meio values (0, 'Ambulancia', 'Bombeiros de Lousada');
insert into meio values (1, 'Trator', 'Bombeiros de Lousada');
insert into meio values (0, 'Ambulancia', 'Bombeiros de Crato');
insert into meio values (0, 'Ambulancia', 'Bombeiros de Campo Maior');
insert into meio values (1, 'Trator', 'Bombeiros de Campo Maior');
insert into meio values (0, 'Ambulancia', 'Bombeiros de Vinhais');
insert into meio values (0, 'Ambulancia', 'Bombeiros de Caminha');
insert into meio values (1, 'Trator', 'Bombeiros de Caminha');
insert into meio values (0, 'Ambulancia', 'Bombeiros de Moita');
insert into meio values (0, 'Ambulancia', 'Bombeiros de Penafiel');
insert into meio values (1, 'Trator', 'Bombeiros de Penafiel');
insert into meio values (0, 'Ambulancia', 'Bombeiros de Amarante');
insert into meio values (0, 'Ambulancia', 'Bombeiros de Nelas');
insert into meio values (1, 'Trator', 'Bombeiros de Nelas');
insert into meio values (0, 'Ambulancia', 'Bombeiros de Alandroal');
insert into meio values (0, 'Ambulancia', 'Bombeiros de Penalva do Castelo');
insert into meio values (1, 'Trator', 'Bombeiros de Penalva do Castelo');
insert into meio values (0, 'Ambulancia', 'Bombeiros de Alijo');
insert into meio values (0, 'Ambulancia', 'Bombeiros de Cabeceiras de Basto');
insert into meio values (1, 'Trator', 'Bombeiros de Cabeceiras de Basto');
insert into meio values (0, 'Ambulancia', 'Bombeiros de Montemor-o-Velho');
insert into meio values (0, 'Ambulancia', 'Bombeiros de Cartaxo');
insert into meio values (1, 'Trator', 'Bombeiros de Cartaxo');
insert into meio values (0, 'Ambulancia', 'Bombeiros de Aveiro');
insert into meio values (0, 'Ambulancia', 'Bombeiros de Vila Real de Santo Antonio');
insert into meio values (1, 'Trator', 'Bombeiros de Vila Real de Santo Antonio');
insert into meio values (0, 'Ambulancia', 'Bombeiros de Espinho');
insert into meio values (0, 'Ambulancia', 'Bombeiros de Barrancos');
insert into meio values (1, 'Trator', 'Bombeiros de Barrancos');
insert into meio values (0, 'Ambulancia', 'Bombeiros de Coruche');
insert into meio values (0, 'Ambulancia', 'Bombeiros de Santa Cruz das Flores');
insert into meio values (1, 'Trator', 'Bombeiros de Santa Cruz das Flores');
insert into meio values (0, 'Ambulancia', 'Bombeiros de Moncao');
insert into meio values (0, 'Ambulancia', 'Bombeiros de Tarouca');
insert into meio values (1, 'Trator', 'Bombeiros de Tarouca');
insert into meio values (0, 'Ambulancia', 'Bombeiros de Mondim de Basto');
insert into meio values (0, 'Ambulancia', 'Bombeiros de Santa Marta de Penaguiao');
insert into meio values (1, 'Trator', 'Bombeiros de Santa Marta de Penaguiao');
insert into meio values (0, 'Ambulancia', 'Bombeiros de Pampilhosa da Serra');
insert into meio values (0, 'Ambulancia', 'Bombeiros de Lagoa');
insert into meio values (1, 'Trator', 'Bombeiros de Lagoa');
insert into meio values (0, 'Ambulancia', 'Bombeiros de Santa Cruz');
insert into meio values (0, 'Ambulancia', 'Bombeiros de Terras de Bouro');
insert into meio values (1, 'Trator', 'Bombeiros de Terras de Bouro');
insert into meio values (0, 'Ambulancia', 'Bombeiros de Sernancelhe');
insert into meio values (0, 'Ambulancia', 'Bombeiros de Cuba');
insert into meio values (1, 'Trator', 'Bombeiros de Cuba');
insert into meio values (0, 'Ambulancia', 'Bombeiros de Alfandega da Fe');
insert into meio values (0, 'Ambulancia', 'Bombeiros de Ovar');
insert into meio values (1, 'Trator', 'Bombeiros de Ovar');
insert into meio values (0, 'Ambulancia', 'Bombeiros de Palmela');
insert into meio values (0, 'Ambulancia', 'Bombeiros de Sobral de Monte Agraco');
insert into meio values (1, 'Trator', 'Bombeiros de Sobral de Monte Agraco');
insert into meio values (0, 'Ambulancia', 'Bombeiros de Golega');
insert into meio values (0, 'Ambulancia', 'Bombeiros de Vieira do Minho');
insert into meio values (1, 'Trator', 'Bombeiros de Vieira do Minho');
insert into meio values (0, 'Ambulancia', 'Bombeiros de Ansiao');
insert into meio values (0, 'Ambulancia', 'Bombeiros de Beja');
insert into meio values (1, 'Trator', 'Bombeiros de Beja');
insert into meio values (0, 'Ambulancia', 'Bombeiros de Arruda dos Vinhos');
insert into meio values (0, 'Ambulancia', 'Bombeiros de Serpa');
insert into meio values (1, 'Trator', 'Bombeiros de Serpa');
insert into meio values (0, 'Ambulancia', 'Bombeiros de Vila Nova de Foz Coa');
insert into meio values (0, 'Ambulancia', 'Bombeiros de Bombarral');
insert into meio values (1, 'Trator', 'Bombeiros de Bombarral');
insert into meio values (0, 'Ambulancia', 'Bombeiros de Maia');
insert into meio values (0, 'Ambulancia', 'Bombeiros de Alcochete');
insert into meio values (1, 'Trator', 'Bombeiros de Alcochete');
insert into meio values (0, 'Ambulancia', 'Bombeiros de Praia da Vitoria');
insert into meio values (0, 'Ambulancia', 'Bombeiros de Sabrosa');
insert into meio values (1, 'Trator', 'Bombeiros de Sabrosa');
insert into meio values (0, 'Ambulancia', 'Bombeiros de Matosinhos');
insert into meio values (0, 'Ambulancia', 'Bombeiros de Cascais');
insert into meio values (1, 'Trator', 'Bombeiros de Cascais');
insert into meio values (0, 'Ambulancia', 'Bombeiros de Mafra');
insert into meio values (0, 'Ambulancia', 'Bombeiros de Figueira de Castelo Rodrigo');
insert into meio values (1, 'Trator', 'Bombeiros de Figueira de Castelo Rodrigo');
insert into meio values (0, 'Ambulancia', 'Bombeiros de Paredes');
insert into meio values (0, 'Ambulancia', 'Bombeiros de Coimbra');
insert into meio values (1, 'Trator', 'Bombeiros de Coimbra');
insert into meio values (0, 'Ambulancia', 'Bombeiros de Arcos de Valdevez');
insert into meio values (0, 'Ambulancia', 'Bombeiros de Ribeira de Pena');
insert into meio values (1, 'Trator', 'Bombeiros de Ribeira de Pena');
insert into meio values (0, 'Ambulancia', 'Bombeiros de Serta');
insert into meio values (0, 'Ambulancia', 'Bombeiros de Calheta');
insert into meio values (1, 'Trator', 'Bombeiros de Calheta');
insert into meio values (0, 'Ambulancia', 'Bombeiros de Oliveira de Azemeis');
insert into meio values (0, 'Ambulancia', 'Bombeiros de Miranda do Corvo');
insert into meio values (1, 'Trator', 'Bombeiros de Miranda do Corvo');
insert into meio values (0, 'Ambulancia', 'Bombeiros de Vila Velha de Rodao');
insert into meio values (0, 'Ambulancia', 'Bombeiros de Arganil');
insert into meio values (1, 'Trator', 'Bombeiros de Arganil');
insert into meio values (0, 'Ambulancia', 'Bombeiros de Sabugal');
insert into meio values (0, 'Ambulancia', 'Bombeiros de Santa Comba Dao');
insert into meio values (1, 'Trator', 'Bombeiros de Santa Comba Dao');
insert into meio values (0, 'Ambulancia', 'Bombeiros de Arraiolos');
insert into meio values (0, 'Ambulancia', 'Bombeiros de Murtosa');
insert into meio values (1, 'Trator', 'Bombeiros de Murtosa');
insert into meio values (0, 'Ambulancia', 'Bombeiros de Guimaraes');
insert into meio values (0, 'Ambulancia', 'Bombeiros de Vale de Cambra');
insert into meio values (1, 'Trator', 'Bombeiros de Vale de Cambra');
insert into meio values (0, 'Ambulancia', 'Bombeiros de Montalegre');
insert into meio values (0, 'Ambulancia', 'Bombeiros de Condeixa-a-Nova');
insert into meio values (1, 'Trator', 'Bombeiros de Condeixa-a-Nova');
insert into meio values (0, 'Ambulancia', 'Bombeiros de Vila do Bispo');
insert into meio values (0, 'Ambulancia', 'Bombeiros de Ourem');
insert into meio values (1, 'Trator', 'Bombeiros de Ourem');
insert into meio values (0, 'Ambulancia', 'Bombeiros de Loule');
insert into meio values (0, 'Ambulancia', 'Bombeiros de Braganca');
insert into meio values (1, 'Trator', 'Bombeiros de Braganca');
insert into meio values (0, 'Ambulancia', 'Bombeiros de Ponte da Barca');
insert into meio values (0, 'Ambulancia', 'Bombeiros de Constancia');
insert into meio values (1, 'Trator', 'Bombeiros de Constancia');
insert into meio values (0, 'Ambulancia', 'Bombeiros de Avis');
insert into meio values (0, 'Ambulancia', 'Bombeiros de Montemor-o-Novo');
insert into meio values (1, 'Trator', 'Bombeiros de Montemor-o-Novo');
insert into meio values (0, 'Ambulancia', 'Bombeiros de Grandola');
insert into meio values (0, 'Ambulancia', 'Bombeiros de Abrantes');
insert into meio values (1, 'Trator', 'Bombeiros de Abrantes');
insert into meio values (0, 'Ambulancia', 'Bombeiros de Fronteira');
insert into meio values (0, 'Ambulancia', 'Bombeiros de Castelo de Paiva');
insert into meio values (1, 'Trator', 'Bombeiros de Castelo de Paiva');
insert into meio values (0, 'Ambulancia', 'Bombeiros de Sao Joao da Pesqueira');
insert into meio values (0, 'Ambulancia', 'Bombeiros de Almeirim');
insert into meio values (1, 'Trator', 'Bombeiros de Almeirim');
insert into meio values (0, 'Ambulancia', 'Bombeiros de Machico');
insert into meio values (0, 'Ambulancia', 'Bombeiros de Fornos de Algodres');
insert into meio values (1, 'Trator', 'Bombeiros de Fornos de Algodres');
insert into meio values (0, 'Ambulancia', 'Bombeiros de Seia');
insert into meio values (0, 'Ambulancia', 'Bombeiros de Povoacao');
insert into meio values (1, 'Trator', 'Bombeiros de Povoacao');
insert into meio values (0, 'Ambulancia', 'Bombeiros de Marinha Grande');
insert into meio values (0, 'Ambulancia', 'Bombeiros de Vila Nova de Gaia');
insert into meio values (1, 'Trator', 'Bombeiros de Vila Nova de Gaia');
insert into meio values (0, 'Ambulancia', 'Bombeiros de Figueira da Foz');
insert into meio values (0, 'Ambulancia', 'Bombeiros de Alcobaca');
insert into meio values (1, 'Trator', 'Bombeiros de Alcobaca');
insert into meio values (0, 'Ambulancia', 'Bombeiros de Oliveira de Frades');
insert into meio values (0, 'Ambulancia', 'Bombeiros de Alter do Chao');
insert into meio values (1, 'Trator', 'Bombeiros de Alter do Chao');
insert into meio values (0, 'Ambulancia', 'Bombeiros de Freixo de Espada a Cinta');
insert into meio values (0, 'Ambulancia', 'Bombeiros de Pedrogao Grande');
insert into meio values (1, 'Trator', 'Bombeiros de Pedrogao Grande');
insert into meio values (0, 'Ambulancia', 'Bombeiros de Tavira');
insert into meio values (0, 'Ambulancia', 'Bombeiros de Vimioso');
insert into meio values (1, 'Trator', 'Bombeiros de Vimioso');
insert into meio values (0, 'Ambulancia', 'Bombeiros de Baiao');
insert into meio values (0, 'Ambulancia', 'Bombeiros de Corvo');
insert into meio values (1, 'Trator', 'Bombeiros de Corvo');
insert into meio values (0, 'Ambulancia', 'Bombeiros de Rio Maior');
insert into meio values (0, 'Ambulancia', 'Bombeiros de Mourao');
insert into meio values (1, 'Trator', 'Bombeiros de Mourao');
insert into meio values (0, 'Ambulancia', 'Bombeiros de Monforte');
insert into meio values (0, 'Ambulancia', 'Bombeiros de Fundao');
insert into meio values (1, 'Trator', 'Bombeiros de Fundao');
insert into meio values (0, 'Ambulancia', 'Bombeiros de Sao Bras de Alportel');
insert into meio values (0, 'Ambulancia', 'Bombeiros de Chaves');
insert into meio values (1, 'Trator', 'Bombeiros de Chaves');
insert into meio values (0, 'Ambulancia', 'Bombeiros de Azambuja');
insert into meio values (0, 'Ambulancia', 'Bombeiros de Santa Cruz da Graciosa');
insert into meio values (1, 'Trator', 'Bombeiros de Santa Cruz da Graciosa');
insert into meio values (0, 'Ambulancia', 'Bombeiros de Porto de Mos');
insert into meio values (0, 'Ambulancia', 'Bombeiros de Vizela');
insert into meio values (1, 'Trator', 'Bombeiros de Vizela');
insert into meio values (0, 'Ambulancia', 'Bombeiros de Ponta do Sol');
insert into meio values (0, 'Ambulancia', 'Bombeiros de Ilhavo');
insert into meio values (1, 'Trator', 'Bombeiros de Ilhavo');
insert into meio values (0, 'Ambulancia', 'Bombeiros de Vidigueira');
insert into meio values (0, 'Ambulancia', 'Bombeiros de Povoa de Lanhoso');
insert into meio values (1, 'Trator', 'Bombeiros de Povoa de Lanhoso');
insert into meio values (0, 'Ambulancia', 'Bombeiros de Gois');
insert into meio values (0, 'Ambulancia', 'Bombeiros de Carregal do Sal');
insert into meio values (1, 'Trator', 'Bombeiros de Carregal do Sal');
insert into meio values (0, 'Ambulancia', 'Bombeiros de Angra do Heroismo');
insert into meio values (0, 'Ambulancia', 'Bombeiros de Sao Vicente');
insert into meio values (1, 'Trator', 'Bombeiros de Sao Vicente');
insert into meio values (0, 'Ambulancia', 'Bombeiros de Madalena');
insert into meio values (0, 'Ambulancia', 'Bombeiros de Carrazeda de Ansiaes');
insert into meio values (1, 'Trator', 'Bombeiros de Carrazeda de Ansiaes');
insert into meio values (0, 'Ambulancia', 'Bombeiros de Oeiras');
insert into meio values (0, 'Ambulancia', 'Bombeiros de Porto Moniz');
insert into meio values (1, 'Trator', 'Bombeiros de Porto Moniz');
insert into meio values (0, 'Ambulancia', 'Bombeiros de Vila Franca de Xira');
insert into meio values (0, 'Ambulancia', 'Bombeiros de Torres Novas');
insert into meio values (1, 'Trator', 'Bombeiros de Torres Novas');
insert into meio values (0, 'Ambulancia', 'Bombeiros de Sintra');
insert into meio values (0, 'Ambulancia', 'Bombeiros de Castelo Branco');
insert into meio values (1, 'Trator', 'Bombeiros de Castelo Branco');
insert into meio values (0, 'Ambulancia', 'Bombeiros de Valongo');
insert into meio values (0, 'Ambulancia', 'Bombeiros de Anadia');
insert into meio values (1, 'Trator', 'Bombeiros de Anadia');
insert into meio values (0, 'Ambulancia', 'Bombeiros de Leiria');
insert into meio values (0, 'Ambulancia', 'Bombeiros de Sousel');
insert into meio values (1, 'Trator', 'Bombeiros de Sousel');
insert into meio values (0, 'Ambulancia', 'Bombeiros de Camara de Lobos');
insert into meio values (0, 'Ambulancia', 'Bombeiros de Santiago do Cacem');
insert into meio values (1, 'Trator', 'Bombeiros de Santiago do Cacem');
insert into meio values (0, 'Ambulancia', 'Bombeiros de Cadaval');
insert into meio values (0, 'Ambulancia', 'Bombeiros de Figueiro dos Vinhos');
insert into meio values (1, 'Trator', 'Bombeiros de Figueiro dos Vinhos');
insert into meio values (0, 'Ambulancia', 'Bombeiros de Lousa');
insert into meio values (0, 'Ambulancia', 'Bombeiros de Satao');
insert into meio values (1, 'Trator', 'Bombeiros de Satao');
insert into meio values (0, 'Ambulancia', 'Bombeiros de Almeida');
insert into meio values (0, 'Ambulancia', 'Bombeiros de Soure');
insert into meio values (1, 'Trator', 'Bombeiros de Soure');
insert into meio values (0, 'Ambulancia', 'Bombeiros de Castro Marim');
insert into meio values (0, 'Ambulancia', 'Bombeiros de Lagos');
insert into meio values (1, 'Trator', 'Bombeiros de Lagos');
insert into meio values (0, 'Ambulancia', 'Bombeiros de Aguiar da Beira');
insert into meio values (0, 'Ambulancia', 'Bombeiros de Santo Tirso');
insert into meio values (1, 'Trator', 'Bombeiros de Santo Tirso');
insert into meio values (0, 'Ambulancia', 'Bombeiros de Mortagua');
insert into meio values (0, 'Ambulancia', 'Bombeiros de Lisboa');
insert into meio values (1, 'Trator', 'Bombeiros de Lisboa');
insert into meio values (0, 'Ambulancia', 'Bombeiros de Vila Nova da Barquinha');
insert into meio values (0, 'Ambulancia', 'Bombeiros de Chamusca');
insert into meio values (1, 'Trator', 'Bombeiros de Chamusca');
insert into meio values (0, 'Ambulancia', 'Bombeiros de Alcacer do Sal');
insert into meio values (0, 'Ambulancia', 'Bombeiros de Covilha');
insert into meio values (1, 'Trator', 'Bombeiros de Covilha');
insert into meio values (0, 'Ambulancia', 'Bombeiros de Viseu');
insert into meio values (0, 'Ambulancia', 'Bombeiros de Vila Pouca de Aguiar');
insert into meio values (1, 'Trator', 'Bombeiros de Vila Pouca de Aguiar');
insert into meio values (0, 'Ambulancia', 'Bombeiros de Ribeira Grande');
insert into meio values (0, 'Ambulancia', 'Bombeiros de Mertola');
insert into meio values (1, 'Trator', 'Bombeiros de Mertola');
insert into meio values (0, 'Ambulancia', 'Bombeiros de Almodovar');
insert into meio values (0, 'Ambulancia', 'Bombeiros de Barreiro');
insert into meio values (1, 'Trator', 'Bombeiros de Barreiro');
insert into meio values (0, 'Ambulancia', 'Bombeiros de Ponta Delgada');
insert into meio values (0, 'Ambulancia', 'Bombeiros de Arronches');
insert into meio values (1, 'Trator', 'Bombeiros de Arronches');
insert into meio values (0, 'Ambulancia', 'Bombeiros de Mora');
insert into meio values (0, 'Ambulancia', 'Bombeiros de Seixal');
insert into meio values (1, 'Trator', 'Bombeiros de Seixal');
insert into meio values (0, 'Ambulancia', 'Bombeiros de Pombal');
insert into meio values (0, 'Ambulancia', 'Bombeiros de Esposende');
insert into meio values (1, 'Trator', 'Bombeiros de Esposende');
insert into meio values (0, 'Ambulancia', 'Bombeiros de Manteigas');
insert into meio values (0, 'Ambulancia', 'Bombeiros de Alvito');
insert into meio values (1, 'Trator', 'Bombeiros de Alvito');
insert into meio values (0, 'Ambulancia', 'Bombeiros de Castro Verde');
insert into meio values (0, 'Ambulancia', 'Bombeiros de Portel');
insert into meio values (1, 'Trator', 'Bombeiros de Portel');
insert into meio values (0, 'Ambulancia', 'Bombeiros de Oleiros');
insert into meio values (0, 'Ambulancia', 'Bombeiros de Lajes das Flores');
insert into meio values (1, 'Trator', 'Bombeiros de Lajes das Flores');
insert into meio values (0, 'Ambulancia', 'Bombeiros de Silves');
insert into meio values (0, 'Ambulancia', 'Bombeiros de Cinfaes');
insert into meio values (1, 'Trator', 'Bombeiros de Cinfaes');
insert into meio values (0, 'Ambulancia', 'Bombeiros de Vouzela');
insert into meio values (0, 'Ambulancia', 'Bombeiros de Macao');
insert into meio values (1, 'Trator', 'Bombeiros de Macao');
insert into meio values (0, 'Ambulancia', 'Bombeiros de Resende');
insert into meio values (0, 'Ambulancia', 'Bombeiros de Redondo');
insert into meio values (1, 'Trator', 'Bombeiros de Redondo');
insert into meio values (0, 'Ambulancia', 'Bombeiros de Alcanena');
insert into meio values (0, 'Ambulancia', 'Bombeiros de Alcoutim');
insert into meio values (1, 'Trator', 'Bombeiros de Alcoutim');
insert into meio values (0, 'Ambulancia', 'Bombeiros de Lajes do Pico');
insert into meio values (0, 'Ambulancia', 'Bombeiros de Vila de Rei');
insert into meio values (1, 'Trator', 'Bombeiros de Vila de Rei');
insert into meio values (0, 'Ambulancia', 'Bombeiros de Penamacor');
insert into meio values (0, 'Ambulancia', 'Bombeiros de Nordeste');
insert into meio values (1, 'Trator', 'Bombeiros de Nordeste');
insert into meio values (0, 'Ambulancia', 'Bombeiros de Mogadouro');
insert into meio values (0, 'Ambulancia', 'Bombeiros de Oliveira do Bairro');
insert into meio values (1, 'Trator', 'Bombeiros de Oliveira do Bairro');
insert into meio values (0, 'Ambulancia', 'Bombeiros de Estarreja');
insert into meio values (0, 'Ambulancia', 'Bombeiros de Mealhada');
insert into meio values (1, 'Trator', 'Bombeiros de Mealhada');
insert into meio values (0, 'Ambulancia', 'Bombeiros de Tabuaco');
insert into meio values (0, 'Ambulancia', 'Bombeiros de Celorico da Beira');
insert into meio values (1, 'Trator', 'Bombeiros de Celorico da Beira');
insert into meio values (0, 'Ambulancia', 'Bombeiros de Pacos de Ferreira');
insert into meio values (0, 'Ambulancia', 'Bombeiros de Trofa');
insert into meio values (1, 'Trator', 'Bombeiros de Trofa');
insert into meio values (0, 'Ambulancia', 'Bombeiros de Nazare');
insert into meio values (0, 'Ambulancia', 'Bombeiros de Sao Roque do Pico');
insert into meio values (1, 'Trator', 'Bombeiros de Sao Roque do Pico');
insert into meio values (0, 'Ambulancia', 'Bombeiros de Olhao');
insert into meio values (0, 'Ambulancia', 'Bombeiros de Murca');
insert into meio values (1, 'Trator', 'Bombeiros de Murca');
insert into meio values (0, 'Ambulancia', 'Bombeiros de Mesao Frio');
insert into meio values (0, 'Ambulancia', 'Bombeiros de Castelo de Vide');
insert into meio values (1, 'Trator', 'Bombeiros de Castelo de Vide');
insert into meio values (0, 'Ambulancia', 'Bombeiros de Torre de Moncorvo');
insert into meio values (0, 'Ambulancia', 'Bombeiros de Tabua');
insert into meio values (1, 'Trator', 'Bombeiros de Tabua');
insert into meio values (0, 'Ambulancia', 'Bombeiros de Mirandela');
insert into meio values (0, 'Ambulancia', 'Bombeiros de Meda');
insert into meio values (1, 'Trator', 'Bombeiros de Meda');
insert into meio values (0, 'Ambulancia', 'Bombeiros de Peniche');
insert into meio values (0, 'Ambulancia', 'Bombeiros de Lamego');
insert into meio values (1, 'Trator', 'Bombeiros de Lamego');
insert into meio values (0, 'Ambulancia', 'Bombeiros de Santa Maria da Feira');
insert into meio values (0, 'Ambulancia', 'Bombeiros de Armamar');
insert into meio values (1, 'Trator', 'Bombeiros de Armamar');
insert into meio values (0, 'Ambulancia', 'Bombeiros de Ponte de Lima');
insert into meio values (0, 'Ambulancia', 'Bombeiros de Paredes de Coura');
insert into meio values (1, 'Trator', 'Bombeiros de Paredes de Coura');
insert into meio values (0, 'Ambulancia', 'Bombeiros de Gouveia');
insert into meio values (0, 'Ambulancia', 'Bombeiros de Miranda do Douro');
insert into meio values (1, 'Trator', 'Bombeiros de Miranda do Douro');
insert into meio values (0, 'Ambulancia', 'Bombeiros de Moimenta da Beira');
insert into meio values (0, 'Ambulancia', 'Bombeiros de Ferreira do Zezere');
insert into meio values (1, 'Trator', 'Bombeiros de Ferreira do Zezere');
insert into meio values (0, 'Ambulancia', 'Bombeiros de Portimao');
insert into meio values (0, 'Ambulancia', 'Bombeiros de Obidos');
insert into meio values (1, 'Trator', 'Bombeiros de Obidos');
insert into meio values (0, 'Ambulancia', 'Bombeiros de Ribeira Brava');
insert into meio values (0, 'Ambulancia', 'Bombeiros de Idanha-a-Nova');
insert into meio values (1, 'Trator', 'Bombeiros de Idanha-a-Nova');
insert into meio values (0, 'Ambulancia', 'Bombeiros de Gaviao');
insert into meio values (0, 'Ambulancia', 'Bombeiros de Vagos');
insert into meio values (1, 'Trator', 'Bombeiros de Vagos');
insert into meio values (0, 'Ambulancia', 'Bombeiros de Benavente');
insert into meio values (0, 'Ambulancia', 'Bombeiros de Alvaiazere');
insert into meio values (1, 'Trator', 'Bombeiros de Alvaiazere');
insert into meio values (0, 'Ambulancia', 'Bombeiros de Melgaco');
insert into meio values (0, 'Ambulancia', 'Bombeiros de Vila Vicosa');
insert into meio values (1, 'Trator', 'Bombeiros de Vila Vicosa');

insert into meioCombate values (0, 'Fora Aerea');
insert into meioCombate values (0, 'Exercito');
insert into meioCombate values (1, 'Fora Aerea');
insert into meioCombate values (2, 'Fora Aerea');
insert into meioCombate values (3, 'Fora Aerea');
insert into meioCombate values (4, 'Fora Aerea');
insert into meioCombate values (5, 'Fora Aerea');
insert into meioCombate values (1, 'Exercito');
insert into meioCombate values (6, 'Fora Aerea');
insert into meioCombate values (7, 'Fora Aerea');
insert into meioCombate values (8, 'Fora Aerea');
insert into meioCombate values (9, 'Fora Aerea');
insert into meioCombate values (10, 'Fora Aerea');
insert into meioCombate values (2, 'Exercito');
insert into meioCombate values (11, 'Fora Aerea');
insert into meioCombate values (12, 'Fora Aerea');
insert into meioCombate values (13, 'Fora Aerea');
insert into meioCombate values (14, 'Fora Aerea');
insert into meioCombate values (15, 'Fora Aerea');
insert into meioCombate values (3, 'Exercito');
insert into meioCombate values (16, 'Fora Aerea');
insert into meioCombate values (17, 'Fora Aerea');
insert into meioCombate values (18, 'Fora Aerea');
insert into meioCombate values (19, 'Fora Aerea');
insert into meioCombate values (20, 'Fora Aerea');
insert into meioCombate values (4, 'Exercito');
insert into meioCombate values (21, 'Fora Aerea');
insert into meioCombate values (22, 'Fora Aerea');
insert into meioCombate values (23, 'Fora Aerea');
insert into meioCombate values (24, 'Fora Aerea');
insert into meioCombate values (25, 'Fora Aerea');
insert into meioCombate values (5, 'Exercito');
insert into meioCombate values (26, 'Fora Aerea');
insert into meioCombate values (27, 'Fora Aerea');
insert into meioCombate values (28, 'Fora Aerea');
insert into meioCombate values (29, 'Fora Aerea');
insert into meioCombate values (30, 'Fora Aerea');
insert into meioCombate values (6, 'Exercito');
insert into meioCombate values (31, 'Fora Aerea');
insert into meioCombate values (32, 'Fora Aerea');
insert into meioCombate values (33, 'Fora Aerea');
insert into meioCombate values (34, 'Fora Aerea');
insert into meioCombate values (35, 'Fora Aerea');
insert into meioCombate values (7, 'Exercito');
insert into meioCombate values (36, 'Fora Aerea');
insert into meioCombate values (37, 'Fora Aerea');
insert into meioCombate values (38, 'Fora Aerea');
insert into meioCombate values (39, 'Fora Aerea');
insert into meioCombate values (40, 'Fora Aerea');
insert into meioCombate values (8, 'Exercito');
insert into meioCombate values (41, 'Fora Aerea');
insert into meioCombate values (42, 'Fora Aerea');
insert into meioCombate values (43, 'Fora Aerea');
insert into meioCombate values (44, 'Fora Aerea');
insert into meioCombate values (45, 'Fora Aerea');
insert into meioCombate values (9, 'Exercito');
insert into meioCombate values (46, 'Fora Aerea');
insert into meioCombate values (47, 'Fora Aerea');
insert into meioCombate values (48, 'Fora Aerea');
insert into meioCombate values (49, 'Fora Aerea');
insert into meioCombate values (50, 'Fora Aerea');
insert into meioCombate values (10, 'Exercito');
insert into meioCombate values (51, 'Fora Aerea');
insert into meioCombate values (52, 'Fora Aerea');
insert into meioCombate values (53, 'Fora Aerea');
insert into meioCombate values (54, 'Fora Aerea');
insert into meioCombate values (55, 'Fora Aerea');
insert into meioCombate values (11, 'Exercito');
insert into meioCombate values (56, 'Fora Aerea');
insert into meioCombate values (57, 'Fora Aerea');
insert into meioCombate values (58, 'Fora Aerea');
insert into meioCombate values (59, 'Fora Aerea');
insert into meioCombate values (60, 'Fora Aerea');
insert into meioCombate values (12, 'Exercito');
insert into meioCombate values (61, 'Fora Aerea');
insert into meioCombate values (62, 'Fora Aerea');
insert into meioCombate values (63, 'Fora Aerea');
insert into meioCombate values (64, 'Fora Aerea');
insert into meioCombate values (65, 'Fora Aerea');
insert into meioCombate values (13, 'Exercito');
insert into meioCombate values (66, 'Fora Aerea');
insert into meioCombate values (67, 'Fora Aerea');
insert into meioCombate values (68, 'Fora Aerea');
insert into meioCombate values (69, 'Fora Aerea');
insert into meioCombate values (70, 'Fora Aerea');
insert into meioCombate values (14, 'Exercito');
insert into meioCombate values (71, 'Fora Aerea');
insert into meioCombate values (72, 'Fora Aerea');
insert into meioCombate values (73, 'Fora Aerea');
insert into meioCombate values (74, 'Fora Aerea');
insert into meioCombate values (75, 'Fora Aerea');
insert into meioCombate values (15, 'Exercito');
insert into meioCombate values (76, 'Fora Aerea');
insert into meioCombate values (77, 'Fora Aerea');
insert into meioCombate values (78, 'Fora Aerea');
insert into meioCombate values (79, 'Fora Aerea');
insert into meioCombate values (80, 'Fora Aerea');
insert into meioCombate values (16, 'Exercito');
insert into meioCombate values (81, 'Fora Aerea');
insert into meioCombate values (82, 'Fora Aerea');
insert into meioCombate values (83, 'Fora Aerea');
insert into meioCombate values (84, 'Fora Aerea');
insert into meioCombate values (85, 'Fora Aerea');
insert into meioCombate values (17, 'Exercito');
insert into meioCombate values (86, 'Fora Aerea');
insert into meioCombate values (87, 'Fora Aerea');
insert into meioCombate values (88, 'Fora Aerea');
insert into meioCombate values (89, 'Fora Aerea');
insert into meioCombate values (90, 'Fora Aerea');
insert into meioCombate values (18, 'Exercito');
insert into meioCombate values (91, 'Fora Aerea');
insert into meioCombate values (92, 'Fora Aerea');
insert into meioCombate values (93, 'Fora Aerea');
insert into meioCombate values (94, 'Fora Aerea');
insert into meioCombate values (95, 'Fora Aerea');
insert into meioCombate values (19, 'Exercito');
insert into meioCombate values (96, 'Fora Aerea');
insert into meioCombate values (97, 'Fora Aerea');
insert into meioCombate values (98, 'Fora Aerea');
insert into meioCombate values (99, 'Fora Aerea');

insert into meioApoio values (1, 'Bombeiros de Oliveira do Hospital');
insert into meioApoio values (1, 'Bombeiros de Albergaria-a-Velha');
insert into meioApoio values (1, 'Bombeiros de Valpacos');
insert into meioApoio values (1, 'Bombeiros de Sao Pedro do Sul');
insert into meioApoio values (1, 'Bombeiros de Batalha');
insert into meioApoio values (1, 'Bombeiros de Sesimbra');
insert into meioApoio values (1, 'Bombeiros de Vila Verde');
insert into meioApoio values (1, 'Bombeiros de Ferreira do Alentejo');
insert into meioApoio values (1, 'Bombeiros de Salvaterra de Magos');
insert into meioApoio values (1, 'Bombeiros de Alenquer');
insert into meioApoio values (1, 'Bombeiros de Vila Real');
insert into meioApoio values (1, 'Bombeiros de Vila Flor');
insert into meioApoio values (1, 'Bombeiros de Sardoal');
insert into meioApoio values (1, 'Bombeiros de Celorico de Basto');
insert into meioApoio values (1, 'Bombeiros de Almada');
insert into meioApoio values (1, 'Bombeiros de Vila do Porto');
insert into meioApoio values (1, 'Bombeiros de Povoa de Varzim');
insert into meioApoio values (1, 'Bombeiros de Vila Nova de Famalicao');
insert into meioApoio values (1, 'Bombeiros de Gondomar');
insert into meioApoio values (1, 'Bombeiros de Felgueiras');
insert into meioApoio values (1, 'Bombeiros de Odivelas');
insert into meioApoio values (1, 'Bombeiros de Fafe');
insert into meioApoio values (1, 'Bombeiros de Penela');
insert into meioApoio values (1, 'Bombeiros de Vila Franca do Campo');
insert into meioApoio values (1, 'Bombeiros de Marco de Canaveses');
insert into meioApoio values (1, 'Bombeiros de Penedono');
insert into meioApoio values (1, 'Bombeiros de Trancoso');
insert into meioApoio values (1, 'Bombeiros de Loures');
insert into meioApoio values (1, 'Bombeiros de Viana do Alentejo');
insert into meioApoio values (1, 'Bombeiros de Vila Nova de Poiares');
insert into meioApoio values (1, 'Bombeiros de Alpiarca');
insert into meioApoio values (1, 'Bombeiros de Lousada');
insert into meioApoio values (1, 'Bombeiros de Campo Maior');
insert into meioApoio values (1, 'Bombeiros de Caminha');
insert into meioApoio values (1, 'Bombeiros de Penafiel');
insert into meioApoio values (1, 'Bombeiros de Nelas');
insert into meioApoio values (1, 'Bombeiros de Penalva do Castelo');
insert into meioApoio values (1, 'Bombeiros de Cabeceiras de Basto');
insert into meioApoio values (1, 'Bombeiros de Cartaxo');
insert into meioApoio values (1, 'Bombeiros de Vila Real de Santo Antonio');
insert into meioApoio values (1, 'Bombeiros de Barrancos');
insert into meioApoio values (1, 'Bombeiros de Santa Cruz das Flores');
insert into meioApoio values (1, 'Bombeiros de Tarouca');
insert into meioApoio values (1, 'Bombeiros de Santa Marta de Penaguiao');
insert into meioApoio values (1, 'Bombeiros de Lagoa');
insert into meioApoio values (1, 'Bombeiros de Terras de Bouro');
insert into meioApoio values (1, 'Bombeiros de Cuba');
insert into meioApoio values (1, 'Bombeiros de Ovar');
insert into meioApoio values (1, 'Bombeiros de Sobral de Monte Agraco');
insert into meioApoio values (1, 'Bombeiros de Vieira do Minho');
insert into meioApoio values (1, 'Bombeiros de Beja');
insert into meioApoio values (1, 'Bombeiros de Serpa');
insert into meioApoio values (1, 'Bombeiros de Bombarral');
insert into meioApoio values (1, 'Bombeiros de Alcochete');
insert into meioApoio values (1, 'Bombeiros de Sabrosa');
insert into meioApoio values (1, 'Bombeiros de Cascais');
insert into meioApoio values (1, 'Bombeiros de Figueira de Castelo Rodrigo');
insert into meioApoio values (1, 'Bombeiros de Coimbra');
insert into meioApoio values (1, 'Bombeiros de Ribeira de Pena');
insert into meioApoio values (1, 'Bombeiros de Calheta');
insert into meioApoio values (1, 'Bombeiros de Miranda do Corvo');
insert into meioApoio values (1, 'Bombeiros de Arganil');
insert into meioApoio values (1, 'Bombeiros de Santa Comba Dao');
insert into meioApoio values (1, 'Bombeiros de Murtosa');
insert into meioApoio values (1, 'Bombeiros de Vale de Cambra');
insert into meioApoio values (1, 'Bombeiros de Condeixa-a-Nova');
insert into meioApoio values (1, 'Bombeiros de Ourem');
insert into meioApoio values (1, 'Bombeiros de Braganca');
insert into meioApoio values (1, 'Bombeiros de Constancia');
insert into meioApoio values (1, 'Bombeiros de Montemor-o-Novo');
insert into meioApoio values (1, 'Bombeiros de Abrantes');
insert into meioApoio values (1, 'Bombeiros de Castelo de Paiva');
insert into meioApoio values (1, 'Bombeiros de Almeirim');
insert into meioApoio values (1, 'Bombeiros de Fornos de Algodres');
insert into meioApoio values (1, 'Bombeiros de Povoacao');
insert into meioApoio values (1, 'Bombeiros de Vila Nova de Gaia');
insert into meioApoio values (1, 'Bombeiros de Alcobaca');
insert into meioApoio values (1, 'Bombeiros de Alter do Chao');
insert into meioApoio values (1, 'Bombeiros de Pedrogao Grande');
insert into meioApoio values (1, 'Bombeiros de Vimioso');
insert into meioApoio values (1, 'Bombeiros de Corvo');
insert into meioApoio values (1, 'Bombeiros de Mourao');
insert into meioApoio values (1, 'Bombeiros de Fundao');
insert into meioApoio values (1, 'Bombeiros de Chaves');
insert into meioApoio values (1, 'Bombeiros de Santa Cruz da Graciosa');
insert into meioApoio values (1, 'Bombeiros de Vizela');
insert into meioApoio values (1, 'Bombeiros de Ilhavo');
insert into meioApoio values (1, 'Bombeiros de Povoa de Lanhoso');
insert into meioApoio values (1, 'Bombeiros de Carregal do Sal');
insert into meioApoio values (1, 'Bombeiros de Sao Vicente');
insert into meioApoio values (1, 'Bombeiros de Carrazeda de Ansiaes');
insert into meioApoio values (1, 'Bombeiros de Porto Moniz');
insert into meioApoio values (1, 'Bombeiros de Torres Novas');
insert into meioApoio values (1, 'Bombeiros de Castelo Branco');
insert into meioApoio values (1, 'Bombeiros de Anadia');
insert into meioApoio values (1, 'Bombeiros de Sousel');
insert into meioApoio values (1, 'Bombeiros de Santiago do Cacem');
insert into meioApoio values (1, 'Bombeiros de Figueiro dos Vinhos');
insert into meioApoio values (1, 'Bombeiros de Satao');
insert into meioApoio values (1, 'Bombeiros de Soure');
insert into meioApoio values (1, 'Bombeiros de Lagos');
insert into meioApoio values (1, 'Bombeiros de Santo Tirso');
insert into meioApoio values (1, 'Bombeiros de Lisboa');
insert into meioApoio values (1, 'Bombeiros de Chamusca');
insert into meioApoio values (1, 'Bombeiros de Covilha');
insert into meioApoio values (1, 'Bombeiros de Vila Pouca de Aguiar');
insert into meioApoio values (1, 'Bombeiros de Mertola');
insert into meioApoio values (1, 'Bombeiros de Barreiro');
insert into meioApoio values (1, 'Bombeiros de Arronches');
insert into meioApoio values (1, 'Bombeiros de Seixal');
insert into meioApoio values (1, 'Bombeiros de Esposende');
insert into meioApoio values (1, 'Bombeiros de Alvito');
insert into meioApoio values (1, 'Bombeiros de Portel');
insert into meioApoio values (1, 'Bombeiros de Lajes das Flores');
insert into meioApoio values (1, 'Bombeiros de Cinfaes');
insert into meioApoio values (1, 'Bombeiros de Macao');
insert into meioApoio values (1, 'Bombeiros de Redondo');
insert into meioApoio values (1, 'Bombeiros de Alcoutim');
insert into meioApoio values (1, 'Bombeiros de Vila de Rei');
insert into meioApoio values (1, 'Bombeiros de Nordeste');
insert into meioApoio values (1, 'Bombeiros de Oliveira do Bairro');
insert into meioApoio values (1, 'Bombeiros de Mealhada');
insert into meioApoio values (1, 'Bombeiros de Celorico da Beira');
insert into meioApoio values (1, 'Bombeiros de Trofa');
insert into meioApoio values (1, 'Bombeiros de Sao Roque do Pico');
insert into meioApoio values (1, 'Bombeiros de Murca');
insert into meioApoio values (1, 'Bombeiros de Castelo de Vide');
insert into meioApoio values (1, 'Bombeiros de Tabua');
insert into meioApoio values (1, 'Bombeiros de Meda');
insert into meioApoio values (1, 'Bombeiros de Lamego');
insert into meioApoio values (1, 'Bombeiros de Armamar');
insert into meioApoio values (1, 'Bombeiros de Paredes de Coura');
insert into meioApoio values (1, 'Bombeiros de Miranda do Douro');
insert into meioApoio values (1, 'Bombeiros de Ferreira do Zezere');
insert into meioApoio values (1, 'Bombeiros de Obidos');
insert into meioApoio values (1, 'Bombeiros de Idanha-a-Nova');
insert into meioApoio values (1, 'Bombeiros de Vagos');
insert into meioApoio values (1, 'Bombeiros de Alvaiazere');
insert into meioApoio values (1, 'Bombeiros de Vila Vicosa');

insert into meioSocorro values (0, 'Bombeiros de Oliveira do Hospital');
insert into meioSocorro values (0, 'Bombeiros de Monchique');
insert into meioSocorro values (0, 'Bombeiros de Albergaria-a-Velha');
insert into meioSocorro values (0, 'Bombeiros de Proenca-a-Nova');
insert into meioSocorro values (0, 'Bombeiros de Valpacos');
insert into meioSocorro values (0, 'Bombeiros de Aljustrel');
insert into meioSocorro values (0, 'Bombeiros de Sao Pedro do Sul');
insert into meioSocorro values (0, 'Bombeiros de Castro Daire');
insert into meioSocorro values (0, 'Bombeiros de Batalha');
insert into meioSocorro values (0, 'Bombeiros de Torres Vedras');
insert into meioSocorro values (0, 'Bombeiros de Sesimbra');
insert into meioSocorro values (0, 'Bombeiros de Tondela');
insert into meioSocorro values (0, 'Bombeiros de Vila Verde');
insert into meioSocorro values (0, 'Bombeiros de Amares');
insert into meioSocorro values (0, 'Bombeiros de Ferreira do Alentejo');
insert into meioSocorro values (0, 'Bombeiros de Penacova');
insert into meioSocorro values (0, 'Bombeiros de Salvaterra de Magos');
insert into meioSocorro values (0, 'Bombeiros de Santarem');
insert into meioSocorro values (0, 'Bombeiros de Alenquer');
insert into meioSocorro values (0, 'Bombeiros de Caldas da Rainha');
insert into meioSocorro values (0, 'Bombeiros de Vila Real');
insert into meioSocorro values (0, 'Bombeiros de Boticas');
insert into meioSocorro values (0, 'Bombeiros de Vila Flor');
insert into meioSocorro values (0, 'Bombeiros de Velas');
insert into meioSocorro values (0, 'Bombeiros de Sardoal');
insert into meioSocorro values (0, 'Bombeiros de Castanheira de Pera');
insert into meioSocorro values (0, 'Bombeiros de Celorico de Basto');
insert into meioSocorro values (0, 'Bombeiros de Belmonte');
insert into meioSocorro values (0, 'Bombeiros de Almada');
insert into meioSocorro values (0, 'Bombeiros de Lourinha');
insert into meioSocorro values (0, 'Bombeiros de Vila do Porto');
insert into meioSocorro values (0, 'Bombeiros de Mira');
insert into meioSocorro values (0, 'Bombeiros de Povoa de Varzim');
insert into meioSocorro values (0, 'Bombeiros de Moura');
insert into meioSocorro values (0, 'Bombeiros de Vila Nova de Famalicao');
insert into meioSocorro values (0, 'Bombeiros de Nisa');
insert into meioSocorro values (0, 'Bombeiros de Gondomar');
insert into meioSocorro values (0, 'Bombeiros de Viana do Castelo');
insert into meioSocorro values (0, 'Bombeiros de Felgueiras');
insert into meioSocorro values (0, 'Bombeiros de Guarda');
insert into meioSocorro values (0, 'Bombeiros de Odivelas');
insert into meioSocorro values (0, 'Bombeiros de Odemira');
insert into meioSocorro values (0, 'Bombeiros de Fafe');
insert into meioSocorro values (0, 'Bombeiros de Ourique');
insert into meioSocorro values (0, 'Bombeiros de Penela');
insert into meioSocorro values (0, 'Bombeiros de Vila Nova de Cerveira');
insert into meioSocorro values (0, 'Bombeiros de Vila Franca do Campo');
insert into meioSocorro values (0, 'Bombeiros de Agueda');
insert into meioSocorro values (0, 'Bombeiros de Marco de Canaveses');
insert into meioSocorro values (0, 'Bombeiros de Arouca');
insert into meioSocorro values (0, 'Bombeiros de Penedono');
insert into meioSocorro values (0, 'Bombeiros de Vila Nova de Paiva');
insert into meioSocorro values (0, 'Bombeiros de Trancoso');
insert into meioSocorro values (0, 'Bombeiros de Sever do Vouga');
insert into meioSocorro values (0, 'Bombeiros de Loures');
insert into meioSocorro values (0, 'Bombeiros de Cantanhede');
insert into meioSocorro values (0, 'Bombeiros de Viana do Alentejo');
insert into meioSocorro values (0, 'Bombeiros de Aljezur');
insert into meioSocorro values (0, 'Bombeiros de Vila Nova de Poiares');
insert into meioSocorro values (0, 'Bombeiros de Evora');
insert into meioSocorro values (0, 'Bombeiros de Alpiarca');
insert into meioSocorro values (0, 'Bombeiros de Marvao');
insert into meioSocorro values (0, 'Bombeiros de Lousada');
insert into meioSocorro values (0, 'Bombeiros de Crato');
insert into meioSocorro values (0, 'Bombeiros de Campo Maior');
insert into meioSocorro values (0, 'Bombeiros de Vinhais');
insert into meioSocorro values (0, 'Bombeiros de Caminha');
insert into meioSocorro values (0, 'Bombeiros de Moita');
insert into meioSocorro values (0, 'Bombeiros de Penafiel');
insert into meioSocorro values (0, 'Bombeiros de Amarante');
insert into meioSocorro values (0, 'Bombeiros de Nelas');
insert into meioSocorro values (0, 'Bombeiros de Alandroal');
insert into meioSocorro values (0, 'Bombeiros de Penalva do Castelo');
insert into meioSocorro values (0, 'Bombeiros de Alijo');
insert into meioSocorro values (0, 'Bombeiros de Cabeceiras de Basto');
insert into meioSocorro values (0, 'Bombeiros de Montemor-o-Velho');
insert into meioSocorro values (0, 'Bombeiros de Cartaxo');
insert into meioSocorro values (0, 'Bombeiros de Aveiro');
insert into meioSocorro values (0, 'Bombeiros de Vila Real de Santo Antonio');
insert into meioSocorro values (0, 'Bombeiros de Espinho');
insert into meioSocorro values (0, 'Bombeiros de Barrancos');
insert into meioSocorro values (0, 'Bombeiros de Coruche');
insert into meioSocorro values (0, 'Bombeiros de Santa Cruz das Flores');
insert into meioSocorro values (0, 'Bombeiros de Moncao');
insert into meioSocorro values (0, 'Bombeiros de Tarouca');
insert into meioSocorro values (0, 'Bombeiros de Mondim de Basto');
insert into meioSocorro values (0, 'Bombeiros de Santa Marta de Penaguiao');
insert into meioSocorro values (0, 'Bombeiros de Pampilhosa da Serra');
insert into meioSocorro values (0, 'Bombeiros de Lagoa');
insert into meioSocorro values (0, 'Bombeiros de Santa Cruz');
insert into meioSocorro values (0, 'Bombeiros de Terras de Bouro');
insert into meioSocorro values (0, 'Bombeiros de Sernancelhe');
insert into meioSocorro values (0, 'Bombeiros de Cuba');
insert into meioSocorro values (0, 'Bombeiros de Alfandega da Fe');
insert into meioSocorro values (0, 'Bombeiros de Ovar');
insert into meioSocorro values (0, 'Bombeiros de Palmela');
insert into meioSocorro values (0, 'Bombeiros de Sobral de Monte Agraco');
insert into meioSocorro values (0, 'Bombeiros de Golega');
insert into meioSocorro values (0, 'Bombeiros de Vieira do Minho');
insert into meioSocorro values (0, 'Bombeiros de Ansiao');
insert into meioSocorro values (0, 'Bombeiros de Beja');
insert into meioSocorro values (0, 'Bombeiros de Arruda dos Vinhos');
insert into meioSocorro values (0, 'Bombeiros de Serpa');
insert into meioSocorro values (0, 'Bombeiros de Vila Nova de Foz Coa');
insert into meioSocorro values (0, 'Bombeiros de Bombarral');
insert into meioSocorro values (0, 'Bombeiros de Maia');
insert into meioSocorro values (0, 'Bombeiros de Alcochete');
insert into meioSocorro values (0, 'Bombeiros de Praia da Vitoria');
insert into meioSocorro values (0, 'Bombeiros de Sabrosa');
insert into meioSocorro values (0, 'Bombeiros de Matosinhos');
insert into meioSocorro values (0, 'Bombeiros de Cascais');
insert into meioSocorro values (0, 'Bombeiros de Mafra');
insert into meioSocorro values (0, 'Bombeiros de Figueira de Castelo Rodrigo');
insert into meioSocorro values (0, 'Bombeiros de Paredes');
insert into meioSocorro values (0, 'Bombeiros de Coimbra');
insert into meioSocorro values (0, 'Bombeiros de Arcos de Valdevez');
insert into meioSocorro values (0, 'Bombeiros de Ribeira de Pena');
insert into meioSocorro values (0, 'Bombeiros de Serta');
insert into meioSocorro values (0, 'Bombeiros de Calheta');
insert into meioSocorro values (0, 'Bombeiros de Oliveira de Azemeis');
insert into meioSocorro values (0, 'Bombeiros de Miranda do Corvo');
insert into meioSocorro values (0, 'Bombeiros de Vila Velha de Rodao');
insert into meioSocorro values (0, 'Bombeiros de Arganil');
insert into meioSocorro values (0, 'Bombeiros de Sabugal');
insert into meioSocorro values (0, 'Bombeiros de Santa Comba Dao');
insert into meioSocorro values (0, 'Bombeiros de Arraiolos');
insert into meioSocorro values (0, 'Bombeiros de Murtosa');
insert into meioSocorro values (0, 'Bombeiros de Guimaraes');
insert into meioSocorro values (0, 'Bombeiros de Vale de Cambra');
insert into meioSocorro values (0, 'Bombeiros de Montalegre');
insert into meioSocorro values (0, 'Bombeiros de Condeixa-a-Nova');
insert into meioSocorro values (0, 'Bombeiros de Vila do Bispo');
insert into meioSocorro values (0, 'Bombeiros de Ourem');
insert into meioSocorro values (0, 'Bombeiros de Loule');
insert into meioSocorro values (0, 'Bombeiros de Braganca');
insert into meioSocorro values (0, 'Bombeiros de Ponte da Barca');
insert into meioSocorro values (0, 'Bombeiros de Constancia');
insert into meioSocorro values (0, 'Bombeiros de Avis');
insert into meioSocorro values (0, 'Bombeiros de Montemor-o-Novo');
insert into meioSocorro values (0, 'Bombeiros de Grandola');
insert into meioSocorro values (0, 'Bombeiros de Abrantes');
insert into meioSocorro values (0, 'Bombeiros de Fronteira');
insert into meioSocorro values (0, 'Bombeiros de Castelo de Paiva');
insert into meioSocorro values (0, 'Bombeiros de Sao Joao da Pesqueira');
insert into meioSocorro values (0, 'Bombeiros de Almeirim');
insert into meioSocorro values (0, 'Bombeiros de Machico');
insert into meioSocorro values (0, 'Bombeiros de Fornos de Algodres');
insert into meioSocorro values (0, 'Bombeiros de Seia');
insert into meioSocorro values (0, 'Bombeiros de Povoacao');
insert into meioSocorro values (0, 'Bombeiros de Marinha Grande');
insert into meioSocorro values (0, 'Bombeiros de Vila Nova de Gaia');
insert into meioSocorro values (0, 'Bombeiros de Figueira da Foz');
insert into meioSocorro values (0, 'Bombeiros de Alcobaca');
insert into meioSocorro values (0, 'Bombeiros de Oliveira de Frades');
insert into meioSocorro values (0, 'Bombeiros de Alter do Chao');
insert into meioSocorro values (0, 'Bombeiros de Freixo de Espada a Cinta');
insert into meioSocorro values (0, 'Bombeiros de Pedrogao Grande');
insert into meioSocorro values (0, 'Bombeiros de Tavira');
insert into meioSocorro values (0, 'Bombeiros de Vimioso');
insert into meioSocorro values (0, 'Bombeiros de Baiao');
insert into meioSocorro values (0, 'Bombeiros de Corvo');
insert into meioSocorro values (0, 'Bombeiros de Rio Maior');
insert into meioSocorro values (0, 'Bombeiros de Mourao');
insert into meioSocorro values (0, 'Bombeiros de Monforte');
insert into meioSocorro values (0, 'Bombeiros de Fundao');
insert into meioSocorro values (0, 'Bombeiros de Sao Bras de Alportel');
insert into meioSocorro values (0, 'Bombeiros de Chaves');
insert into meioSocorro values (0, 'Bombeiros de Azambuja');
insert into meioSocorro values (0, 'Bombeiros de Santa Cruz da Graciosa');
insert into meioSocorro values (0, 'Bombeiros de Porto de Mos');
insert into meioSocorro values (0, 'Bombeiros de Vizela');
insert into meioSocorro values (0, 'Bombeiros de Ponta do Sol');
insert into meioSocorro values (0, 'Bombeiros de Ilhavo');
insert into meioSocorro values (0, 'Bombeiros de Vidigueira');
insert into meioSocorro values (0, 'Bombeiros de Povoa de Lanhoso');
insert into meioSocorro values (0, 'Bombeiros de Gois');
insert into meioSocorro values (0, 'Bombeiros de Carregal do Sal');
insert into meioSocorro values (0, 'Bombeiros de Angra do Heroismo');
insert into meioSocorro values (0, 'Bombeiros de Sao Vicente');
insert into meioSocorro values (0, 'Bombeiros de Madalena');
insert into meioSocorro values (0, 'Bombeiros de Carrazeda de Ansiaes');
insert into meioSocorro values (0, 'Bombeiros de Oeiras');
insert into meioSocorro values (0, 'Bombeiros de Porto Moniz');
insert into meioSocorro values (0, 'Bombeiros de Vila Franca de Xira');
insert into meioSocorro values (0, 'Bombeiros de Torres Novas');
insert into meioSocorro values (0, 'Bombeiros de Sintra');
insert into meioSocorro values (0, 'Bombeiros de Castelo Branco');
insert into meioSocorro values (0, 'Bombeiros de Valongo');
insert into meioSocorro values (0, 'Bombeiros de Anadia');
insert into meioSocorro values (0, 'Bombeiros de Leiria');
insert into meioSocorro values (0, 'Bombeiros de Sousel');
insert into meioSocorro values (0, 'Bombeiros de Camara de Lobos');
insert into meioSocorro values (0, 'Bombeiros de Santiago do Cacem');
insert into meioSocorro values (0, 'Bombeiros de Cadaval');
insert into meioSocorro values (0, 'Bombeiros de Figueiro dos Vinhos');
insert into meioSocorro values (0, 'Bombeiros de Lousa');
insert into meioSocorro values (0, 'Bombeiros de Satao');
insert into meioSocorro values (0, 'Bombeiros de Almeida');
insert into meioSocorro values (0, 'Bombeiros de Soure');
insert into meioSocorro values (0, 'Bombeiros de Castro Marim');
insert into meioSocorro values (0, 'Bombeiros de Lagos');
insert into meioSocorro values (0, 'Bombeiros de Aguiar da Beira');
insert into meioSocorro values (0, 'Bombeiros de Santo Tirso');
insert into meioSocorro values (0, 'Bombeiros de Mortagua');
insert into meioSocorro values (0, 'Bombeiros de Lisboa');
insert into meioSocorro values (0, 'Bombeiros de Vila Nova da Barquinha');
insert into meioSocorro values (0, 'Bombeiros de Chamusca');
insert into meioSocorro values (0, 'Bombeiros de Alcacer do Sal');
insert into meioSocorro values (0, 'Bombeiros de Covilha');
insert into meioSocorro values (0, 'Bombeiros de Viseu');
insert into meioSocorro values (0, 'Bombeiros de Vila Pouca de Aguiar');
insert into meioSocorro values (0, 'Bombeiros de Ribeira Grande');
insert into meioSocorro values (0, 'Bombeiros de Mertola');
insert into meioSocorro values (0, 'Bombeiros de Almodovar');
insert into meioSocorro values (0, 'Bombeiros de Barreiro');
insert into meioSocorro values (0, 'Bombeiros de Ponta Delgada');
insert into meioSocorro values (0, 'Bombeiros de Arronches');
insert into meioSocorro values (0, 'Bombeiros de Mora');
insert into meioSocorro values (0, 'Bombeiros de Seixal');
insert into meioSocorro values (0, 'Bombeiros de Pombal');
insert into meioSocorro values (0, 'Bombeiros de Esposende');
insert into meioSocorro values (0, 'Bombeiros de Manteigas');
insert into meioSocorro values (0, 'Bombeiros de Alvito');
insert into meioSocorro values (0, 'Bombeiros de Castro Verde');
insert into meioSocorro values (0, 'Bombeiros de Portel');
insert into meioSocorro values (0, 'Bombeiros de Oleiros');
insert into meioSocorro values (0, 'Bombeiros de Lajes das Flores');
insert into meioSocorro values (0, 'Bombeiros de Silves');
insert into meioSocorro values (0, 'Bombeiros de Cinfaes');
insert into meioSocorro values (0, 'Bombeiros de Vouzela');
insert into meioSocorro values (0, 'Bombeiros de Macao');
insert into meioSocorro values (0, 'Bombeiros de Resende');
insert into meioSocorro values (0, 'Bombeiros de Redondo');
insert into meioSocorro values (0, 'Bombeiros de Alcanena');
insert into meioSocorro values (0, 'Bombeiros de Alcoutim');
insert into meioSocorro values (0, 'Bombeiros de Lajes do Pico');
insert into meioSocorro values (0, 'Bombeiros de Vila de Rei');
insert into meioSocorro values (0, 'Bombeiros de Penamacor');
insert into meioSocorro values (0, 'Bombeiros de Nordeste');
insert into meioSocorro values (0, 'Bombeiros de Mogadouro');
insert into meioSocorro values (0, 'Bombeiros de Oliveira do Bairro');
insert into meioSocorro values (0, 'Bombeiros de Estarreja');
insert into meioSocorro values (0, 'Bombeiros de Mealhada');
insert into meioSocorro values (0, 'Bombeiros de Tabuaco');
insert into meioSocorro values (0, 'Bombeiros de Celorico da Beira');
insert into meioSocorro values (0, 'Bombeiros de Pacos de Ferreira');
insert into meioSocorro values (0, 'Bombeiros de Trofa');
insert into meioSocorro values (0, 'Bombeiros de Nazare');
insert into meioSocorro values (0, 'Bombeiros de Sao Roque do Pico');
insert into meioSocorro values (0, 'Bombeiros de Olhao');
insert into meioSocorro values (0, 'Bombeiros de Murca');
insert into meioSocorro values (0, 'Bombeiros de Mesao Frio');
insert into meioSocorro values (0, 'Bombeiros de Castelo de Vide');
insert into meioSocorro values (0, 'Bombeiros de Torre de Moncorvo');
insert into meioSocorro values (0, 'Bombeiros de Tabua');
insert into meioSocorro values (0, 'Bombeiros de Mirandela');
insert into meioSocorro values (0, 'Bombeiros de Meda');
insert into meioSocorro values (0, 'Bombeiros de Peniche');
insert into meioSocorro values (0, 'Bombeiros de Lamego');
insert into meioSocorro values (0, 'Bombeiros de Santa Maria da Feira');
insert into meioSocorro values (0, 'Bombeiros de Armamar');
insert into meioSocorro values (0, 'Bombeiros de Ponte de Lima');
insert into meioSocorro values (0, 'Bombeiros de Paredes de Coura');
insert into meioSocorro values (0, 'Bombeiros de Gouveia');
insert into meioSocorro values (0, 'Bombeiros de Miranda do Douro');
insert into meioSocorro values (0, 'Bombeiros de Moimenta da Beira');
insert into meioSocorro values (0, 'Bombeiros de Ferreira do Zezere');
insert into meioSocorro values (0, 'Bombeiros de Portimao');
insert into meioSocorro values (0, 'Bombeiros de Obidos');
insert into meioSocorro values (0, 'Bombeiros de Ribeira Brava');
insert into meioSocorro values (0, 'Bombeiros de Idanha-a-Nova');
insert into meioSocorro values (0, 'Bombeiros de Gaviao');
insert into meioSocorro values (0, 'Bombeiros de Vagos');
insert into meioSocorro values (0, 'Bombeiros de Benavente');
insert into meioSocorro values (0, 'Bombeiros de Alvaiazere');
insert into meioSocorro values (0, 'Bombeiros de Melgaco');
insert into meioSocorro values (0, 'Bombeiros de Vila Vicosa');

insert into transporta values (0, 'Bombeiros de Oliveira do Hospital', 2, 0);
insert into transporta values (0, 'Bombeiros de Albergaria-a-Velha', 1, 2);
insert into transporta values (0, 'Bombeiros de Valpacos', 4, 4);
insert into transporta values (0, 'Bombeiros de Sao Pedro do Sul', 5, 6);
insert into transporta values (0, 'Bombeiros de Batalha', 5, 8);
insert into transporta values (0, 'Bombeiros de Sesimbra', 3, 10);
insert into transporta values (0, 'Bombeiros de Vila Verde', 1, 12);
insert into transporta values (0, 'Bombeiros de Ferreira do Alentejo', 3, 14);
insert into transporta values (0, 'Bombeiros de Salvaterra de Magos', 4, 16);
insert into transporta values (0, 'Bombeiros de Alenquer', 3, 18);
insert into transporta values (0, 'Bombeiros de Vila Real', 3, 20);
insert into transporta values (0, 'Bombeiros de Vila Flor', 1, 22);
insert into transporta values (0, 'Bombeiros de Sardoal', 4, 24);
insert into transporta values (0, 'Bombeiros de Celorico de Basto', 3, 26);
insert into transporta values (0, 'Bombeiros de Almada', 3, 28);
insert into transporta values (0, 'Bombeiros de Vila do Porto', 5, 30);
insert into transporta values (0, 'Bombeiros de Povoa de Varzim', 1, 32);
insert into transporta values (0, 'Bombeiros de Vila Nova de Famalicao', 5, 34);
insert into transporta values (0, 'Bombeiros de Gondomar', 5, 36);
insert into transporta values (0, 'Bombeiros de Felgueiras', 3, 38);
insert into transporta values (0, 'Bombeiros de Odivelas', 3, 40);
insert into transporta values (0, 'Bombeiros de Fafe', 2, 42);
insert into transporta values (0, 'Bombeiros de Penela', 4, 44);
insert into transporta values (0, 'Bombeiros de Vila Franca do Campo', 3, 46);
insert into transporta values (0, 'Bombeiros de Marco de Canaveses', 5, 48);
insert into transporta values (0, 'Bombeiros de Penedono', 1, 50);
insert into transporta values (0, 'Bombeiros de Trancoso', 3, 52);
insert into transporta values (0, 'Bombeiros de Loures', 3, 54);
insert into transporta values (0, 'Bombeiros de Viana do Alentejo', 1, 56);
insert into transporta values (0, 'Bombeiros de Vila Nova de Poiares', 1, 58);
insert into transporta values (0, 'Bombeiros de Alpiarca', 2, 60);
insert into transporta values (0, 'Bombeiros de Lousada', 4, 62);
insert into transporta values (0, 'Bombeiros de Campo Maior', 2, 64);
insert into transporta values (0, 'Bombeiros de Caminha', 2, 66);
insert into transporta values (0, 'Bombeiros de Penafiel', 2, 68);
insert into transporta values (0, 'Bombeiros de Nelas', 2, 70);
insert into transporta values (0, 'Bombeiros de Penalva do Castelo', 4, 72);
insert into transporta values (0, 'Bombeiros de Cabeceiras de Basto', 5, 74);
insert into transporta values (0, 'Bombeiros de Cartaxo', 2, 76);
insert into transporta values (0, 'Bombeiros de Vila Real de Santo Antonio', 1, 78);
insert into transporta values (0, 'Bombeiros de Barrancos', 5, 80);
insert into transporta values (0, 'Bombeiros de Santa Cruz das Flores', 3, 82);
insert into transporta values (0, 'Bombeiros de Tarouca', 1, 84);
insert into transporta values (0, 'Bombeiros de Santa Marta de Penaguiao', 1, 86);
insert into transporta values (0, 'Bombeiros de Lagoa', 5, 88);
insert into transporta values (0, 'Bombeiros de Terras de Bouro', 2, 90);
insert into transporta values (0, 'Bombeiros de Cuba', 3, 92);
insert into transporta values (0, 'Bombeiros de Ovar', 5, 94);
insert into transporta values (0, 'Bombeiros de Sobral de Monte Agraco', 5, 96);
insert into transporta values (0, 'Bombeiros de Vieira do Minho', 1, 98);
insert into transporta values (0, 'Bombeiros de Beja', 2, 0);
insert into transporta values (0, 'Bombeiros de Serpa', 2, 2);
insert into transporta values (0, 'Bombeiros de Bombarral', 1, 4);
insert into transporta values (0, 'Bombeiros de Alcochete', 1, 6);
insert into transporta values (0, 'Bombeiros de Sabrosa', 2, 8);
insert into transporta values (0, 'Bombeiros de Cascais', 4, 10);
insert into transporta values (0, 'Bombeiros de Figueira de Castelo Rodrigo', 1, 12);
insert into transporta values (0, 'Bombeiros de Coimbra', 2, 14);
insert into transporta values (0, 'Bombeiros de Ribeira de Pena', 5, 16);
insert into transporta values (0, 'Bombeiros de Calheta', 5, 18);
insert into transporta values (0, 'Bombeiros de Miranda do Corvo', 3, 20);
insert into transporta values (0, 'Bombeiros de Arganil', 3, 22);
insert into transporta values (0, 'Bombeiros de Santa Comba Dao', 5, 24);
insert into transporta values (0, 'Bombeiros de Murtosa', 2, 26);
insert into transporta values (0, 'Bombeiros de Vale de Cambra', 4, 28);
insert into transporta values (0, 'Bombeiros de Condeixa-a-Nova', 1, 30);
insert into transporta values (0, 'Bombeiros de Ourem', 3, 32);
insert into transporta values (0, 'Bombeiros de Braganca', 1, 34);
insert into transporta values (0, 'Bombeiros de Constancia', 1, 36);
insert into transporta values (0, 'Bombeiros de Montemor-o-Novo', 3, 38);
insert into transporta values (0, 'Bombeiros de Abrantes', 1, 40);
insert into transporta values (0, 'Bombeiros de Castelo de Paiva', 5, 42);
insert into transporta values (0, 'Bombeiros de Almeirim', 1, 44);
insert into transporta values (0, 'Bombeiros de Fornos de Algodres', 4, 46);
insert into transporta values (0, 'Bombeiros de Povoacao', 1, 48);
insert into transporta values (0, 'Bombeiros de Vila Nova de Gaia', 2, 50);
insert into transporta values (0, 'Bombeiros de Alcobaca', 3, 52);
insert into transporta values (0, 'Bombeiros de Alter do Chao', 5, 54);
insert into transporta values (0, 'Bombeiros de Pedrogao Grande', 2, 56);
insert into transporta values (0, 'Bombeiros de Vimioso', 5, 58);
insert into transporta values (0, 'Bombeiros de Corvo', 4, 60);
insert into transporta values (0, 'Bombeiros de Mourao', 2, 62);
insert into transporta values (0, 'Bombeiros de Fundao', 2, 64);
insert into transporta values (0, 'Bombeiros de Chaves', 3, 66);
insert into transporta values (0, 'Bombeiros de Santa Cruz da Graciosa', 4, 68);
insert into transporta values (0, 'Bombeiros de Vizela', 2, 70);
insert into transporta values (0, 'Bombeiros de Ilhavo', 3, 72);
insert into transporta values (0, 'Bombeiros de Povoa de Lanhoso', 5, 74);
insert into transporta values (0, 'Bombeiros de Carregal do Sal', 2, 76);
insert into transporta values (0, 'Bombeiros de Sao Vicente', 5, 78);
insert into transporta values (0, 'Bombeiros de Carrazeda de Ansiaes', 4, 80);
insert into transporta values (0, 'Bombeiros de Porto Moniz', 2, 82);
insert into transporta values (0, 'Bombeiros de Torres Novas', 2, 84);
insert into transporta values (0, 'Bombeiros de Castelo Branco', 1, 86);
insert into transporta values (0, 'Bombeiros de Anadia', 2, 88);
insert into transporta values (0, 'Bombeiros de Sousel', 2, 90);
insert into transporta values (0, 'Bombeiros de Santiago do Cacem', 2, 92);
insert into transporta values (0, 'Bombeiros de Figueiro dos Vinhos', 4, 94);
insert into transporta values (0, 'Bombeiros de Satao', 4, 96);
insert into transporta values (0, 'Bombeiros de Soure', 2, 98);
insert into transporta values (0, 'Bombeiros de Lagos', 4, 0);
insert into transporta values (0, 'Bombeiros de Santo Tirso', 3, 2);
insert into transporta values (0, 'Bombeiros de Lisboa', 1, 4);
insert into transporta values (0, 'Bombeiros de Chamusca', 5, 6);
insert into transporta values (0, 'Bombeiros de Covilha', 2, 8);
insert into transporta values (0, 'Bombeiros de Vila Pouca de Aguiar', 2, 10);
insert into transporta values (0, 'Bombeiros de Mertola', 5, 12);
insert into transporta values (0, 'Bombeiros de Barreiro', 5, 14);
insert into transporta values (0, 'Bombeiros de Arronches', 5, 16);
insert into transporta values (0, 'Bombeiros de Seixal', 2, 18);
insert into transporta values (0, 'Bombeiros de Esposende', 2, 20);
insert into transporta values (0, 'Bombeiros de Alvito', 2, 22);
insert into transporta values (0, 'Bombeiros de Portel', 3, 24);
insert into transporta values (0, 'Bombeiros de Lajes das Flores', 4, 26);
insert into transporta values (0, 'Bombeiros de Cinfaes', 1, 28);
insert into transporta values (0, 'Bombeiros de Macao', 2, 30);
insert into transporta values (0, 'Bombeiros de Redondo', 1, 32);
insert into transporta values (0, 'Bombeiros de Alcoutim', 2, 34);
insert into transporta values (0, 'Bombeiros de Vila de Rei', 4, 36);
insert into transporta values (0, 'Bombeiros de Nordeste', 2, 38);
insert into transporta values (0, 'Bombeiros de Oliveira do Bairro', 3, 40);
insert into transporta values (0, 'Bombeiros de Mealhada', 4, 42);
insert into transporta values (0, 'Bombeiros de Celorico da Beira', 3, 44);
insert into transporta values (0, 'Bombeiros de Trofa', 2, 46);
insert into transporta values (0, 'Bombeiros de Sao Roque do Pico', 2, 48);
insert into transporta values (0, 'Bombeiros de Murca', 5, 50);
insert into transporta values (0, 'Bombeiros de Castelo de Vide', 3, 52);
insert into transporta values (0, 'Bombeiros de Tabua', 5, 54);
insert into transporta values (0, 'Bombeiros de Meda', 5, 56);
insert into transporta values (0, 'Bombeiros de Lamego', 2, 58);
insert into transporta values (0, 'Bombeiros de Armamar', 3, 60);
insert into transporta values (0, 'Bombeiros de Paredes de Coura', 5, 62);
insert into transporta values (0, 'Bombeiros de Miranda do Douro', 2, 64);
insert into transporta values (0, 'Bombeiros de Ferreira do Zezere', 4, 66);
insert into transporta values (0, 'Bombeiros de Obidos', 2, 68);
insert into transporta values (0, 'Bombeiros de Idanha-a-Nova', 5, 70);
insert into transporta values (0, 'Bombeiros de Vagos', 3, 72);
insert into transporta values (0, 'Bombeiros de Alvaiazere', 5, 74);
insert into transporta values (0, 'Bombeiros de Vila Vicosa', 3, 76);

insert into alocado values (1, 'Bombeiros de Oliveira do Hospital', 30, 0);
insert into alocado values (1, 'Bombeiros de Albergaria-a-Velha', 16, 2);
insert into alocado values (1, 'Bombeiros de Valpacos', 26, 4);
insert into alocado values (1, 'Bombeiros de Sao Pedro do Sul', 7, 6);
insert into alocado values (1, 'Bombeiros de Batalha', 12, 8);
insert into alocado values (1, 'Bombeiros de Sesimbra', 16, 10);
insert into alocado values (1, 'Bombeiros de Vila Verde', 2, 12);
insert into alocado values (1, 'Bombeiros de Ferreira do Alentejo', 7, 14);
insert into alocado values (1, 'Bombeiros de Salvaterra de Magos', 21, 16);
insert into alocado values (1, 'Bombeiros de Alenquer', 9, 18);
insert into alocado values (1, 'Bombeiros de Vila Real', 12, 20);
insert into alocado values (1, 'Bombeiros de Vila Flor', 27, 22);
insert into alocado values (1, 'Bombeiros de Sardoal', 4, 24);
insert into alocado values (1, 'Bombeiros de Celorico de Basto', 23, 26);
insert into alocado values (1, 'Bombeiros de Almada', 20, 28);
insert into alocado values (1, 'Bombeiros de Vila do Porto', 22, 30);
insert into alocado values (1, 'Bombeiros de Povoa de Varzim', 18, 32);
insert into alocado values (1, 'Bombeiros de Vila Nova de Famalicao', 15, 34);
insert into alocado values (1, 'Bombeiros de Gondomar', 27, 36);
insert into alocado values (1, 'Bombeiros de Felgueiras', 10, 38);
insert into alocado values (1, 'Bombeiros de Odivelas', 30, 40);
insert into alocado values (1, 'Bombeiros de Fafe', 29, 42);
insert into alocado values (1, 'Bombeiros de Penela', 5, 44);
insert into alocado values (1, 'Bombeiros de Vila Franca do Campo', 14, 46);
insert into alocado values (1, 'Bombeiros de Marco de Canaveses', 2, 48);
insert into alocado values (1, 'Bombeiros de Penedono', 30, 50);
insert into alocado values (1, 'Bombeiros de Trancoso', 4, 52);
insert into alocado values (1, 'Bombeiros de Loures', 7, 54);
insert into alocado values (1, 'Bombeiros de Viana do Alentejo', 15, 56);
insert into alocado values (1, 'Bombeiros de Vila Nova de Poiares', 21, 58);
insert into alocado values (1, 'Bombeiros de Alpiarca', 23, 60);
insert into alocado values (1, 'Bombeiros de Lousada', 8, 62);
insert into alocado values (1, 'Bombeiros de Campo Maior', 12, 64);
insert into alocado values (1, 'Bombeiros de Caminha', 18, 66);
insert into alocado values (1, 'Bombeiros de Penafiel', 23, 68);
insert into alocado values (1, 'Bombeiros de Nelas', 0, 70);
insert into alocado values (1, 'Bombeiros de Penalva do Castelo', 30, 72);
insert into alocado values (1, 'Bombeiros de Cabeceiras de Basto', 7, 74);
insert into alocado values (1, 'Bombeiros de Cartaxo', 28, 76);
insert into alocado values (1, 'Bombeiros de Vila Real de Santo Antonio', 9, 78);
insert into alocado values (1, 'Bombeiros de Barrancos', 0, 80);
insert into alocado values (1, 'Bombeiros de Santa Cruz das Flores', 28, 82);
insert into alocado values (1, 'Bombeiros de Tarouca', 9, 84);
insert into alocado values (1, 'Bombeiros de Santa Marta de Penaguiao', 2, 86);
insert into alocado values (1, 'Bombeiros de Lagoa', 15, 88);
insert into alocado values (1, 'Bombeiros de Terras de Bouro', 7, 90);
insert into alocado values (1, 'Bombeiros de Cuba', 12, 92);
insert into alocado values (1, 'Bombeiros de Ovar', 30, 94);
insert into alocado values (1, 'Bombeiros de Sobral de Monte Agraco', 16, 96);
insert into alocado values (1, 'Bombeiros de Vieira do Minho', 12, 98);
insert into alocado values (1, 'Bombeiros de Beja', 1, 0);
insert into alocado values (1, 'Bombeiros de Serpa', 3, 2);
insert into alocado values (1, 'Bombeiros de Bombarral', 7, 4);
insert into alocado values (1, 'Bombeiros de Alcochete', 22, 6);
insert into alocado values (1, 'Bombeiros de Sabrosa', 30, 8);
insert into alocado values (1, 'Bombeiros de Cascais', 4, 10);
insert into alocado values (1, 'Bombeiros de Figueira de Castelo Rodrigo', 2, 12);
insert into alocado values (1, 'Bombeiros de Coimbra', 4, 14);
insert into alocado values (1, 'Bombeiros de Ribeira de Pena', 6, 16);
insert into alocado values (1, 'Bombeiros de Calheta', 9, 18);
insert into alocado values (1, 'Bombeiros de Miranda do Corvo', 16, 20);
insert into alocado values (1, 'Bombeiros de Arganil', 16, 22);
insert into alocado values (1, 'Bombeiros de Santa Comba Dao', 17, 24);
insert into alocado values (1, 'Bombeiros de Murtosa', 15, 26);
insert into alocado values (1, 'Bombeiros de Vale de Cambra', 5, 28);
insert into alocado values (1, 'Bombeiros de Condeixa-a-Nova', 6, 30);
insert into alocado values (1, 'Bombeiros de Ourem', 12, 32);
insert into alocado values (1, 'Bombeiros de Braganca', 11, 34);
insert into alocado values (1, 'Bombeiros de Constancia', 22, 36);
insert into alocado values (1, 'Bombeiros de Montemor-o-Novo', 22, 38);
insert into alocado values (1, 'Bombeiros de Abrantes', 26, 40);
insert into alocado values (1, 'Bombeiros de Castelo de Paiva', 16, 42);
insert into alocado values (1, 'Bombeiros de Almeirim', 0, 44);
insert into alocado values (1, 'Bombeiros de Fornos de Algodres', 8, 46);
insert into alocado values (1, 'Bombeiros de Povoacao', 2, 48);
insert into alocado values (1, 'Bombeiros de Vila Nova de Gaia', 22, 50);
insert into alocado values (1, 'Bombeiros de Alcobaca', 24, 52);
insert into alocado values (1, 'Bombeiros de Alter do Chao', 20, 54);
insert into alocado values (1, 'Bombeiros de Pedrogao Grande', 15, 56);
insert into alocado values (1, 'Bombeiros de Vimioso', 23, 58);
insert into alocado values (1, 'Bombeiros de Corvo', 8, 60);
insert into alocado values (1, 'Bombeiros de Mourao', 17, 62);
insert into alocado values (1, 'Bombeiros de Fundao', 7, 64);
insert into alocado values (1, 'Bombeiros de Chaves', 11, 66);
insert into alocado values (1, 'Bombeiros de Santa Cruz da Graciosa', 25, 68);
insert into alocado values (1, 'Bombeiros de Vizela', 1, 70);
insert into alocado values (1, 'Bombeiros de Ilhavo', 11, 72);
insert into alocado values (1, 'Bombeiros de Povoa de Lanhoso', 1, 74);
insert into alocado values (1, 'Bombeiros de Carregal do Sal', 13, 76);
insert into alocado values (1, 'Bombeiros de Sao Vicente', 15, 78);
insert into alocado values (1, 'Bombeiros de Carrazeda de Ansiaes', 14, 80);
insert into alocado values (1, 'Bombeiros de Porto Moniz', 8, 82);
insert into alocado values (1, 'Bombeiros de Torres Novas', 24, 84);
insert into alocado values (1, 'Bombeiros de Castelo Branco', 18, 86);
insert into alocado values (1, 'Bombeiros de Anadia', 28, 88);
insert into alocado values (1, 'Bombeiros de Sousel', 0, 90);
insert into alocado values (1, 'Bombeiros de Santiago do Cacem', 10, 92);
insert into alocado values (1, 'Bombeiros de Figueiro dos Vinhos', 24, 94);
insert into alocado values (1, 'Bombeiros de Satao', 23, 96);
insert into alocado values (1, 'Bombeiros de Soure', 0, 98);

insert into acciona values (0, 'Fora Aerea', 0);
insert into acciona values (0, 'Exercito', 0);
insert into acciona values (1, 'Fora Aerea', 1);
insert into acciona values (2, 'Fora Aerea', 2);
insert into acciona values (3, 'Fora Aerea', 3);
insert into acciona values (4, 'Fora Aerea', 4);
insert into acciona values (5, 'Fora Aerea', 5);
insert into acciona values (1, 'Exercito', 1);
insert into acciona values (6, 'Fora Aerea', 6);
insert into acciona values (7, 'Fora Aerea', 7);
insert into acciona values (8, 'Fora Aerea', 8);
insert into acciona values (9, 'Fora Aerea', 9);
insert into acciona values (10, 'Fora Aerea', 10);
insert into acciona values (2, 'Exercito', 2);
insert into acciona values (11, 'Fora Aerea', 11);
insert into acciona values (12, 'Fora Aerea', 12);
insert into acciona values (13, 'Fora Aerea', 13);
insert into acciona values (14, 'Fora Aerea', 14);
insert into acciona values (15, 'Fora Aerea', 15);
insert into acciona values (3, 'Exercito', 3);
insert into acciona values (16, 'Fora Aerea', 16);
insert into acciona values (17, 'Fora Aerea', 17);
insert into acciona values (18, 'Fora Aerea', 18);
insert into acciona values (19, 'Fora Aerea', 19);
insert into acciona values (20, 'Fora Aerea', 20);
insert into acciona values (4, 'Exercito', 4);
insert into acciona values (21, 'Fora Aerea', 21);
insert into acciona values (22, 'Fora Aerea', 22);
insert into acciona values (23, 'Fora Aerea', 23);
insert into acciona values (24, 'Fora Aerea', 24);
insert into acciona values (25, 'Fora Aerea', 25);
insert into acciona values (5, 'Exercito', 5);
insert into acciona values (26, 'Fora Aerea', 26);
insert into acciona values (27, 'Fora Aerea', 27);
insert into acciona values (28, 'Fora Aerea', 28);
insert into acciona values (29, 'Fora Aerea', 29);
insert into acciona values (30, 'Fora Aerea', 30);
insert into acciona values (6, 'Exercito', 6);
insert into acciona values (31, 'Fora Aerea', 31);
insert into acciona values (32, 'Fora Aerea', 32);
insert into acciona values (33, 'Fora Aerea', 33);
insert into acciona values (34, 'Fora Aerea', 34);
insert into acciona values (35, 'Fora Aerea', 35);
insert into acciona values (7, 'Exercito', 7);
insert into acciona values (36, 'Fora Aerea', 36);
insert into acciona values (37, 'Fora Aerea', 37);
insert into acciona values (38, 'Fora Aerea', 38);
insert into acciona values (39, 'Fora Aerea', 39);
insert into acciona values (40, 'Fora Aerea', 40);
insert into acciona values (8, 'Exercito', 8);
insert into acciona values (41, 'Fora Aerea', 41);
insert into acciona values (42, 'Fora Aerea', 42);
insert into acciona values (43, 'Fora Aerea', 43);
insert into acciona values (44, 'Fora Aerea', 44);
insert into acciona values (45, 'Fora Aerea', 45);
insert into acciona values (9, 'Exercito', 9);
insert into acciona values (46, 'Fora Aerea', 46);
insert into acciona values (47, 'Fora Aerea', 47);
insert into acciona values (48, 'Fora Aerea', 48);
insert into acciona values (49, 'Fora Aerea', 49);
insert into acciona values (50, 'Fora Aerea', 50);
insert into acciona values (10, 'Exercito', 10);
insert into acciona values (51, 'Fora Aerea', 51);
insert into acciona values (52, 'Fora Aerea', 52);
insert into acciona values (53, 'Fora Aerea', 53);
insert into acciona values (54, 'Fora Aerea', 54);
insert into acciona values (55, 'Fora Aerea', 55);
insert into acciona values (11, 'Exercito', 11);
insert into acciona values (56, 'Fora Aerea', 56);
insert into acciona values (57, 'Fora Aerea', 57);
insert into acciona values (58, 'Fora Aerea', 58);
insert into acciona values (59, 'Fora Aerea', 59);
insert into acciona values (60, 'Fora Aerea', 60);
insert into acciona values (12, 'Exercito', 12);
insert into acciona values (61, 'Fora Aerea', 61);
insert into acciona values (62, 'Fora Aerea', 62);
insert into acciona values (63, 'Fora Aerea', 63);
insert into acciona values (64, 'Fora Aerea', 64);
insert into acciona values (65, 'Fora Aerea', 65);
insert into acciona values (13, 'Exercito', 13);
insert into acciona values (66, 'Fora Aerea', 66);
insert into acciona values (67, 'Fora Aerea', 67);
insert into acciona values (68, 'Fora Aerea', 68);
insert into acciona values (69, 'Fora Aerea', 69);
insert into acciona values (70, 'Fora Aerea', 70);
insert into acciona values (14, 'Exercito', 14);
insert into acciona values (71, 'Fora Aerea', 71);
insert into acciona values (72, 'Fora Aerea', 72);
insert into acciona values (73, 'Fora Aerea', 73);
insert into acciona values (74, 'Fora Aerea', 74);
insert into acciona values (75, 'Fora Aerea', 75);
insert into acciona values (15, 'Exercito', 15);
insert into acciona values (76, 'Fora Aerea', 76);
insert into acciona values (77, 'Fora Aerea', 77);
insert into acciona values (78, 'Fora Aerea', 78);
insert into acciona values (79, 'Fora Aerea', 79);
insert into acciona values (80, 'Fora Aerea', 80);
insert into acciona values (16, 'Exercito', 16);
insert into acciona values (81, 'Fora Aerea', 81);
insert into acciona values (82, 'Fora Aerea', 82);
insert into acciona values (83, 'Fora Aerea', 83);
insert into acciona values (84, 'Fora Aerea', 84);
insert into acciona values (85, 'Fora Aerea', 85);
insert into acciona values (17, 'Exercito', 17);
insert into acciona values (86, 'Fora Aerea', 86);
insert into acciona values (87, 'Fora Aerea', 87);
insert into acciona values (88, 'Fora Aerea', 88);
insert into acciona values (89, 'Fora Aerea', 89);
insert into acciona values (90, 'Fora Aerea', 90);
insert into acciona values (18, 'Exercito', 18);
insert into acciona values (91, 'Fora Aerea', 91);
insert into acciona values (92, 'Fora Aerea', 92);
insert into acciona values (93, 'Fora Aerea', 93);
insert into acciona values (94, 'Fora Aerea', 94);
insert into acciona values (95, 'Fora Aerea', 95);
insert into acciona values (19, 'Exercito', 19);
insert into acciona values (96, 'Fora Aerea', 96);
insert into acciona values (97, 'Fora Aerea', 97);
insert into acciona values (98, 'Fora Aerea', 98);
insert into acciona values (99, 'Fora Aerea', 99);
insert into acciona values (0, 'Bombeiros de Oliveira do Hospital', 0);
insert into acciona values (1, 'Bombeiros de Oliveira do Hospital', 0);
insert into acciona values (0, 'Bombeiros de Albergaria-a-Velha', 2);
insert into acciona values (1, 'Bombeiros de Albergaria-a-Velha', 2);
insert into acciona values (0, 'Bombeiros de Valpacos', 4);
insert into acciona values (1, 'Bombeiros de Valpacos', 4);
insert into acciona values (0, 'Bombeiros de Sao Pedro do Sul', 6);
insert into acciona values (1, 'Bombeiros de Sao Pedro do Sul', 6);
insert into acciona values (0, 'Bombeiros de Batalha', 8);
insert into acciona values (1, 'Bombeiros de Batalha', 8);
insert into acciona values (0, 'Bombeiros de Sesimbra', 10);
insert into acciona values (1, 'Bombeiros de Sesimbra', 10);
insert into acciona values (0, 'Bombeiros de Vila Verde', 12);
insert into acciona values (1, 'Bombeiros de Vila Verde', 12);
insert into acciona values (0, 'Bombeiros de Ferreira do Alentejo', 14);
insert into acciona values (1, 'Bombeiros de Ferreira do Alentejo', 14);
insert into acciona values (0, 'Bombeiros de Salvaterra de Magos', 16);
insert into acciona values (1, 'Bombeiros de Salvaterra de Magos', 16);
insert into acciona values (0, 'Bombeiros de Alenquer', 18);
insert into acciona values (1, 'Bombeiros de Alenquer', 18);
insert into acciona values (0, 'Bombeiros de Vila Real', 20);
insert into acciona values (1, 'Bombeiros de Vila Real', 20);
insert into acciona values (0, 'Bombeiros de Vila Flor', 22);
insert into acciona values (1, 'Bombeiros de Vila Flor', 22);
insert into acciona values (0, 'Bombeiros de Sardoal', 24);
insert into acciona values (1, 'Bombeiros de Sardoal', 24);
insert into acciona values (0, 'Bombeiros de Celorico de Basto', 26);
insert into acciona values (1, 'Bombeiros de Celorico de Basto', 26);
insert into acciona values (0, 'Bombeiros de Almada', 28);
insert into acciona values (1, 'Bombeiros de Almada', 28);
insert into acciona values (0, 'Bombeiros de Vila do Porto', 30);
insert into acciona values (1, 'Bombeiros de Vila do Porto', 30);
insert into acciona values (0, 'Bombeiros de Povoa de Varzim', 32);
insert into acciona values (1, 'Bombeiros de Povoa de Varzim', 32);
insert into acciona values (0, 'Bombeiros de Vila Nova de Famalicao', 34);
insert into acciona values (1, 'Bombeiros de Vila Nova de Famalicao', 34);
insert into acciona values (0, 'Bombeiros de Gondomar', 36);
insert into acciona values (1, 'Bombeiros de Gondomar', 36);
insert into acciona values (0, 'Bombeiros de Felgueiras', 38);
insert into acciona values (1, 'Bombeiros de Felgueiras', 38);
insert into acciona values (0, 'Bombeiros de Odivelas', 40);
insert into acciona values (1, 'Bombeiros de Odivelas', 40);
insert into acciona values (0, 'Bombeiros de Fafe', 42);
insert into acciona values (1, 'Bombeiros de Fafe', 42);
insert into acciona values (0, 'Bombeiros de Penela', 44);
insert into acciona values (1, 'Bombeiros de Penela', 44);
insert into acciona values (0, 'Bombeiros de Vila Franca do Campo', 46);
insert into acciona values (1, 'Bombeiros de Vila Franca do Campo', 46);
insert into acciona values (0, 'Bombeiros de Marco de Canaveses', 48);
insert into acciona values (1, 'Bombeiros de Marco de Canaveses', 48);
insert into acciona values (0, 'Bombeiros de Penedono', 50);
insert into acciona values (1, 'Bombeiros de Penedono', 50);
insert into acciona values (0, 'Bombeiros de Trancoso', 52);
insert into acciona values (1, 'Bombeiros de Trancoso', 52);
insert into acciona values (0, 'Bombeiros de Loures', 54);
insert into acciona values (1, 'Bombeiros de Loures', 54);
insert into acciona values (0, 'Bombeiros de Viana do Alentejo', 56);
insert into acciona values (1, 'Bombeiros de Viana do Alentejo', 56);
insert into acciona values (0, 'Bombeiros de Vila Nova de Poiares', 58);
insert into acciona values (1, 'Bombeiros de Vila Nova de Poiares', 58);
insert into acciona values (0, 'Bombeiros de Alpiarca', 60);
insert into acciona values (1, 'Bombeiros de Alpiarca', 60);
insert into acciona values (0, 'Bombeiros de Lousada', 62);
insert into acciona values (1, 'Bombeiros de Lousada', 62);
insert into acciona values (0, 'Bombeiros de Campo Maior', 64);
insert into acciona values (1, 'Bombeiros de Campo Maior', 64);
insert into acciona values (0, 'Bombeiros de Caminha', 66);
insert into acciona values (1, 'Bombeiros de Caminha', 66);
insert into acciona values (0, 'Bombeiros de Penafiel', 68);
insert into acciona values (1, 'Bombeiros de Penafiel', 68);
insert into acciona values (0, 'Bombeiros de Nelas', 70);
insert into acciona values (1, 'Bombeiros de Nelas', 70);
insert into acciona values (0, 'Bombeiros de Penalva do Castelo', 72);
insert into acciona values (1, 'Bombeiros de Penalva do Castelo', 72);
insert into acciona values (0, 'Bombeiros de Cabeceiras de Basto', 74);
insert into acciona values (1, 'Bombeiros de Cabeceiras de Basto', 74);
insert into acciona values (0, 'Bombeiros de Cartaxo', 76);
insert into acciona values (1, 'Bombeiros de Cartaxo', 76);
insert into acciona values (0, 'Bombeiros de Vila Real de Santo Antonio', 78);
insert into acciona values (1, 'Bombeiros de Vila Real de Santo Antonio', 78);
insert into acciona values (0, 'Bombeiros de Barrancos', 80);
insert into acciona values (1, 'Bombeiros de Barrancos', 80);
insert into acciona values (0, 'Bombeiros de Santa Cruz das Flores', 82);
insert into acciona values (1, 'Bombeiros de Santa Cruz das Flores', 82);
insert into acciona values (0, 'Bombeiros de Tarouca', 84);
insert into acciona values (1, 'Bombeiros de Tarouca', 84);
insert into acciona values (0, 'Bombeiros de Santa Marta de Penaguiao', 86);
insert into acciona values (1, 'Bombeiros de Santa Marta de Penaguiao', 86);
insert into acciona values (0, 'Bombeiros de Lagoa', 88);
insert into acciona values (1, 'Bombeiros de Lagoa', 88);
insert into acciona values (0, 'Bombeiros de Terras de Bouro', 90);
insert into acciona values (1, 'Bombeiros de Terras de Bouro', 90);
insert into acciona values (0, 'Bombeiros de Cuba', 92);
insert into acciona values (1, 'Bombeiros de Cuba', 92);
insert into acciona values (0, 'Bombeiros de Ovar', 94);
insert into acciona values (1, 'Bombeiros de Ovar', 94);
insert into acciona values (0, 'Bombeiros de Sobral de Monte Agraco', 96);
insert into acciona values (1, 'Bombeiros de Sobral de Monte Agraco', 96);
insert into acciona values (0, 'Bombeiros de Vieira do Minho', 98);
insert into acciona values (1, 'Bombeiros de Vieira do Minho', 98);
insert into acciona values (0, 'Bombeiros de Beja', 0);
insert into acciona values (1, 'Bombeiros de Beja', 0);
insert into acciona values (0, 'Bombeiros de Serpa', 2);
insert into acciona values (1, 'Bombeiros de Serpa', 2);
insert into acciona values (0, 'Bombeiros de Bombarral', 4);
insert into acciona values (1, 'Bombeiros de Bombarral', 4);
insert into acciona values (0, 'Bombeiros de Alcochete', 6);
insert into acciona values (1, 'Bombeiros de Alcochete', 6);
insert into acciona values (0, 'Bombeiros de Sabrosa', 8);
insert into acciona values (1, 'Bombeiros de Sabrosa', 8);
insert into acciona values (0, 'Bombeiros de Cascais', 10);
insert into acciona values (1, 'Bombeiros de Cascais', 10);
insert into acciona values (0, 'Bombeiros de Figueira de Castelo Rodrigo', 12);
insert into acciona values (1, 'Bombeiros de Figueira de Castelo Rodrigo', 12);
insert into acciona values (0, 'Bombeiros de Coimbra', 14);
insert into acciona values (1, 'Bombeiros de Coimbra', 14);
insert into acciona values (0, 'Bombeiros de Ribeira de Pena', 16);
insert into acciona values (1, 'Bombeiros de Ribeira de Pena', 16);
insert into acciona values (0, 'Bombeiros de Calheta', 18);
insert into acciona values (1, 'Bombeiros de Calheta', 18);
insert into acciona values (0, 'Bombeiros de Miranda do Corvo', 20);
insert into acciona values (1, 'Bombeiros de Miranda do Corvo', 20);
insert into acciona values (0, 'Bombeiros de Arganil', 22);
insert into acciona values (1, 'Bombeiros de Arganil', 22);
insert into acciona values (0, 'Bombeiros de Santa Comba Dao', 24);
insert into acciona values (1, 'Bombeiros de Santa Comba Dao', 24);
insert into acciona values (0, 'Bombeiros de Murtosa', 26);
insert into acciona values (1, 'Bombeiros de Murtosa', 26);
insert into acciona values (0, 'Bombeiros de Vale de Cambra', 28);
insert into acciona values (1, 'Bombeiros de Vale de Cambra', 28);
insert into acciona values (0, 'Bombeiros de Condeixa-a-Nova', 30);
insert into acciona values (1, 'Bombeiros de Condeixa-a-Nova', 30);
insert into acciona values (0, 'Bombeiros de Ourem', 32);
insert into acciona values (1, 'Bombeiros de Ourem', 32);
insert into acciona values (0, 'Bombeiros de Braganca', 34);
insert into acciona values (1, 'Bombeiros de Braganca', 34);
insert into acciona values (0, 'Bombeiros de Constancia', 36);
insert into acciona values (1, 'Bombeiros de Constancia', 36);
insert into acciona values (0, 'Bombeiros de Montemor-o-Novo', 38);
insert into acciona values (1, 'Bombeiros de Montemor-o-Novo', 38);
insert into acciona values (0, 'Bombeiros de Abrantes', 40);
insert into acciona values (1, 'Bombeiros de Abrantes', 40);
insert into acciona values (0, 'Bombeiros de Castelo de Paiva', 42);
insert into acciona values (1, 'Bombeiros de Castelo de Paiva', 42);
insert into acciona values (0, 'Bombeiros de Almeirim', 44);
insert into acciona values (1, 'Bombeiros de Almeirim', 44);
insert into acciona values (0, 'Bombeiros de Fornos de Algodres', 46);
insert into acciona values (1, 'Bombeiros de Fornos de Algodres', 46);
insert into acciona values (0, 'Bombeiros de Povoacao', 48);
insert into acciona values (1, 'Bombeiros de Povoacao', 48);
insert into acciona values (0, 'Bombeiros de Vila Nova de Gaia', 50);
insert into acciona values (1, 'Bombeiros de Vila Nova de Gaia', 50);
insert into acciona values (0, 'Bombeiros de Alcobaca', 52);
insert into acciona values (1, 'Bombeiros de Alcobaca', 52);
insert into acciona values (0, 'Bombeiros de Alter do Chao', 54);
insert into acciona values (1, 'Bombeiros de Alter do Chao', 54);
insert into acciona values (0, 'Bombeiros de Pedrogao Grande', 56);
insert into acciona values (1, 'Bombeiros de Pedrogao Grande', 56);
insert into acciona values (0, 'Bombeiros de Vimioso', 58);
insert into acciona values (1, 'Bombeiros de Vimioso', 58);
insert into acciona values (0, 'Bombeiros de Corvo', 60);
insert into acciona values (1, 'Bombeiros de Corvo', 60);
insert into acciona values (0, 'Bombeiros de Mourao', 62);
insert into acciona values (1, 'Bombeiros de Mourao', 62);
insert into acciona values (0, 'Bombeiros de Fundao', 64);
insert into acciona values (1, 'Bombeiros de Fundao', 64);
insert into acciona values (0, 'Bombeiros de Chaves', 66);
insert into acciona values (1, 'Bombeiros de Chaves', 66);
insert into acciona values (0, 'Bombeiros de Santa Cruz da Graciosa', 68);
insert into acciona values (1, 'Bombeiros de Santa Cruz da Graciosa', 68);
insert into acciona values (0, 'Bombeiros de Vizela', 70);
insert into acciona values (1, 'Bombeiros de Vizela', 70);
insert into acciona values (0, 'Bombeiros de Ilhavo', 72);
insert into acciona values (1, 'Bombeiros de Ilhavo', 72);
insert into acciona values (0, 'Bombeiros de Povoa de Lanhoso', 74);
insert into acciona values (1, 'Bombeiros de Povoa de Lanhoso', 74);
insert into acciona values (0, 'Bombeiros de Carregal do Sal', 76);
insert into acciona values (1, 'Bombeiros de Carregal do Sal', 76);
insert into acciona values (0, 'Bombeiros de Sao Vicente', 78);
insert into acciona values (1, 'Bombeiros de Sao Vicente', 78);
insert into acciona values (0, 'Bombeiros de Carrazeda de Ansiaes', 80);
insert into acciona values (1, 'Bombeiros de Carrazeda de Ansiaes', 80);
insert into acciona values (0, 'Bombeiros de Porto Moniz', 82);
insert into acciona values (1, 'Bombeiros de Porto Moniz', 82);
insert into acciona values (0, 'Bombeiros de Torres Novas', 84);
insert into acciona values (1, 'Bombeiros de Torres Novas', 84);
insert into acciona values (0, 'Bombeiros de Castelo Branco', 86);
insert into acciona values (1, 'Bombeiros de Castelo Branco', 86);
insert into acciona values (0, 'Bombeiros de Anadia', 88);
insert into acciona values (1, 'Bombeiros de Anadia', 88);
insert into acciona values (0, 'Bombeiros de Sousel', 90);
insert into acciona values (1, 'Bombeiros de Sousel', 90);
insert into acciona values (0, 'Bombeiros de Santiago do Cacem', 92);
insert into acciona values (1, 'Bombeiros de Santiago do Cacem', 92);
insert into acciona values (0, 'Bombeiros de Figueiro dos Vinhos', 94);
insert into acciona values (1, 'Bombeiros de Figueiro dos Vinhos', 94);
insert into acciona values (0, 'Bombeiros de Satao', 96);
insert into acciona values (1, 'Bombeiros de Satao', 96);
insert into acciona values (0, 'Bombeiros de Soure', 98);
insert into acciona values (1, 'Bombeiros de Soure', 98);
insert into acciona values (0, 'Bombeiros de Lagos', 0);
insert into acciona values (0, 'Bombeiros de Santo Tirso', 2);
insert into acciona values (0, 'Bombeiros de Lisboa', 4);
insert into acciona values (0, 'Bombeiros de Chamusca', 6);
insert into acciona values (0, 'Bombeiros de Covilha', 8);
insert into acciona values (0, 'Bombeiros de Vila Pouca de Aguiar', 10);
insert into acciona values (0, 'Bombeiros de Mertola', 12);
insert into acciona values (0, 'Bombeiros de Barreiro', 14);
insert into acciona values (0, 'Bombeiros de Arronches', 16);
insert into acciona values (0, 'Bombeiros de Seixal', 18);
insert into acciona values (0, 'Bombeiros de Esposende', 20);
insert into acciona values (0, 'Bombeiros de Alvito', 22);
insert into acciona values (0, 'Bombeiros de Portel', 24);
insert into acciona values (0, 'Bombeiros de Lajes das Flores', 26);
insert into acciona values (0, 'Bombeiros de Cinfaes', 28);
insert into acciona values (0, 'Bombeiros de Macao', 30);
insert into acciona values (0, 'Bombeiros de Redondo', 32);
insert into acciona values (0, 'Bombeiros de Alcoutim', 34);
insert into acciona values (0, 'Bombeiros de Vila de Rei', 36);
insert into acciona values (0, 'Bombeiros de Nordeste', 38);
insert into acciona values (0, 'Bombeiros de Oliveira do Bairro', 40);
insert into acciona values (0, 'Bombeiros de Mealhada', 42);
insert into acciona values (0, 'Bombeiros de Celorico da Beira', 44);
insert into acciona values (0, 'Bombeiros de Trofa', 46);
insert into acciona values (0, 'Bombeiros de Sao Roque do Pico', 48);
insert into acciona values (0, 'Bombeiros de Murca', 50);
insert into acciona values (0, 'Bombeiros de Castelo de Vide', 52);
insert into acciona values (0, 'Bombeiros de Tabua', 54);
insert into acciona values (0, 'Bombeiros de Meda', 56);
insert into acciona values (0, 'Bombeiros de Lamego', 58);
insert into acciona values (0, 'Bombeiros de Armamar', 60);
insert into acciona values (0, 'Bombeiros de Paredes de Coura', 62);
insert into acciona values (0, 'Bombeiros de Miranda do Douro', 64);
insert into acciona values (0, 'Bombeiros de Ferreira do Zezere', 66);
insert into acciona values (0, 'Bombeiros de Obidos', 68);
insert into acciona values (0, 'Bombeiros de Idanha-a-Nova', 70);
insert into acciona values (0, 'Bombeiros de Vagos', 72);
insert into acciona values (0, 'Bombeiros de Alvaiazere', 74);
insert into acciona values (0, 'Bombeiros de Vila Vicosa', 76);

insert into audita values (0, 0, 'Bombeiros de Carregal do Sal', 76, '09:00:00', '18:00:00', '2018-10-03 00:45:13', 'Auditoria do Coordenador 0 em relacao ao meio 0 de Bombeiros de Carregal do Sal na data 2018-10-03 00:45:13 com inicio as 09:00:00 e fim as 18:00:00');
insert into audita values (1, 13, 'Fora Aerea', 13, '09:00:00', '18:00:00', '2018-10-14 07:50:58', 'Auditoria do Coordenador 1 em relacao ao meio 13 de Fora Aerea na data 2018-10-14 07:50:58 com inicio as 09:00:00 e fim as 18:00:00');
insert into audita values (2, 1, 'Bombeiros de Arganil', 22, '09:00:00', '18:00:00', '2018-06-21 05:00:14', 'Auditoria do Coordenador 2 em relacao ao meio 1 de Bombeiros de Arganil na data 2018-06-21 05:00:14 com inicio as 09:00:00 e fim as 18:00:00');
insert into audita values (3, 0, 'Bombeiros de Santa Marta de Penaguiao', 86, '09:00:00', '18:00:00', '2018-08-27 04:57:07', 'Auditoria do Coordenador 3 em relacao ao meio 0 de Bombeiros de Santa Marta de Penaguiao na data 2018-08-27 04:57:07 com inicio as 09:00:00 e fim as 18:00:00');
insert into audita values (4, 77, 'Fora Aerea', 77, '09:00:00', '18:00:00', '2018-08-26 21:10:34', 'Auditoria do Coordenador 4 em relacao ao meio 77 de Fora Aerea na data 2018-08-26 21:10:34 com inicio as 09:00:00 e fim as 18:00:00');
insert into audita values (5, 15, 'Fora Aerea', 15, '09:00:00', '18:00:00', '2018-06-05 18:26:59', 'Auditoria do Coordenador 5 em relacao ao meio 15 de Fora Aerea na data 2018-06-05 18:26:59 com inicio as 09:00:00 e fim as 18:00:00');
insert into audita values (6, 0, 'Bombeiros de Santa Comba Dao', 24, '09:00:00', '18:00:00', '2018-07-14 14:46:41', 'Auditoria do Coordenador 6 em relacao ao meio 0 de Bombeiros de Santa Comba Dao na data 2018-07-14 14:46:41 com inicio as 09:00:00 e fim as 18:00:00');
insert into audita values (7, 0, 'Bombeiros de Fornos de Algodres', 46, '09:00:00', '18:00:00', '2018-06-22 13:31:34', 'Auditoria do Coordenador 7 em relacao ao meio 0 de Bombeiros de Fornos de Algodres na data 2018-06-22 13:31:34 com inicio as 09:00:00 e fim as 18:00:00');
insert into audita values (8, 0, 'Bombeiros de Fafe', 42, '09:00:00', '18:00:00', '2018-07-02 11:02:05', 'Auditoria do Coordenador 8 em relacao ao meio 0 de Bombeiros de Fafe na data 2018-07-02 11:02:05 com inicio as 09:00:00 e fim as 18:00:00');
insert into audita values (9, 9, 'Fora Aerea', 9, '09:00:00', '18:00:00', '2018-09-22 10:29:43', 'Auditoria do Coordenador 9 em relacao ao meio 9 de Fora Aerea na data 2018-09-22 10:29:43 com inicio as 09:00:00 e fim as 18:00:00');
insert into audita values (10, 0, 'Bombeiros de Sao Roque do Pico', 48, '09:00:00', '18:00:00', '2018-06-08 14:24:32', 'Auditoria do Coordenador 10 em relacao ao meio 0 de Bombeiros de Sao Roque do Pico na data 2018-06-08 14:24:32 com inicio as 09:00:00 e fim as 18:00:00');
insert into audita values (11, 1, 'Bombeiros de Bombarral', 4, '09:00:00', '18:00:00', '2018-08-27 23:14:14', 'Auditoria do Coordenador 11 em relacao ao meio 1 de Bombeiros de Bombarral na data 2018-08-27 23:14:14 com inicio as 09:00:00 e fim as 18:00:00');
insert into audita values (12, 1, 'Bombeiros de Lousada', 62, '09:00:00', '18:00:00', '2018-06-06 05:44:25', 'Auditoria do Coordenador 12 em relacao ao meio 1 de Bombeiros de Lousada na data 2018-06-06 05:44:25 com inicio as 09:00:00 e fim as 18:00:00');
insert into audita values (13, 1, 'Bombeiros de Valpacos', 4, '09:00:00', '18:00:00', '2018-09-15 13:44:49', 'Auditoria do Coordenador 13 em relacao ao meio 1 de Bombeiros de Valpacos na data 2018-09-15 13:44:49 com inicio as 09:00:00 e fim as 18:00:00');
insert into audita values (14, 1, 'Bombeiros de Loures', 54, '09:00:00', '18:00:00', '2018-07-04 08:55:15', 'Auditoria do Coordenador 14 em relacao ao meio 1 de Bombeiros de Loures na data 2018-07-04 08:55:15 com inicio as 09:00:00 e fim as 18:00:00');
insert into audita values (15, 1, 'Bombeiros de Gondomar', 36, '09:00:00', '18:00:00', '2018-06-10 07:34:57', 'Auditoria do Coordenador 15 em relacao ao meio 1 de Bombeiros de Gondomar na data 2018-06-10 07:34:57 com inicio as 09:00:00 e fim as 18:00:00');
insert into audita values (16, 0, 'Bombeiros de Figueira de Castelo Rodrigo', 12, '09:00:00', '18:00:00', '2018-05-20 01:17:13', 'Auditoria do Coordenador 16 em relacao ao meio 0 de Bombeiros de Figueira de Castelo Rodrigo na data 2018-05-20 01:17:13 com inicio as 09:00:00 e fim as 18:00:00');
insert into audita values (17, 0, 'Bombeiros de Vieira do Minho', 98, '09:00:00', '18:00:00', '2018-10-06 09:47:32', 'Auditoria do Coordenador 17 em relacao ao meio 0 de Bombeiros de Vieira do Minho na data 2018-10-06 09:47:32 com inicio as 09:00:00 e fim as 18:00:00');
insert into audita values (18, 1, 'Bombeiros de Nelas', 70, '09:00:00', '18:00:00', '2018-05-23 14:53:24', 'Auditoria do Coordenador 18 em relacao ao meio 1 de Bombeiros de Nelas na data 2018-05-23 14:53:24 com inicio as 09:00:00 e fim as 18:00:00');
insert into audita values (19, 10, 'Fora Aerea', 10, '09:00:00', '18:00:00', '2018-10-04 23:46:14', 'Auditoria do Coordenador 19 em relacao ao meio 10 de Fora Aerea na data 2018-10-04 23:46:14 com inicio as 09:00:00 e fim as 18:00:00');
insert into audita values (20, 1, 'Fora Aerea', 1, '09:00:00', '18:00:00', '2018-08-13 01:01:53', 'Auditoria do Coordenador 20 em relacao ao meio 1 de Fora Aerea na data 2018-08-13 01:01:53 com inicio as 09:00:00 e fim as 18:00:00');
insert into audita values (21, 0, 'Bombeiros de Trofa', 46, '09:00:00', '18:00:00', '2018-05-18 04:23:53', 'Auditoria do Coordenador 21 em relacao ao meio 0 de Bombeiros de Trofa na data 2018-05-18 04:23:53 com inicio as 09:00:00 e fim as 18:00:00');
insert into audita values (22, 22, 'Fora Aerea', 22, '09:00:00', '18:00:00', '2018-05-20 16:12:48', 'Auditoria do Coordenador 22 em relacao ao meio 22 de Fora Aerea na data 2018-05-20 16:12:48 com inicio as 09:00:00 e fim as 18:00:00');
insert into audita values (23, 17, 'Fora Aerea', 17, '09:00:00', '18:00:00', '2018-11-08 04:19:27', 'Auditoria do Coordenador 23 em relacao ao meio 17 de Fora Aerea na data 2018-11-08 04:19:27 com inicio as 09:00:00 e fim as 18:00:00');
insert into audita values (24, 1, 'Bombeiros de Batalha', 8, '09:00:00', '18:00:00', '2018-08-13 17:21:03', 'Auditoria do Coordenador 24 em relacao ao meio 1 de Bombeiros de Batalha na data 2018-08-13 17:21:03 com inicio as 09:00:00 e fim as 18:00:00');
insert into audita values (25, 1, 'Bombeiros de Santiago do Cacem', 92, '09:00:00', '18:00:00', '2018-06-22 05:12:28', 'Auditoria do Coordenador 25 em relacao ao meio 1 de Bombeiros de Santiago do Cacem na data 2018-06-22 05:12:28 com inicio as 09:00:00 e fim as 18:00:00');
insert into audita values (26, 0, 'Bombeiros de Terras de Bouro', 90, '09:00:00', '18:00:00', '2018-08-06 22:15:52', 'Auditoria do Coordenador 26 em relacao ao meio 0 de Bombeiros de Terras de Bouro na data 2018-08-06 22:15:52 com inicio as 09:00:00 e fim as 18:00:00');
insert into audita values (27, 97, 'Fora Aerea', 97, '09:00:00', '18:00:00', '2018-09-05 23:40:40', 'Auditoria do Coordenador 27 em relacao ao meio 97 de Fora Aerea na data 2018-09-05 23:40:40 com inicio as 09:00:00 e fim as 18:00:00');
insert into audita values (28, 55, 'Fora Aerea', 55, '09:00:00', '18:00:00', '2018-07-13 05:46:55', 'Auditoria do Coordenador 28 em relacao ao meio 55 de Fora Aerea na data 2018-07-13 05:46:55 com inicio as 09:00:00 e fim as 18:00:00');
insert into audita values (29, 42, 'Fora Aerea', 42, '09:00:00', '18:00:00', '2018-08-24 23:33:59', 'Auditoria do Coordenador 29 em relacao ao meio 42 de Fora Aerea na data 2018-08-24 23:33:59 com inicio as 09:00:00 e fim as 18:00:00');
insert into audita values (30, 0, 'Bombeiros de Batalha', 8, '09:00:00', '18:00:00', '2018-11-20 18:43:44', 'Auditoria do Coordenador 30 em relacao ao meio 0 de Bombeiros de Batalha na data 2018-11-20 18:43:44 com inicio as 09:00:00 e fim as 18:00:00');
insert into audita values (31, 1, 'Bombeiros de Oliveira do Hospital', 0, '09:00:00', '18:00:00', '2018-11-06 08:09:02', 'Auditoria do Coordenador 31 em relacao ao meio 1 de Bombeiros de Oliveira do Hospital na data 2018-11-06 08:09:02 com inicio as 09:00:00 e fim as 18:00:00');
insert into audita values (32, 0, 'Bombeiros de Vila Verde', 12, '09:00:00', '18:00:00', '2018-05-30 16:55:23', 'Auditoria do Coordenador 32 em relacao ao meio 0 de Bombeiros de Vila Verde na data 2018-05-30 16:55:23 com inicio as 09:00:00 e fim as 18:00:00');
insert into audita values (33, 0, 'Bombeiros de Mourao', 62, '09:00:00', '18:00:00', '2018-09-29 18:21:38', 'Auditoria do Coordenador 33 em relacao ao meio 0 de Bombeiros de Mourao na data 2018-09-29 18:21:38 com inicio as 09:00:00 e fim as 18:00:00');
insert into audita values (34, 64, 'Fora Aerea', 64, '09:00:00', '18:00:00', '2018-06-04 01:33:50', 'Auditoria do Coordenador 34 em relacao ao meio 64 de Fora Aerea na data 2018-06-04 01:33:50 com inicio as 09:00:00 e fim as 18:00:00');
insert into audita values (35, 0, 'Bombeiros de Obidos', 68, '09:00:00', '18:00:00', '2018-06-09 22:23:11', 'Auditoria do Coordenador 35 em relacao ao meio 0 de Bombeiros de Obidos na data 2018-06-09 22:23:11 com inicio as 09:00:00 e fim as 18:00:00');
insert into audita values (36, 0, 'Bombeiros de Vizela', 70, '09:00:00', '18:00:00', '2018-05-20 23:45:56', 'Auditoria do Coordenador 36 em relacao ao meio 0 de Bombeiros de Vizela na data 2018-05-20 23:45:56 com inicio as 09:00:00 e fim as 18:00:00');
insert into audita values (37, 1, 'Bombeiros de Sardoal', 24, '09:00:00', '18:00:00', '2018-08-25 07:55:45', 'Auditoria do Coordenador 37 em relacao ao meio 1 de Bombeiros de Sardoal na data 2018-08-25 07:55:45 com inicio as 09:00:00 e fim as 18:00:00');
insert into audita values (38, 1, 'Bombeiros de Tarouca', 84, '09:00:00', '18:00:00', '2018-08-18 00:26:29', 'Auditoria do Coordenador 38 em relacao ao meio 1 de Bombeiros de Tarouca na data 2018-08-18 00:26:29 com inicio as 09:00:00 e fim as 18:00:00');
insert into audita values (39, 0, 'Bombeiros de Vila Pouca de Aguiar', 10, '09:00:00', '18:00:00', '2018-06-22 23:16:00', 'Auditoria do Coordenador 39 em relacao ao meio 0 de Bombeiros de Vila Pouca de Aguiar na data 2018-06-22 23:16:00 com inicio as 09:00:00 e fim as 18:00:00');
insert into audita values (40, 0, 'Bombeiros de Ourem', 32, '09:00:00', '18:00:00', '2018-11-04 01:03:48', 'Auditoria do Coordenador 40 em relacao ao meio 0 de Bombeiros de Ourem na data 2018-11-04 01:03:48 com inicio as 09:00:00 e fim as 18:00:00');
insert into audita values (41, 0, 'Bombeiros de Marco de Canaveses', 48, '09:00:00', '18:00:00', '2018-09-21 06:28:45', 'Auditoria do Coordenador 41 em relacao ao meio 0 de Bombeiros de Marco de Canaveses na data 2018-09-21 06:28:45 com inicio as 09:00:00 e fim as 18:00:00');
insert into audita values (42, 20, 'Fora Aerea', 20, '09:00:00', '18:00:00', '2018-05-18 18:40:20', 'Auditoria do Coordenador 42 em relacao ao meio 20 de Fora Aerea na data 2018-05-18 18:40:20 com inicio as 09:00:00 e fim as 18:00:00');
insert into audita values (43, 0, 'Bombeiros de Vimioso', 58, '09:00:00', '18:00:00', '2018-06-02 12:13:41', 'Auditoria do Coordenador 43 em relacao ao meio 0 de Bombeiros de Vimioso na data 2018-06-02 12:13:41 com inicio as 09:00:00 e fim as 18:00:00');
insert into audita values (44, 1, 'Bombeiros de Condeixa-a-Nova', 30, '09:00:00', '18:00:00', '2018-05-03 18:00:00', 'Auditoria do Coordenador 44 em relacao ao meio 1 de Bombeiros de Condeixa-a-Nova na data 2018-05-03 18:00:00 com inicio as 09:00:00 e fim as 18:00:00');
insert into audita values (45, 88, 'Fora Aerea', 88, '09:00:00', '18:00:00', '2018-07-05 08:53:26', 'Auditoria do Coordenador 45 em relacao ao meio 88 de Fora Aerea na data 2018-07-05 08:53:26 com inicio as 09:00:00 e fim as 18:00:00');
insert into audita values (46, 1, 'Bombeiros de Satao', 96, '09:00:00', '18:00:00', '2018-11-10 22:12:59', 'Auditoria do Coordenador 46 em relacao ao meio 1 de Bombeiros de Satao na data 2018-11-10 22:12:59 com inicio as 09:00:00 e fim as 18:00:00');
insert into audita values (47, 1, 'Bombeiros de Sao Pedro do Sul', 6, '09:00:00', '18:00:00', '2018-10-04 08:32:11', 'Auditoria do Coordenador 47 em relacao ao meio 1 de Bombeiros de Sao Pedro do Sul na data 2018-10-04 08:32:11 com inicio as 09:00:00 e fim as 18:00:00');
insert into audita values (48, 0, 'Bombeiros de Meda', 56, '09:00:00', '18:00:00', '2018-10-05 06:10:33', 'Auditoria do Coordenador 48 em relacao ao meio 0 de Bombeiros de Meda na data 2018-10-05 06:10:33 com inicio as 09:00:00 e fim as 18:00:00');
insert into audita values (49, 2, 'Fora Aerea', 2, '09:00:00', '18:00:00', '2018-11-22 15:54:07', 'Auditoria do Coordenador 49 em relacao ao meio 2 de Fora Aerea na data 2018-11-22 15:54:07 com inicio as 09:00:00 e fim as 18:00:00');
insert into audita values (50, 1, 'Bombeiros de Cuba', 92, '09:00:00', '18:00:00', '2018-07-20 04:54:56', 'Auditoria do Coordenador 50 em relacao ao meio 1 de Bombeiros de Cuba na data 2018-07-20 04:54:56 com inicio as 09:00:00 e fim as 18:00:00');
insert into audita values (51, 0, 'Bombeiros de Cascais', 10, '09:00:00', '18:00:00', '2018-06-05 02:11:13', 'Auditoria do Coordenador 51 em relacao ao meio 0 de Bombeiros de Cascais na data 2018-06-05 02:11:13 com inicio as 09:00:00 e fim as 18:00:00');
insert into audita values (52, 1, 'Bombeiros de Odivelas', 40, '09:00:00', '18:00:00', '2018-08-07 22:12:58', 'Auditoria do Coordenador 52 em relacao ao meio 1 de Bombeiros de Odivelas na data 2018-08-07 22:12:58 com inicio as 09:00:00 e fim as 18:00:00');
insert into audita values (53, 0, 'Bombeiros de Redondo', 32, '09:00:00', '18:00:00', '2018-10-30 02:26:14', 'Auditoria do Coordenador 53 em relacao ao meio 0 de Bombeiros de Redondo na data 2018-10-30 02:26:14 com inicio as 09:00:00 e fim as 18:00:00');
insert into audita values (54, 0, 'Bombeiros de Trancoso', 52, '09:00:00', '18:00:00', '2018-10-27 04:11:26', 'Auditoria do Coordenador 54 em relacao ao meio 0 de Bombeiros de Trancoso na data 2018-10-27 04:11:26 com inicio as 09:00:00 e fim as 18:00:00');
insert into audita values (55, 1, 'Bombeiros de Vila Real', 20, '09:00:00', '18:00:00', '2018-09-22 08:11:05', 'Auditoria do Coordenador 55 em relacao ao meio 1 de Bombeiros de Vila Real na data 2018-09-22 08:11:05 com inicio as 09:00:00 e fim as 18:00:00');
insert into audita values (56, 50, 'Fora Aerea', 50, '09:00:00', '18:00:00', '2018-06-24 12:25:02', 'Auditoria do Coordenador 56 em relacao ao meio 50 de Fora Aerea na data 2018-06-24 12:25:02 com inicio as 09:00:00 e fim as 18:00:00');
insert into audita values (57, 31, 'Fora Aerea', 31, '09:00:00', '18:00:00', '2018-07-23 11:23:17', 'Auditoria do Coordenador 57 em relacao ao meio 31 de Fora Aerea na data 2018-07-23 11:23:17 com inicio as 09:00:00 e fim as 18:00:00');
insert into audita values (58, 0, 'Bombeiros de Castelo de Vide', 52, '09:00:00', '18:00:00', '2018-10-05 20:06:40', 'Auditoria do Coordenador 58 em relacao ao meio 0 de Bombeiros de Castelo de Vide na data 2018-10-05 20:06:40 com inicio as 09:00:00 e fim as 18:00:00');
insert into audita values (59, 0, 'Bombeiros de Cuba', 92, '09:00:00', '18:00:00', '2018-11-22 02:27:58', 'Auditoria do Coordenador 59 em relacao ao meio 0 de Bombeiros de Cuba na data 2018-11-22 02:27:58 com inicio as 09:00:00 e fim as 18:00:00');
insert into audita values (60, 33, 'Fora Aerea', 33, '09:00:00', '18:00:00', '2018-08-25 03:33:14', 'Auditoria do Coordenador 60 em relacao ao meio 33 de Fora Aerea na data 2018-08-25 03:33:14 com inicio as 09:00:00 e fim as 18:00:00');
insert into audita values (61, 87, 'Fora Aerea', 87, '09:00:00', '18:00:00', '2018-05-06 11:52:39', 'Auditoria do Coordenador 61 em relacao ao meio 87 de Fora Aerea na data 2018-05-06 11:52:39 com inicio as 09:00:00 e fim as 18:00:00');
insert into audita values (62, 9, 'Fora Aerea', 9, '09:00:00', '18:00:00', '2018-09-30 17:35:31', 'Auditoria do Coordenador 62 em relacao ao meio 9 de Fora Aerea na data 2018-09-30 17:35:31 com inicio as 09:00:00 e fim as 18:00:00');
insert into audita values (63, 0, 'Bombeiros de Macao', 30, '09:00:00', '18:00:00', '2018-06-26 06:39:41', 'Auditoria do Coordenador 63 em relacao ao meio 0 de Bombeiros de Macao na data 2018-06-26 06:39:41 com inicio as 09:00:00 e fim as 18:00:00');
insert into audita values (64, 0, 'Bombeiros de Idanha-a-Nova', 70, '09:00:00', '18:00:00', '2018-05-12 17:47:59', 'Auditoria do Coordenador 64 em relacao ao meio 0 de Bombeiros de Idanha-a-Nova na data 2018-05-12 17:47:59 com inicio as 09:00:00 e fim as 18:00:00');
insert into audita values (65, 1, 'Bombeiros de Vila do Porto', 30, '09:00:00', '18:00:00', '2018-08-13 07:26:04', 'Auditoria do Coordenador 65 em relacao ao meio 1 de Bombeiros de Vila do Porto na data 2018-08-13 07:26:04 com inicio as 09:00:00 e fim as 18:00:00');
insert into audita values (66, 1, 'Bombeiros de Povoacao', 48, '09:00:00', '18:00:00', '2018-07-14 18:18:19', 'Auditoria do Coordenador 66 em relacao ao meio 1 de Bombeiros de Povoacao na data 2018-07-14 18:18:19 com inicio as 09:00:00 e fim as 18:00:00');
insert into audita values (67, 12, 'Fora Aerea', 12, '09:00:00', '18:00:00', '2018-05-04 16:23:22', 'Auditoria do Coordenador 67 em relacao ao meio 12 de Fora Aerea na data 2018-05-04 16:23:22 com inicio as 09:00:00 e fim as 18:00:00');
insert into audita values (68, 91, 'Fora Aerea', 91, '09:00:00', '18:00:00', '2018-06-18 15:31:53', 'Auditoria do Coordenador 68 em relacao ao meio 91 de Fora Aerea na data 2018-06-18 15:31:53 com inicio as 09:00:00 e fim as 18:00:00');
insert into audita values (69, 5, 'Fora Aerea', 5, '09:00:00', '18:00:00', '2018-05-01 12:53:40', 'Auditoria do Coordenador 69 em relacao ao meio 5 de Fora Aerea na data 2018-05-01 12:53:40 com inicio as 09:00:00 e fim as 18:00:00');
insert into audita values (70, 61, 'Fora Aerea', 61, '09:00:00', '18:00:00', '2018-09-04 11:39:51', 'Auditoria do Coordenador 70 em relacao ao meio 61 de Fora Aerea na data 2018-09-04 11:39:51 com inicio as 09:00:00 e fim as 18:00:00');
insert into audita values (71, 86, 'Fora Aerea', 86, '09:00:00', '18:00:00', '2018-10-26 07:29:30', 'Auditoria do Coordenador 71 em relacao ao meio 86 de Fora Aerea na data 2018-10-26 07:29:30 com inicio as 09:00:00 e fim as 18:00:00');
insert into audita values (72, 0, 'Bombeiros de Carrazeda de Ansiaes', 80, '09:00:00', '18:00:00', '2018-10-09 08:01:15', 'Auditoria do Coordenador 72 em relacao ao meio 0 de Bombeiros de Carrazeda de Ansiaes na data 2018-10-09 08:01:15 com inicio as 09:00:00 e fim as 18:00:00');
insert into audita values (73, 68, 'Fora Aerea', 68, '09:00:00', '18:00:00', '2018-10-07 15:29:22', 'Auditoria do Coordenador 73 em relacao ao meio 68 de Fora Aerea na data 2018-10-07 15:29:22 com inicio as 09:00:00 e fim as 18:00:00');
insert into audita values (74, 1, 'Bombeiros de Vizela', 70, '09:00:00', '18:00:00', '2018-09-25 04:35:33', 'Auditoria do Coordenador 74 em relacao ao meio 1 de Bombeiros de Vizela na data 2018-09-25 04:35:33 com inicio as 09:00:00 e fim as 18:00:00');
insert into audita values (75, 0, 'Bombeiros de Povoa de Lanhoso', 74, '09:00:00', '18:00:00', '2018-06-25 23:16:47', 'Auditoria do Coordenador 75 em relacao ao meio 0 de Bombeiros de Povoa de Lanhoso na data 2018-06-25 23:16:47 com inicio as 09:00:00 e fim as 18:00:00');
insert into audita values (76, 21, 'Fora Aerea', 21, '09:00:00', '18:00:00', '2018-07-06 09:30:36', 'Auditoria do Coordenador 76 em relacao ao meio 21 de Fora Aerea na data 2018-07-06 09:30:36 com inicio as 09:00:00 e fim as 18:00:00');
insert into audita values (77, 1, 'Bombeiros de Braganca', 34, '09:00:00', '18:00:00', '2018-07-16 10:07:06', 'Auditoria do Coordenador 77 em relacao ao meio 1 de Bombeiros de Braganca na data 2018-07-16 10:07:06 com inicio as 09:00:00 e fim as 18:00:00');
insert into audita values (78, 0, 'Bombeiros de Tarouca', 84, '09:00:00', '18:00:00', '2018-07-18 19:41:17', 'Auditoria do Coordenador 78 em relacao ao meio 0 de Bombeiros de Tarouca na data 2018-07-18 19:41:17 com inicio as 09:00:00 e fim as 18:00:00');
insert into audita values (79, 67, 'Fora Aerea', 67, '09:00:00', '18:00:00', '2018-06-18 11:37:21', 'Auditoria do Coordenador 79 em relacao ao meio 67 de Fora Aerea na data 2018-06-18 11:37:21 com inicio as 09:00:00 e fim as 18:00:00');
insert into audita values (80, 1, 'Bombeiros de Vila Verde', 12, '09:00:00', '18:00:00', '2018-05-29 10:56:23', 'Auditoria do Coordenador 80 em relacao ao meio 1 de Bombeiros de Vila Verde na data 2018-05-29 10:56:23 com inicio as 09:00:00 e fim as 18:00:00');
insert into audita values (81, 45, 'Fora Aerea', 45, '09:00:00', '18:00:00', '2018-10-20 06:53:10', 'Auditoria do Coordenador 81 em relacao ao meio 45 de Fora Aerea na data 2018-10-20 06:53:10 com inicio as 09:00:00 e fim as 18:00:00');
insert into audita values (82, 1, 'Bombeiros de Porto Moniz', 82, '09:00:00', '18:00:00', '2018-11-19 13:16:25', 'Auditoria do Coordenador 82 em relacao ao meio 1 de Bombeiros de Porto Moniz na data 2018-11-19 13:16:25 com inicio as 09:00:00 e fim as 18:00:00');
insert into audita values (83, 0, 'Bombeiros de Felgueiras', 38, '09:00:00', '18:00:00', '2018-06-17 02:34:47', 'Auditoria do Coordenador 83 em relacao ao meio 0 de Bombeiros de Felgueiras na data 2018-06-17 02:34:47 com inicio as 09:00:00 e fim as 18:00:00');
insert into audita values (84, 0, 'Bombeiros de Tabua', 54, '09:00:00', '18:00:00', '2018-11-12 19:25:15', 'Auditoria do Coordenador 84 em relacao ao meio 0 de Bombeiros de Tabua na data 2018-11-12 19:25:15 com inicio as 09:00:00 e fim as 18:00:00');
insert into audita values (85, 0, 'Bombeiros de Miranda do Douro', 64, '09:00:00', '18:00:00', '2018-10-26 23:15:21', 'Auditoria do Coordenador 85 em relacao ao meio 0 de Bombeiros de Miranda do Douro na data 2018-10-26 23:15:21 com inicio as 09:00:00 e fim as 18:00:00');
insert into audita values (86, 96, 'Fora Aerea', 96, '09:00:00', '18:00:00', '2018-05-29 04:42:36', 'Auditoria do Coordenador 86 em relacao ao meio 96 de Fora Aerea na data 2018-05-29 04:42:36 com inicio as 09:00:00 e fim as 18:00:00');
insert into audita values (87, 1, 'Bombeiros de Mourao', 62, '09:00:00', '18:00:00', '2018-07-11 10:09:03', 'Auditoria do Coordenador 87 em relacao ao meio 1 de Bombeiros de Mourao na data 2018-07-11 10:09:03 com inicio as 09:00:00 e fim as 18:00:00');
insert into audita values (88, 80, 'Fora Aerea', 80, '09:00:00', '18:00:00', '2018-07-12 11:29:59', 'Auditoria do Coordenador 88 em relacao ao meio 80 de Fora Aerea na data 2018-07-12 11:29:59 com inicio as 09:00:00 e fim as 18:00:00');
insert into audita values (89, 28, 'Fora Aerea', 28, '09:00:00', '18:00:00', '2018-05-17 05:28:12', 'Auditoria do Coordenador 89 em relacao ao meio 28 de Fora Aerea na data 2018-05-17 05:28:12 com inicio as 09:00:00 e fim as 18:00:00');
insert into audita values (90, 1, 'Bombeiros de Carregal do Sal', 76, '09:00:00', '18:00:00', '2018-07-19 04:04:57', 'Auditoria do Coordenador 90 em relacao ao meio 1 de Bombeiros de Carregal do Sal na data 2018-07-19 04:04:57 com inicio as 09:00:00 e fim as 18:00:00');
insert into audita values (91, 0, 'Bombeiros de Povoacao', 48, '09:00:00', '18:00:00', '2018-05-17 10:03:18', 'Auditoria do Coordenador 91 em relacao ao meio 0 de Bombeiros de Povoacao na data 2018-05-17 10:03:18 com inicio as 09:00:00 e fim as 18:00:00');
insert into audita values (92, 2, 'Fora Aerea', 2, '09:00:00', '18:00:00', '2018-06-26 18:35:05', 'Auditoria do Coordenador 92 em relacao ao meio 2 de Fora Aerea na data 2018-06-26 18:35:05 com inicio as 09:00:00 e fim as 18:00:00');
insert into audita values (93, 0, 'Bombeiros de Calheta', 18, '09:00:00', '18:00:00', '2018-11-09 08:01:29', 'Auditoria do Coordenador 93 em relacao ao meio 0 de Bombeiros de Calheta na data 2018-11-09 08:01:29 com inicio as 09:00:00 e fim as 18:00:00');
insert into audita values (94, 0, 'Bombeiros de Alenquer', 18, '09:00:00', '18:00:00', '2018-10-26 00:02:49', 'Auditoria do Coordenador 94 em relacao ao meio 0 de Bombeiros de Alenquer na data 2018-10-26 00:02:49 com inicio as 09:00:00 e fim as 18:00:00');
insert into audita values (95, 0, 'Fora Aerea', 0, '09:00:00', '18:00:00', '2018-06-03 05:41:38', 'Auditoria do Coordenador 95 em relacao ao meio 0 de Fora Aerea na data 2018-06-03 05:41:38 com inicio as 09:00:00 e fim as 18:00:00');
insert into audita values (96, 1, 'Bombeiros de Salvaterra de Magos', 16, '09:00:00', '18:00:00', '2018-10-25 16:58:44', 'Auditoria do Coordenador 96 em relacao ao meio 1 de Bombeiros de Salvaterra de Magos na data 2018-10-25 16:58:44 com inicio as 09:00:00 e fim as 18:00:00');
insert into audita values (97, 49, 'Fora Aerea', 49, '09:00:00', '18:00:00', '2018-07-15 05:26:50', 'Auditoria do Coordenador 97 em relacao ao meio 49 de Fora Aerea na data 2018-07-15 05:26:50 com inicio as 09:00:00 e fim as 18:00:00');
insert into audita values (98, 84, 'Fora Aerea', 84, '09:00:00', '18:00:00', '2018-09-04 10:40:16', 'Auditoria do Coordenador 98 em relacao ao meio 84 de Fora Aerea na data 2018-09-04 10:40:16 com inicio as 09:00:00 e fim as 18:00:00');
insert into audita values (99, 0, 'Bombeiros de Murtosa', 26, '09:00:00', '18:00:00', '2018-06-20 10:21:21', 'Auditoria do Coordenador 99 em relacao ao meio 0 de Bombeiros de Murtosa na data 2018-06-20 10:21:21 com inicio as 09:00:00 e fim as 18:00:00');

insert into vigia values ('Oliveira do Hospital', 12);
insert into vigia values ('Monchique', 75);
insert into vigia values ('Sao Pedro do Sul', 54);
insert into vigia values ('Castro Daire', 49);
insert into vigia values ('Vila Verde', 34);
insert into vigia values ('Amares', 92);
insert into vigia values ('Ferreira do Alentejo', 37);
insert into vigia values ('Santarem', 16);
insert into vigia values ('Caldas da Rainha', 7);
insert into vigia values ('Vila Real', 10);
insert into vigia values ('Boticas', 64);
insert into vigia values ('Velas', 37);
insert into vigia values ('Celorico de Basto', 4);
insert into vigia values ('Almada', 57);
insert into vigia values ('Mira', 68);
insert into vigia values ('Vila Nova de Famalicao', 1);
insert into vigia values ('Nisa', 97);
insert into vigia values ('Viana do Castelo', 70);
insert into vigia values ('Felgueiras', 99);
insert into vigia values ('Odemira', 39);
insert into vigia values ('Ourique', 95);
insert into vigia values ('Penela', 66);
insert into vigia values ('Vila Nova de Cerveira', 66);
insert into vigia values ('Agueda', 18);
insert into vigia values ('Marco de Canaveses', 32);
insert into vigia values ('Penedono', 53);
insert into vigia values ('Vila Nova de Paiva', 47);
insert into vigia values ('Sever do Vouga', 60);
insert into vigia values ('Loures', 10);
insert into vigia values ('Viana do Alentejo', 5);
insert into vigia values ('Vila Nova de Poiares', 78);
insert into vigia values ('Evora', 41);
insert into vigia values ('Alpiarca', 9);
insert into vigia values ('Lousada', 77);
insert into vigia values ('Campo Maior', 85);
insert into vigia values ('Vinhais', 35);
insert into vigia values ('Caminha', 47);
insert into vigia values ('Penafiel', 46);
insert into vigia values ('Penalva do Castelo', 71);
insert into vigia values ('Cabeceiras de Basto', 48);
insert into vigia values ('Cartaxo', 1);
insert into vigia values ('Aveiro', 25);
insert into vigia values ('Vila Real de Santo Antonio', 44);
insert into vigia values ('Espinho', 92);
insert into vigia values ('Coruche', 28);
insert into vigia values ('Tarouca', 91);
insert into vigia values ('Santa Marta de Penaguiao', 38);
insert into vigia values ('Sobral de Monte Agraco', 41);
insert into vigia values ('Golega', 8);
insert into vigia values ('Ansiao', 53);
insert into vigia values ('Beja', 62);
insert into vigia values ('Arruda dos Vinhos', 87);
insert into vigia values ('Vila Nova de Foz Coa', 33);
insert into vigia values ('Bombarral', 73);
insert into vigia values ('Matosinhos', 22);
insert into vigia values ('Cascais', 22);
insert into vigia values ('Figueira de Castelo Rodrigo', 21);
insert into vigia values ('Paredes', 60);
insert into vigia values ('Ribeira de Pena', 20);
insert into vigia values ('Serta', 50);
insert into vigia values ('Oliveira de Azemeis', 36);
insert into vigia values ('Miranda do Corvo', 69);
insert into vigia values ('Vila Velha de Rodao', 30);
insert into vigia values ('Arganil', 36);
insert into vigia values ('Arraiolos', 28);
insert into vigia values ('Vale de Cambra', 51);
insert into vigia values ('Vila do Bispo', 27);
insert into vigia values ('Loule', 80);
insert into vigia values ('Ponte da Barca', 14);
insert into vigia values ('Constancia', 67);
insert into vigia values ('Grandola', 37);
insert into vigia values ('Fronteira', 13);
insert into vigia values ('Sao Joao da Pesqueira', 2);
insert into vigia values ('Machico', 62);
insert into vigia values ('Povoacao', 55);
insert into vigia values ('Vila Nova de Gaia', 61);
insert into vigia values ('Figueira da Foz', 88);
insert into vigia values ('Alcobaca', 26);
insert into vigia values ('Oliveira de Frades', 95);
insert into vigia values ('Alter do Chao', 50);
insert into vigia values ('Freixo de Espada a Cinta', 87);
insert into vigia values ('Pedrogao Grande', 99);
insert into vigia values ('Vimioso', 44);
insert into vigia values ('Corvo', 73);
insert into vigia values ('Mourao', 9);
insert into vigia values ('Sao Bras de Alportel', 52);
insert into vigia values ('Azambuja', 23);
insert into vigia values ('Vizela', 32);
insert into vigia values ('Ilhavo', 48);
insert into vigia values ('Vidigueira', 67);
insert into vigia values ('Gois', 96);
insert into vigia values ('Carregal do Sal', 20);
insert into vigia values ('Angra do Heroismo', 15);
insert into vigia values ('Sao Vicente', 29);
insert into vigia values ('Madalena', 56);
insert into vigia values ('Carrazeda de Ansiaes', 15);
insert into vigia values ('Vila Franca de Xira', 65);
insert into vigia values ('Castelo Branco', 72);
insert into vigia values ('Valongo', 78);
insert into vigia values ('Anadia', 11);
insert into vigia values ('Leiria', 86);
insert into vigia values ('Sousel', 51);
insert into vigia values ('Almeida', 2);
insert into vigia values ('Soure', 52);
insert into vigia values ('Lagos', 30);
insert into vigia values ('Aguiar da Beira', 6);
insert into vigia values ('Santo Tirso', 58);
insert into vigia values ('Chamusca', 81);
insert into vigia values ('Alcacer do Sal', 43);
insert into vigia values ('Covilha', 100);
insert into vigia values ('Almodovar', 29);
insert into vigia values ('Mora', 93);
insert into vigia values ('Seixal', 15);
insert into vigia values ('Pombal', 38);
insert into vigia values ('Manteigas', 30);
insert into vigia values ('Alvito', 9);
insert into vigia values ('Castro Verde', 22);
insert into vigia values ('Portel', 23);
insert into vigia values ('Lajes das Flores', 86);
insert into vigia values ('Silves', 20);
insert into vigia values ('Cinfaes', 28);
insert into vigia values ('Macao', 26);
insert into vigia values ('Resende', 83);
insert into vigia values ('Alcanena', 5);
insert into vigia values ('Alcoutim', 81);
insert into vigia values ('Nordeste', 71);
insert into vigia values ('Mogadouro', 68);
insert into vigia values ('Oliveira do Bairro', 77);
insert into vigia values ('Mealhada', 36);
insert into vigia values ('Tabuaco', 45);
insert into vigia values ('Celorico da Beira', 76);
insert into vigia values ('Pacos de Ferreira', 40);
insert into vigia values ('Olhao', 13);
insert into vigia values ('Murca', 49);
insert into vigia values ('Castelo de Vide', 77);
insert into vigia values ('Torre de Moncorvo', 83);
insert into vigia values ('Mirandela', 34);
insert into vigia values ('Lamego', 43);
insert into vigia values ('Ponte de Lima', 58);
insert into vigia values ('Gouveia', 31);
insert into vigia values ('Miranda do Douro', 96);
insert into vigia values ('Moimenta da Beira', 90);
insert into vigia values ('Ferreira do Zezere', 19);
insert into vigia values ('Idanha-a-Nova', 65);
insert into vigia values ('Gaviao', 89);
insert into vigia values ('Alvaiazere', 25);
insert into vigia values ('Melgaco', 16);
insert into vigia values ('Vila Vicosa', 3);


insert into solicita values (0, 29, '2017-08-08 14:43:24', '2017-08-25 13:08:05', '2017-08-31 04:25:30');
insert into solicita values (1, 74, '2017-01-09 21:34:49', '2017-01-12 16:47:35', '2017-01-19 04:33:33');
insert into solicita values (2, 27, '2017-12-14 09:54:36', '2017-12-31 13:08:00', '2018-01-09 01:30:32');
insert into solicita values (3, 63, '2018-08-08 08:25:44', '2018-08-17 17:10:42', '2018-08-25 21:58:47');
insert into solicita values (4, 1, '2018-11-02 06:14:28', '2018-11-07 21:38:53', '2018-11-08 15:20:26');
insert into solicita values (5, 95, '2017-09-25 17:56:35', '2017-10-07 22:35:24', '2017-10-17 14:16:57');
insert into solicita values (6, 48, '2017-05-20 22:33:41', '2017-05-30 11:08:55', '2017-06-04 23:41:53');
insert into solicita values (7, 89, '2018-10-14 23:55:54', '2018-10-28 13:26:40', '2018-11-02 14:39:03');
insert into solicita values (8, 20, '2018-06-21 13:06:31', '2018-07-08 01:47:51', '2018-07-13 16:04:47');
insert into solicita values (9, 77, '2018-10-18 14:32:29', '2018-11-12 20:38:20', '2018-11-14 05:02:50');
insert into solicita values (10, 23, '2018-03-07 08:26:29', '2018-03-24 19:42:45', '2018-04-03 11:22:10');
insert into solicita values (11, 85, '2017-11-22 16:55:23', '2017-11-23 14:30:30', '2017-12-03 02:59:08');
insert into solicita values (12, 91, '2017-07-19 04:01:45', '2017-07-20 00:09:17', '2017-07-26 22:07:58');
insert into solicita values (13, 22, '2018-04-18 18:30:19', '2018-05-15 06:36:43', '2018-05-18 11:55:53');
insert into solicita values (14, 5, '2018-07-15 04:50:22', '2018-07-24 03:35:38', '2018-08-01 15:22:23');
insert into solicita values (15, 69, '2017-11-01 02:49:23', '2017-11-01 09:35:05', '2017-11-04 20:30:33');
insert into solicita values (16, 23, '2017-04-11 18:59:29', '2017-05-04 07:52:17', '2017-05-10 00:09:27');
insert into solicita values (17, 54, '2018-11-22 16:00:15', '2018-11-28 18:21:10', '2018-12-04 00:00:59');
insert into solicita values (18, 29, '2018-01-17 01:13:32', '2018-01-20 16:03:27', '2018-01-28 14:20:01');
insert into solicita values (19, 46, '2017-12-20 04:43:36', '2017-12-26 09:23:33', '2018-01-02 17:22:03');
insert into solicita values (20, 67, '2017-02-22 00:29:34', '2017-03-19 06:42:43', '2017-03-26 14:08:14');
insert into solicita values (21, 24, '2018-01-03 18:47:26', '2018-01-26 07:38:20', '2018-01-31 18:31:35');
insert into solicita values (22, 36, '2017-04-03 12:47:26', '2017-04-16 11:45:22', '2017-04-19 15:01:24');
insert into solicita values (23, 21, '2018-07-10 13:50:38', '2018-07-15 07:04:56', '2018-07-16 01:30:42');
insert into solicita values (24, 6, '2018-07-18 13:43:00', '2018-08-08 15:44:23', '2018-08-08 22:36:05');
insert into solicita values (25, 80, '2018-05-12 00:51:36', '2018-05-14 07:24:50', '2018-05-20 03:47:22');
insert into solicita values (26, 64, '2017-08-22 20:24:52', '2017-09-11 20:01:09', '2017-09-19 03:53:14');
insert into solicita values (27, 46, '2018-06-05 23:18:34', '2018-06-14 21:41:21', '2018-06-20 19:05:33');
insert into solicita values (28, 77, '2018-06-07 13:06:30', '2018-06-13 21:19:06', '2018-06-20 14:51:31');
insert into solicita values (29, 70, '2017-06-04 15:12:04', '2017-06-16 22:07:29', '2017-06-26 06:09:53');
insert into solicita values (30, 88, '2018-01-29 13:29:33', '2018-02-26 08:59:11', '2018-03-03 23:50:52');
insert into solicita values (31, 83, '2018-01-20 06:45:44', '2018-02-11 19:23:16', '2018-02-18 04:40:18');
insert into solicita values (32, 40, '2017-12-20 03:23:35', '2018-01-04 03:44:37', '2018-01-06 23:04:48');
insert into solicita values (33, 97, '2018-11-01 17:06:21', '2018-11-14 06:53:37', '2018-11-19 05:22:14');
insert into solicita values (34, 2, '2017-01-13 06:25:39', '2017-01-18 23:04:46', '2017-01-27 08:15:57');
insert into solicita values (35, 95, '2018-10-04 03:20:14', '2018-10-21 10:21:10', '2018-10-27 05:02:46');
insert into solicita values (36, 99, '2017-04-09 18:00:24', '2017-04-13 20:39:43', '2017-04-21 17:23:03');
insert into solicita values (37, 84, '2018-08-24 10:37:18', '2018-09-18 18:09:20', '2018-09-23 12:21:26');
insert into solicita values (38, 54, '2018-02-24 22:05:15', '2018-03-16 10:16:45', '2018-03-24 12:23:14');
insert into solicita values (39, 100, '2018-11-06 17:45:33', '2018-12-05 02:12:04', '2018-12-14 03:05:53');
insert into solicita values (40, 35, '2017-03-27 16:23:42', '2017-04-17 21:11:14', '2017-04-27 16:42:51');
insert into solicita values (41, 13, '2018-01-13 12:15:06', '2018-01-16 04:01:41', '2018-01-23 19:51:50');
insert into solicita values (42, 99, '2017-09-01 06:23:29', '2017-09-20 04:44:20', '2017-09-24 04:00:42');
insert into solicita values (43, 20, '2018-04-07 19:57:23', '2018-04-23 19:03:02', '2018-04-30 12:52:57');
insert into solicita values (44, 16, '2018-06-05 12:29:45', '2018-06-21 21:17:12', '2018-06-26 18:14:14');
insert into solicita values (45, 19, '2017-10-24 23:39:52', '2017-11-19 06:31:09', '2017-11-19 23:10:30');
insert into solicita values (46, 31, '2018-03-13 04:13:54', '2018-03-21 14:00:20', '2018-03-28 02:41:43');
insert into solicita values (47, 30, '2018-08-10 10:26:26', '2018-08-27 23:23:12', '2018-09-02 23:29:32');
insert into solicita values (48, 59, '2018-03-26 12:07:07', '2018-04-08 01:17:17', '2018-04-14 02:39:09');
insert into solicita values (49, 39, '2017-11-02 03:34:25', '2017-11-04 15:49:18', '2017-11-14 09:54:58');
insert into solicita values (50, 90, '2017-04-01 00:50:51', '2017-04-04 01:16:22', '2017-04-07 14:43:33');
insert into solicita values (51, 97, '2017-10-26 22:24:42', '2017-11-24 21:41:29', '2017-11-28 03:48:53');
insert into solicita values (52, 84, '2017-09-20 07:52:37', '2017-09-29 10:45:57', '2017-10-02 01:39:22');
insert into solicita values (53, 18, '2017-01-05 22:59:48', '2017-01-15 05:53:47', '2017-01-21 11:09:52');
insert into solicita values (54, 6, '2017-11-08 08:31:16', '2017-11-12 15:14:54', '2017-11-20 03:01:51');
insert into solicita values (55, 91, '2017-12-06 11:28:15', '2018-01-01 06:58:57', '2018-01-01 19:01:02');
insert into solicita values (56, 64, '2017-10-24 06:49:43', '2017-10-27 22:47:54', '2017-11-03 15:59:53');
insert into solicita values (57, 6, '2018-09-10 04:09:08', '2018-09-14 15:12:37', '2018-09-17 16:43:59');
insert into solicita values (58, 78, '2018-03-26 13:31:18', '2018-04-24 20:22:17', '2018-04-29 12:44:48');
insert into solicita values (59, 56, '2017-07-16 23:41:51', '2017-07-30 16:50:35', '2017-08-07 21:05:12');
insert into solicita values (60, 36, '2018-03-05 12:03:27', '2018-03-29 00:05:56', '2018-03-30 02:16:04');
insert into solicita values (61, 90, '2017-01-04 17:32:13', '2017-01-08 15:07:29', '2017-01-16 08:17:23');
insert into solicita values (62, 45, '2017-03-20 14:44:05', '2017-03-28 18:02:09', '2017-04-05 03:09:42');
insert into solicita values (63, 16, '2018-11-05 20:38:27', '2018-11-14 06:57:05', '2018-11-20 11:40:28');
insert into solicita values (64, 100, '2018-05-11 05:29:45', '2018-06-05 20:25:07', '2018-06-13 19:54:29');
insert into solicita values (65, 95, '2017-02-07 21:08:16', '2017-02-14 09:42:31', '2017-02-19 14:20:43');
insert into solicita values (66, 54, '2017-10-17 12:08:46', '2017-10-21 10:44:29', '2017-10-22 09:27:08');
insert into solicita values (67, 34, '2017-10-06 18:16:57', '2017-10-15 08:26:19', '2017-10-23 06:22:41');
insert into solicita values (68, 99, '2018-09-09 14:54:43', '2018-10-02 04:35:22', '2018-10-09 03:53:26');
insert into solicita values (69, 97, '2017-11-01 12:31:19', '2017-11-05 17:07:37', '2017-11-08 14:40:06');
insert into solicita values (70, 72, '2018-03-20 16:28:30', '2018-03-30 10:32:03', '2018-04-02 09:04:09');
insert into solicita values (71, 49, '2017-07-16 10:47:14', '2017-07-27 08:51:45', '2017-07-27 21:00:48');
insert into solicita values (72, 78, '2017-03-05 15:14:42', '2017-03-25 15:31:57', '2017-04-01 02:10:30');
insert into solicita values (73, 49, '2018-10-18 20:16:35', '2018-10-23 15:23:57', '2018-10-24 07:00:04');
insert into solicita values (74, 55, '2017-06-01 03:31:01', '2017-06-16 03:19:21', '2017-06-22 11:37:40');
insert into solicita values (75, 52, '2017-11-05 06:23:46', '2017-12-02 00:23:45', '2017-12-05 19:01:33');
insert into solicita values (76, 31, '2017-11-09 12:00:03', '2017-11-22 17:49:45', '2017-11-26 23:25:46');
insert into solicita values (77, 74, '2018-03-06 06:50:33', '2018-03-20 02:28:12', '2018-03-24 22:01:02');
insert into solicita values (78, 44, '2017-03-27 02:34:28', '2017-04-20 03:46:51', '2017-04-29 10:21:31');
insert into solicita values (79, 16, '2018-07-19 22:42:45', '2018-08-09 20:47:42', '2018-08-18 15:52:52');
insert into solicita values (80, 12, '2017-05-11 18:16:41', '2017-05-26 07:54:05', '2017-05-31 20:38:27');
insert into solicita values (81, 73, '2018-08-23 10:26:34', '2018-08-25 09:08:06', '2018-08-25 12:21:59');
insert into solicita values (82, 46, '2018-06-17 14:58:27', '2018-06-20 20:48:26', '2018-06-26 04:14:41');
insert into solicita values (83, 69, '2018-10-24 02:02:27', '2018-10-24 23:27:25', '2018-11-03 13:45:21');
insert into solicita values (84, 75, '2017-11-13 09:22:54', '2017-11-29 18:44:24', '2017-12-03 03:44:41');
insert into solicita values (85, 22, '2017-03-27 03:13:00', '2017-03-30 23:52:02', '2017-03-31 07:57:25');
insert into solicita values (86, 90, '2017-09-06 13:22:03', '2017-09-24 14:23:13', '2017-09-30 20:30:12');
insert into solicita values (87, 66, '2018-03-25 09:25:15', '2018-03-27 18:27:48', '2018-04-01 16:32:50');
insert into solicita values (88, 12, '2018-10-23 19:44:01', '2018-10-24 04:11:44', '2018-10-26 02:28:33');
insert into solicita values (89, 47, '2017-11-22 18:35:46', '2017-12-21 10:00:09', '2017-12-31 00:48:48');
insert into solicita values (90, 28, '2018-03-11 05:55:46', '2018-04-04 06:22:22', '2018-04-13 02:41:06');
insert into solicita values (91, 26, '2018-08-28 07:02:55', '2018-09-22 23:00:26', '2018-09-27 02:47:22');
insert into solicita values (92, 8, '2017-08-07 02:04:34', '2017-08-24 13:43:06', '2017-08-26 14:42:11');
insert into solicita values (93, 98, '2017-10-05 05:09:29', '2017-11-03 07:33:28', '2017-11-12 04:48:19');
insert into solicita values (94, 32, '2017-10-18 13:14:00', '2017-10-28 16:56:26', '2017-11-05 03:42:49');
insert into solicita values (95, 49, '2017-02-26 23:41:46', '2017-03-16 17:37:33', '2017-03-17 16:06:54');
insert into solicita values (96, 86, '2017-01-22 06:14:19', '2017-01-24 15:35:13', '2017-01-31 18:16:03');
insert into solicita values (97, 46, '2018-01-07 20:36:23', '2018-01-14 22:46:46', '2018-01-17 14:18:20');
insert into solicita values (98, 22, '2018-05-09 01:32:11', '2018-05-15 03:28:33', '2018-05-23 05:16:40');
insert into solicita values (99, 79, '2018-07-21 07:48:23', '2018-08-14 06:42:37', '2018-08-18 02:47:48');
