insert into vigia values ('Proenca-a-Nova', 159);
insert into vigia values ('Valpacos', 234);
insert into vigia values ('Batalha', 254);
insert into vigia values ('Torres Vedras', 51);
insert into vigia values ('Sesimbra', 74);
insert into vigia values ('Ferreira do Alentejo', 103);
insert into vigia values ('Penacova', 219);
insert into vigia values ('Salvaterra de Magos', 60);
insert into vigia values ('Caldas da Rainha', 29);
insert into vigia values ('Vila Real', 41);
insert into vigia values ('Vila Flor', 231);
insert into vigia values ('Castanheira de Pera', 216);
insert into vigia values ('Celorico de Basto', 97);
insert into vigia values ('Almada', 57);
insert into vigia values ('Lourinha', 149);
insert into vigia values ('Povoa de Varzim', 85);
insert into vigia values ('Vila Nova de Famalicao', 147);
insert into vigia values ('Nisa', 224);
insert into vigia values ('Viana do Castelo', 101);
insert into vigia values ('Guarda', 134);
insert into vigia values ('Odivelas', 90);
insert into vigia values ('Odemira', 253);
insert into vigia values ('Fafe', 67);
insert into vigia values ('Ourique', 35);
insert into vigia values ('Vila Nova de Cerveira', 250);
insert into vigia values ('Vila Franca do Campo', 68);
insert into vigia values ('Cantanhede', 43);
insert into vigia values ('Viana do Alentejo', 0);
insert into vigia values ('Alpiarca', 192);
insert into vigia values ('Marvao', 175);
insert into vigia values ('Lousada', 30);
insert into vigia values ('Crato', 179);
insert into vigia values ('Caminha', 33);
insert into vigia values ('Amarante', 137);
insert into vigia values ('Nelas', 197);
insert into vigia values ('Alandroal', 195);
insert into vigia values ('Alijo', 210);
insert into vigia values ('Aveiro', 83);
insert into vigia values ('Vila Real de Santo Antonio', 243);
insert into vigia values ('Espinho', 21);
insert into vigia values ('Coruche', 227);
insert into vigia values ('Santa Cruz das Flores', 118);
insert into vigia values ('Mondim de Basto', 218);
insert into vigia values ('Pampilhosa da Serra', 120);
insert into vigia values ('Sernancelhe', 82);
insert into vigia values ('Vieira do Minho', 183);
insert into vigia values ('Ansiao', 104);
insert into vigia values ('Beja', 115);
insert into vigia values ('Arruda dos Vinhos', 63);
insert into vigia values ('Serpa', 190);
insert into vigia values ('Alcochete', 259);
insert into vigia values ('Praia da Vitoria', 42);
insert into vigia values ('Sabrosa', 84);
insert into vigia values ('Cascais', 26);
insert into vigia values ('Coimbra', 177);
insert into vigia values ('Arcos de Valdevez', 198);
insert into vigia values ('Ribeira de Pena', 267);
insert into vigia values ('Oliveira de Azemeis', 273);
insert into vigia values ('Arganil', 202);
insert into vigia values ('Sabugal', 225);
insert into vigia values ('Guimaraes', 79);
insert into vigia values ('Montalegre', 275);
insert into vigia values ('Vila do Bispo', 266);
insert into vigia values ('Braganca', 188);
insert into vigia values ('Avis', 196);
insert into vigia values ('Fronteira', 276);
insert into vigia values ('Sao Joao da Pesqueira', 124);
insert into vigia values ('Almeirim', 166);
insert into vigia values ('Machico', 93);
insert into vigia values ('Fornos de Algodres', 200);
insert into vigia values ('Seia', 162);
insert into vigia values ('Vila Nova de Gaia', 271);
insert into vigia values ('Figueira da Foz', 255);
insert into vigia values ('Alcobaca', 86);
insert into vigia values ('Alter do Chao', 142);
insert into vigia values ('Corvo', 3);
insert into vigia values ('Mourao', 238);
insert into vigia values ('Chaves', 228);
insert into vigia values ('Santa Cruz da Graciosa', 233);
insert into vigia values ('Porto de Mos', 261);
insert into vigia values ('Ponta do Sol', 212);
insert into vigia values ('Ilhavo', 245);
insert into vigia values ('Vidigueira', 37);
insert into vigia values ('Gois', 170);
insert into vigia values ('Madalena', 241);
insert into vigia values ('Carrazeda de Ansiaes', 205);
insert into vigia values ('Oeiras', 128);
insert into vigia values ('Torres Novas', 274);
insert into vigia values ('Sintra', 14);
insert into vigia values ('Valongo', 71);
insert into vigia values ('Sousel', 208);
insert into vigia values ('Cadaval', 55);
insert into vigia values ('Figueiro dos Vinhos', 127);
insert into vigia values ('Castro Marim', 248);
insert into vigia values ('Lagos', 240);
insert into vigia values ('Santo Tirso', 141);
insert into vigia values ('Mortagua', 15);
insert into vigia values ('Lisboa', 20);
insert into vigia values ('Vila Nova da Barquinha', 87);
insert into vigia values ('Chamusca', 75);
insert into vigia values ('Alcacer do Sal', 174);
insert into vigia values ('Viseu', 81);
insert into vigia values ('Vila Pouca de Aguiar', 220);
insert into vigia values ('Mertola', 277);
insert into vigia values ('Almodovar', 24);
insert into vigia values ('Barreiro', 132);
insert into vigia values ('Seixal', 246);
insert into vigia values ('Pombal', 160);
insert into vigia values ('Oleiros', 9);
insert into vigia values ('Lajes das Flores', 102);
insert into vigia values ('Silves', 76);
insert into vigia values ('Vouzela', 108);
insert into vigia values ('Macao', 135);
insert into vigia values ('Resende', 116);
insert into vigia values ('Alcanena', 178);
insert into vigia values ('Lajes do Pico', 186);
insert into vigia values ('Penamacor', 209);
insert into vigia values ('Nordeste', 139);
insert into vigia values ('Mogadouro', 65);
insert into vigia values ('Oliveira do Bairro', 125);
insert into vigia values ('Mealhada', 237);
insert into vigia values ('Tabuaco', 242);
insert into vigia values ('Celorico da Beira', 189);
insert into vigia values ('Pacos de Ferreira', 126);
insert into vigia values ('Trofa', 58);
insert into vigia values ('Castelo de Vide', 44);
insert into vigia values ('Torre de Moncorvo', 201);
insert into vigia values ('Tabua', 107);
insert into vigia values ('Meda', 133);
insert into vigia values ('Lamego', 109);
insert into vigia values ('Ponte de Lima', 100);
insert into vigia values ('Paredes de Coura', 46);
insert into vigia values ('Obidos', 180);
insert into vigia values ('Gaviao', 22);
insert into vigia values ('Benavente', 229);
insert into vigia values ('Alvaiazere', 98);

insert into eventoEmergencia  values (920000000, '2018-08-29 05:33:11', 'Ana Ferreira', 'Oliveira do Hospital', 0);
insert into eventoEmergencia  values (920000001, '2017-06-03 16:29:57', 'Diogo Marante', 'Monchique', 1);
insert into eventoEmergencia  values (920000002, '2017-10-09 02:02:51', 'Ines Ferreira', 'Albergaria-a-Velha', 2);
insert into eventoEmergencia  values (920000003, '2018-01-18 20:57:08', 'Daniel Mota', 'Proenca-a-Nova', 3);
insert into eventoEmergencia  values (920000004, '2017-05-23 11:56:37', 'Daniel Mesquita', 'Valpacos', 4);
insert into eventoEmergencia  values (920000005, '2017-02-22 20:29:48', 'Catarina Silva', 'Aljustrel', 5);
insert into eventoEmergencia  values (920000006, '2018-08-15 07:40:34', 'Rita Dias', 'Sao Pedro do Sul', 6);
insert into eventoEmergencia  values (920000007, '2017-02-11 05:04:43', 'Daniel Santos', 'Castro Daire', 7);
insert into eventoEmergencia  values (920000008, '2018-01-31 09:36:54', 'Ana Mota', 'Batalha', 8);
insert into eventoEmergencia  values (920000009, '2017-04-10 04:58:41', 'Rita Baltazar', 'Torres Vedras', 9);
insert into eventoEmergencia  values (920000010, '2018-03-25 07:05:44', 'Ana Baltazar', 'Sesimbra', 10);
insert into eventoEmergencia  values (920000011, '2017-02-27 02:02:06', 'Ines Oliveira', 'Tondela', 11);
insert into eventoEmergencia  values (920000012, '2017-07-22 05:12:45', 'Ana Barata', 'Vila Verde', 12);
insert into eventoEmergencia  values (920000013, '2018-02-06 14:50:58', 'Diogo Mesquita', 'Amares', 13);
insert into eventoEmergencia  values (920000014, '2018-08-14 02:09:17', 'Ines Marante', 'Ferreira do Alentejo', 14);
insert into eventoEmergencia  values (920000015, '2018-09-07 22:01:36', 'Helena Mota', 'Penacova', 15);
insert into eventoEmergencia  values (920000016, '2018-05-18 19:07:46', 'Diogo Baltazar', 'Salvaterra de Magos', 16);
insert into eventoEmergencia  values (920000017, '2017-07-04 09:31:53', 'Diogo Mota', 'Santarem', 17);
insert into eventoEmergencia  values (920000018, '2017-06-23 08:29:44', 'Rita Oliveira', 'Alenquer', 18);
insert into eventoEmergencia  values (920000019, '2018-01-30 20:33:35', 'Daniel Dias', 'Caldas da Rainha', 19);
insert into eventoEmergencia  values (920000020, '2017-09-11 10:03:15', 'Joao Oliveira', 'Vila Real', 20);
insert into eventoEmergencia  values (920000021, '2018-01-13 13:54:14', 'Rita Mesquita', 'Boticas', 21);
insert into eventoEmergencia  values (920000022, '2017-08-14 15:50:04', 'Helena Dias', 'Vila Flor', 22);
insert into eventoEmergencia  values (920000023, '2018-03-25 18:04:07', 'Catarina Marante', 'Velas', 23);
insert into eventoEmergencia  values (920000024, '2018-04-09 17:11:59', 'Ines Mesquita', 'Sardoal', 24);
insert into eventoEmergencia  values (920000025, '2018-05-31 02:06:43', 'Catarina Barata', 'Castanheira de Pera', 25);
insert into eventoEmergencia  values (920000026, '2017-05-24 19:22:51', 'Rita Baltazar', 'Celorico de Basto', 26);
insert into eventoEmergencia  values (920000027, '2018-04-25 21:10:35', 'Catarina Ferreira', 'Belmonte', 27);
insert into eventoEmergencia  values (920000028, '2018-06-11 02:14:07', 'Joao Mota', 'Almada', 28);
insert into eventoEmergencia  values (920000029, '2017-09-30 23:25:42', 'Ines Mota', 'Lourinha', 29);
insert into eventoEmergencia  values (920000030, '2017-08-15 05:32:13', 'Catarina Silva', 'Vila do Porto', 30);
insert into eventoEmergencia  values (920000031, '2018-05-26 22:49:17', 'Ines Marante', 'Mira', 31);
insert into eventoEmergencia  values (920000032, '2017-04-20 02:38:31', 'Tiago Mota', 'Povoa de Varzim', 32);
insert into eventoEmergencia  values (920000033, '2017-08-29 22:13:37', 'Miguel Silva', 'Moura', 33);
insert into eventoEmergencia  values (920000034, '2017-02-05 13:19:19', 'Tiago Marante', 'Vila Nova de Famalicao', 34);
insert into eventoEmergencia  values (920000035, '2018-05-28 23:19:29', 'Rita Ferreira', 'Nisa', 35);
insert into eventoEmergencia  values (920000036, '2018-02-18 11:17:45', 'Joao Marante', 'Gondomar', 36);
insert into eventoEmergencia  values (920000037, '2017-03-17 06:29:11', 'Daniel Silva', 'Viana do Castelo', 37);
insert into eventoEmergencia  values (920000038, '2018-05-06 00:44:21', 'Ana Silva', 'Felgueiras', 38);
insert into eventoEmergencia  values (920000039, '2017-04-20 20:43:12', 'Catarina Santos', 'Guarda', 39);
insert into eventoEmergencia  values (920000040, '2017-12-12 17:19:50', 'Catarina Mota', 'Odivelas', 40);
insert into eventoEmergencia  values (920000041, '2017-05-03 07:10:10', 'Diogo Silva', 'Odemira', 41);
insert into eventoEmergencia  values (920000042, '2018-03-26 14:34:25', 'Helena Mota', 'Fafe', 42);
insert into eventoEmergencia  values (920000043, '2017-11-08 03:38:51', 'Daniel Barata', 'Ourique', 43);
insert into eventoEmergencia  values (920000044, '2017-06-29 18:03:47', 'Daniel Oliveira', 'Penela', 44);
insert into eventoEmergencia  values (920000045, '2018-05-29 21:20:42', 'Catarina Santos', 'Vila Nova de Cerveira', 45);
insert into eventoEmergencia  values (920000046, '2018-05-31 11:14:52', 'Diogo Silva', 'Vila Franca do Campo', 46);
insert into eventoEmergencia  values (920000047, '2017-08-04 13:34:40', 'Daniel Santos', 'Agueda', 47);
insert into eventoEmergencia  values (920000048, '2017-05-08 20:22:54', 'Daniel Oliveira', 'Marco de Canaveses', 48);
insert into eventoEmergencia  values (920000049, '2018-08-13 07:23:31', 'Ana Dias', 'Arouca', 49);
insert into eventoEmergencia  values (920000050, '2018-01-22 15:35:33', 'Daniel Silva', 'Penedono', 50);
insert into eventoEmergencia  values (920000051, '2017-04-07 01:59:59', 'Ines Santos', 'Vila Nova de Paiva', 51);
insert into eventoEmergencia  values (920000052, '2017-08-04 23:22:17', 'Ana Mota', 'Trancoso', 52);
insert into eventoEmergencia  values (920000053, '2017-11-24 09:37:48', 'Diogo Santos', 'Sever do Vouga', 53);
insert into eventoEmergencia  values (920000054, '2018-03-15 18:14:02', 'Catarina Silva', 'Loures', 54);
insert into eventoEmergencia  values (920000055, '2017-09-23 04:46:26', 'Ines Barata', 'Cantanhede', 55);
insert into eventoEmergencia  values (920000056, '2017-03-22 15:47:34', 'Ana Santos', 'Viana do Alentejo', 56);
insert into eventoEmergencia  values (920000057, '2017-04-10 11:32:54', 'Rita Ferreira', 'Aljezur', 57);
insert into eventoEmergencia  values (920000058, '2017-12-14 21:29:34', 'Tiago Mota', 'Vila Nova de Poiares', 58);
insert into eventoEmergencia  values (920000059, '2017-05-07 23:51:35', 'Daniel Silva', 'Evora', 59);
insert into eventoEmergencia  values (920000060, '2018-08-28 17:08:52', 'Miguel Santos', 'Alpiarca', 60);
insert into eventoEmergencia  values (920000061, '2018-03-02 19:32:30', 'Rita Ferreira', 'Marvao', 61);
insert into eventoEmergencia  values (920000062, '2017-06-01 03:11:37', 'Tiago Dias', 'Lousada', 62);
insert into eventoEmergencia  values (920000063, '2017-08-08 01:51:52', 'Ana Silva', 'Crato', 63);
insert into eventoEmergencia  values (920000064, '2017-09-09 14:30:48', 'Joao Silva', 'Campo Maior', 64);
insert into eventoEmergencia  values (920000065, '2017-09-17 16:02:23', 'Helena Barata', 'Vinhais', 65);
insert into eventoEmergencia  values (920000066, '2017-10-01 10:54:10', 'Diogo Baltazar', 'Caminha', 66);
insert into eventoEmergencia  values (920000067, '2018-07-06 23:01:33', 'Rita Baltazar', 'Moita', 67);
insert into eventoEmergencia  values (920000068, '2017-03-26 04:58:25', 'Ines Baltazar', 'Penafiel', 68);
insert into eventoEmergencia  values (920000069, '2018-01-09 01:50:06', 'Rita Ferreira', 'Amarante', 69);
insert into eventoEmergencia  values (920000070, '2018-08-23 00:36:18', 'Diogo Mota', 'Nelas', 70);
insert into eventoEmergencia  values (920000071, '2017-05-05 00:57:51', 'Miguel Oliveira', 'Alandroal', 71);
insert into eventoEmergencia  values (920000072, '2018-03-19 23:21:38', 'Miguel Marante', 'Penalva do Castelo', 72);
insert into eventoEmergencia  values (920000073, '2017-11-16 23:12:07', 'Rita Ferreira', 'Alijo', 73);
insert into eventoEmergencia  values (920000074, '2017-09-30 00:17:20', 'Tiago Baltazar', 'Cabeceiras de Basto', 74);
insert into eventoEmergencia  values (920000075, '2017-05-02 17:22:00', 'Rita Barata', 'Montemor-o-Velho', 75);
insert into eventoEmergencia  values (920000076, '2017-03-14 21:28:31', 'Diogo Oliveira', 'Cartaxo', 76);
insert into eventoEmergencia  values (920000077, '2018-05-25 13:45:45', 'Helena Dias', 'Aveiro', 77);
insert into eventoEmergencia  values (920000078, '2017-09-17 19:21:33', 'Diogo Dias', 'Vila Real de Santo Antonio', 78);
insert into eventoEmergencia  values (920000079, '2017-09-27 11:29:12', 'Miguel Mota', 'Espinho', 79);
insert into eventoEmergencia  values (920000080, '2018-06-07 01:29:29', 'Ana Oliveira', 'Barrancos', 80);
insert into eventoEmergencia  values (920000081, '2017-10-17 17:24:44', 'Miguel Mota', 'Coruche', 81);
insert into eventoEmergencia  values (920000082, '2017-04-06 14:29:45', 'Ines Dias', 'Santa Cruz das Flores', 82);
insert into eventoEmergencia  values (920000083, '2017-07-20 19:04:16', 'Daniel Silva', 'Moncao', 83);
insert into eventoEmergencia  values (920000084, '2017-08-05 16:44:28', 'Joao Oliveira', 'Tarouca', 84);
insert into eventoEmergencia  values (920000085, '2018-06-21 13:33:03', 'Miguel Marante', 'Mondim de Basto', 85);
insert into eventoEmergencia  values (920000086, '2017-10-29 00:59:25', 'Joao Dias', 'Santa Marta de Penaguiao', 86);
insert into eventoEmergencia  values (920000087, '2018-02-20 05:03:21', 'Helena Santos', 'Pampilhosa da Serra', 87);
insert into eventoEmergencia  values (920000088, '2018-02-12 22:23:55', 'Diogo Silva', 'Lagoa', 88);
insert into eventoEmergencia  values (920000089, '2017-11-27 02:46:41', 'Miguel Dias', 'Santa Cruz', 89);
insert into eventoEmergencia  values (920000090, '2018-08-08 20:29:07', 'Miguel Mesquita', 'Terras de Bouro', 90);
insert into eventoEmergencia  values (920000091, '2017-11-14 12:27:33', 'Ines Mota', 'Sernancelhe', 91);
insert into eventoEmergencia  values (920000092, '2018-04-15 07:35:34', 'Miguel Mota', 'Cuba', 92);
insert into eventoEmergencia  values (920000093, '2017-06-01 07:23:39', 'Ines Baltazar', 'Alfandega da Fe', 93);
insert into eventoEmergencia  values (920000094, '2017-09-24 08:36:29', 'Tiago Oliveira', 'Ovar', 94);
insert into eventoEmergencia  values (920000095, '2017-03-14 03:07:08', 'Miguel Marante', 'Palmela', 95);
insert into eventoEmergencia  values (920000096, '2018-06-01 06:35:07', 'Ana Barata', 'Sobral de Monte Agraco', 96);
insert into eventoEmergencia  values (920000097, '2017-07-17 06:07:22', 'Ana Mesquita', 'Golega', 97);
insert into eventoEmergencia  values (920000098, '2018-08-12 18:07:39', 'Helena Barata', 'Vieira do Minho', 98);
insert into eventoEmergencia  values (920000099, '2017-11-16 09:29:49', 'Ines Marante', 'Ansiao', 99);

insert into processoSocorro values (0);
insert into processoSocorro values (1);
insert into processoSocorro values (2);
insert into processoSocorro values (3);
insert into processoSocorro values (4);
insert into processoSocorro values (5);
insert into processoSocorro values (6);
insert into processoSocorro values (7);
insert into processoSocorro values (8);
insert into processoSocorro values (9);
insert into processoSocorro values (10);
insert into processoSocorro values (11);
insert into processoSocorro values (12);
insert into processoSocorro values (13);
insert into processoSocorro values (14);
insert into processoSocorro values (15);
insert into processoSocorro values (16);
insert into processoSocorro values (17);
insert into processoSocorro values (18);
insert into processoSocorro values (19);
insert into processoSocorro values (20);
insert into processoSocorro values (21);
insert into processoSocorro values (22);
insert into processoSocorro values (23);
insert into processoSocorro values (24);
insert into processoSocorro values (25);
insert into processoSocorro values (26);
insert into processoSocorro values (27);
insert into processoSocorro values (28);
insert into processoSocorro values (29);
insert into processoSocorro values (30);
insert into processoSocorro values (31);
insert into processoSocorro values (32);
insert into processoSocorro values (33);
insert into processoSocorro values (34);
insert into processoSocorro values (35);
insert into processoSocorro values (36);
insert into processoSocorro values (37);
insert into processoSocorro values (38);
insert into processoSocorro values (39);
insert into processoSocorro values (40);
insert into processoSocorro values (41);
insert into processoSocorro values (42);
insert into processoSocorro values (43);
insert into processoSocorro values (44);
insert into processoSocorro values (45);
insert into processoSocorro values (46);
insert into processoSocorro values (47);
insert into processoSocorro values (48);
insert into processoSocorro values (49);
insert into processoSocorro values (50);
insert into processoSocorro values (51);
insert into processoSocorro values (52);
insert into processoSocorro values (53);
insert into processoSocorro values (54);
insert into processoSocorro values (55);
insert into processoSocorro values (56);
insert into processoSocorro values (57);
insert into processoSocorro values (58);
insert into processoSocorro values (59);
insert into processoSocorro values (60);
insert into processoSocorro values (61);
insert into processoSocorro values (62);
insert into processoSocorro values (63);
insert into processoSocorro values (64);
insert into processoSocorro values (65);
insert into processoSocorro values (66);
insert into processoSocorro values (67);
insert into processoSocorro values (68);
insert into processoSocorro values (69);
insert into processoSocorro values (70);
insert into processoSocorro values (71);
insert into processoSocorro values (72);
insert into processoSocorro values (73);
insert into processoSocorro values (74);
insert into processoSocorro values (75);
insert into processoSocorro values (76);
insert into processoSocorro values (77);
insert into processoSocorro values (78);
insert into processoSocorro values (79);
insert into processoSocorro values (80);
insert into processoSocorro values (81);
insert into processoSocorro values (82);
insert into processoSocorro values (83);
insert into processoSocorro values (84);
insert into processoSocorro values (85);
insert into processoSocorro values (86);
insert into processoSocorro values (87);
insert into processoSocorro values (88);
insert into processoSocorro values (89);
insert into processoSocorro values (90);
insert into processoSocorro values (91);
insert into processoSocorro values (92);
insert into processoSocorro values (93);
insert into processoSocorro values (94);
insert into processoSocorro values (95);
insert into processoSocorro values (96);
insert into processoSocorro values (97);
insert into processoSocorro values (98);
insert into processoSocorro values (99);

insert into local values ('Oliveira do Hospital');
insert into local values ('Monchique');
insert into local values ('Albergaria-a-Velha');
insert into local values ('Proenca-a-Nova');
insert into local values ('Valpacos');
insert into local values ('Aljustrel');
insert into local values ('Sao Pedro do Sul');
insert into local values ('Castro Daire');
insert into local values ('Batalha');
insert into local values ('Torres Vedras');
insert into local values ('Sesimbra');
insert into local values ('Tondela');
insert into local values ('Vila Verde');
insert into local values ('Amares');
insert into local values ('Ferreira do Alentejo');
insert into local values ('Penacova');
insert into local values ('Salvaterra de Magos');
insert into local values ('Santarem');
insert into local values ('Alenquer');
insert into local values ('Caldas da Rainha');
insert into local values ('Vila Real');
insert into local values ('Boticas');
insert into local values ('Vila Flor');
insert into local values ('Velas');
insert into local values ('Sardoal');
insert into local values ('Castanheira de Pera');
insert into local values ('Celorico de Basto');
insert into local values ('Belmonte');
insert into local values ('Almada');
insert into local values ('Lourinha');
insert into local values ('Vila do Porto');
insert into local values ('Mira');
insert into local values ('Povoa de Varzim');
insert into local values ('Moura');
insert into local values ('Vila Nova de Famalicao');
insert into local values ('Nisa');
insert into local values ('Gondomar');
insert into local values ('Viana do Castelo');
insert into local values ('Felgueiras');
insert into local values ('Guarda');
insert into local values ('Odivelas');
insert into local values ('Odemira');
insert into local values ('Fafe');
insert into local values ('Ourique');
insert into local values ('Penela');
insert into local values ('Vila Nova de Cerveira');
insert into local values ('Vila Franca do Campo');
insert into local values ('Agueda');
insert into local values ('Marco de Canaveses');
insert into local values ('Arouca');
insert into local values ('Penedono');
insert into local values ('Vila Nova de Paiva');
insert into local values ('Trancoso');
insert into local values ('Sever do Vouga');
insert into local values ('Loures');
insert into local values ('Cantanhede');
insert into local values ('Viana do Alentejo');
insert into local values ('Aljezur');
insert into local values ('Vila Nova de Poiares');
insert into local values ('Evora');
insert into local values ('Alpiarca');
insert into local values ('Marvao');
insert into local values ('Lousada');
insert into local values ('Crato');
insert into local values ('Campo Maior');
insert into local values ('Vinhais');
insert into local values ('Caminha');
insert into local values ('Moita');
insert into local values ('Penafiel');
insert into local values ('Amarante');
insert into local values ('Nelas');
insert into local values ('Alandroal');
insert into local values ('Penalva do Castelo');
insert into local values ('Alijo');
insert into local values ('Cabeceiras de Basto');
insert into local values ('Montemor-o-Velho');
insert into local values ('Cartaxo');
insert into local values ('Aveiro');
insert into local values ('Vila Real de Santo Antonio');
insert into local values ('Espinho');
insert into local values ('Barrancos');
insert into local values ('Coruche');
insert into local values ('Santa Cruz das Flores');
insert into local values ('Moncao');
insert into local values ('Tarouca');
insert into local values ('Mondim de Basto');
insert into local values ('Santa Marta de Penaguiao');
insert into local values ('Pampilhosa da Serra');
insert into local values ('Lagoa');
insert into local values ('Santa Cruz');
insert into local values ('Terras de Bouro');
insert into local values ('Sernancelhe');
insert into local values ('Cuba');
insert into local values ('Alfandega da Fe');
insert into local values ('Ovar');
insert into local values ('Palmela');
insert into local values ('Sobral de Monte Agraco');
insert into local values ('Golega');
insert into local values ('Vieira do Minho');
insert into local values ('Ansiao');
insert into local values ('Beja');
insert into local values ('Arruda dos Vinhos');
insert into local values ('Serpa');
insert into local values ('Vila Nova de Foz Coa');
insert into local values ('Bombarral');
insert into local values ('Maia');
insert into local values ('Alcochete');
insert into local values ('Praia da Vitoria');
insert into local values ('Sabrosa');
insert into local values ('Matosinhos');
insert into local values ('Cascais');
insert into local values ('Mafra');
insert into local values ('Figueira de Castelo Rodrigo');
insert into local values ('Paredes');
insert into local values ('Coimbra');
insert into local values ('Arcos de Valdevez');
insert into local values ('Ribeira de Pena');
insert into local values ('Serta');
insert into local values ('Calheta');
insert into local values ('Oliveira de Azemeis');
insert into local values ('Miranda do Corvo');
insert into local values ('Vila Velha de Rodao');
insert into local values ('Arganil');
insert into local values ('Sabugal');
insert into local values ('Santa Comba Dao');
insert into local values ('Arraiolos');
insert into local values ('Murtosa');
insert into local values ('Guimaraes');
insert into local values ('Vale de Cambra');
insert into local values ('Montalegre');
insert into local values ('Condeixa-a-Nova');
insert into local values ('Vila do Bispo');
insert into local values ('Ourem');
insert into local values ('Loule');
insert into local values ('Braganca');
insert into local values ('Ponte da Barca');
insert into local values ('Constancia');
insert into local values ('Avis');
insert into local values ('Montemor-o-Novo');
insert into local values ('Grandola');
insert into local values ('Abrantes');
insert into local values ('Fronteira');
insert into local values ('Castelo de Paiva');
insert into local values ('Sao Joao da Pesqueira');
insert into local values ('Almeirim');
insert into local values ('Machico');
insert into local values ('Fornos de Algodres');
insert into local values ('Seia');
insert into local values ('Povoacao');
insert into local values ('Marinha Grande');
insert into local values ('Vila Nova de Gaia');
insert into local values ('Figueira da Foz');
insert into local values ('Alcobaca');
insert into local values ('Oliveira de Frades');
insert into local values ('Alter do Chao');
insert into local values ('Freixo de Espada a Cinta');
insert into local values ('Pedrogao Grande');
insert into local values ('Tavira');
insert into local values ('Vimioso');
insert into local values ('Baiao');
insert into local values ('Corvo');
insert into local values ('Rio Maior');
insert into local values ('Mourao');
insert into local values ('Monforte');
insert into local values ('Fundao');
insert into local values ('Sao Bras de Alportel');
insert into local values ('Chaves');
insert into local values ('Azambuja');
insert into local values ('Santa Cruz da Graciosa');
insert into local values ('Porto de Mos');
insert into local values ('Vizela');
insert into local values ('Ponta do Sol');
insert into local values ('Ilhavo');
insert into local values ('Vidigueira');
insert into local values ('Povoa de Lanhoso');
insert into local values ('Gois');
insert into local values ('Carregal do Sal');
insert into local values ('Angra do Heroismo');
insert into local values ('Sao Vicente');
insert into local values ('Madalena');
insert into local values ('Carrazeda de Ansiaes');
insert into local values ('Oeiras');
insert into local values ('Porto Moniz');
insert into local values ('Vila Franca de Xira');
insert into local values ('Torres Novas');
insert into local values ('Sintra');
insert into local values ('Castelo Branco');
insert into local values ('Valongo');
insert into local values ('Anadia');
insert into local values ('Leiria');
insert into local values ('Sousel');
insert into local values ('Camara de Lobos');
insert into local values ('Santiago do Cacem');
insert into local values ('Cadaval');
insert into local values ('Figueiro dos Vinhos');
insert into local values ('Lousa');
insert into local values ('Satao');
insert into local values ('Almeida');
insert into local values ('Soure');
insert into local values ('Castro Marim');
insert into local values ('Lagos');
insert into local values ('Aguiar da Beira');
insert into local values ('Santo Tirso');
insert into local values ('Mortagua');
insert into local values ('Lisboa');
insert into local values ('Vila Nova da Barquinha');
insert into local values ('Chamusca');
insert into local values ('Alcacer do Sal');
insert into local values ('Covilha');
insert into local values ('Viseu');
insert into local values ('Vila Pouca de Aguiar');
insert into local values ('Ribeira Grande');
insert into local values ('Mertola');
insert into local values ('Almodovar');
insert into local values ('Barreiro');
insert into local values ('Ponta Delgada');
insert into local values ('Arronches');
insert into local values ('Mora');
insert into local values ('Seixal');
insert into local values ('Pombal');
insert into local values ('Esposende');
insert into local values ('Manteigas');
insert into local values ('Alvito');
insert into local values ('Castro Verde');
insert into local values ('Portel');
insert into local values ('Oleiros');
insert into local values ('Lajes das Flores');
insert into local values ('Silves');
insert into local values ('Cinfaes');
insert into local values ('Vouzela');
insert into local values ('Macao');
insert into local values ('Resende');
insert into local values ('Redondo');
insert into local values ('Alcanena');
insert into local values ('Alcoutim');
insert into local values ('Lajes do Pico');
insert into local values ('Vila de Rei');
insert into local values ('Penamacor');
insert into local values ('Nordeste');
insert into local values ('Mogadouro');
insert into local values ('Oliveira do Bairro');
insert into local values ('Estarreja');
insert into local values ('Mealhada');
insert into local values ('Tabuaco');
insert into local values ('Celorico da Beira');
insert into local values ('Pacos de Ferreira');
insert into local values ('Trofa');
insert into local values ('Nazare');
insert into local values ('Sao Roque do Pico');
insert into local values ('Olhao');
insert into local values ('Murca');
insert into local values ('Mesao Frio');
insert into local values ('Castelo de Vide');
insert into local values ('Torre de Moncorvo');
insert into local values ('Tabua');
insert into local values ('Mirandela');
insert into local values ('Meda');
insert into local values ('Peniche');
insert into local values ('Lamego');
insert into local values ('Santa Maria da Feira');
insert into local values ('Armamar');
insert into local values ('Ponte de Lima');
insert into local values ('Paredes de Coura');
insert into local values ('Gouveia');
insert into local values ('Miranda do Douro');
insert into local values ('Moimenta da Beira');
insert into local values ('Ferreira do Zezere');
insert into local values ('Portimao');
insert into local values ('Obidos');
insert into local values ('Ribeira Brava');
insert into local values ('Idanha-a-Nova');
insert into local values ('Gaviao');
insert into local values ('Vagos');
insert into local values ('Benavente');
insert into local values ('Alvaiazere');
insert into local values ('Melgaco');
insert into local values ('Vila Vicosa');

insert into entidadeMeio values ('Força Aerea');
insert into entidadeMeio values ('Exercito');
insert into entidadeMeio values ('Bombeiros de Oliveira do Hospital');
insert into entidadeMeio values ('Bombeiros de Monchique');
insert into entidadeMeio values ('Bombeiros de Albergaria-a-Velha');
insert into entidadeMeio values ('Bombeiros de Proenca-a-Nova');
insert into entidadeMeio values ('Bombeiros de Valpacos');
insert into entidadeMeio values ('Bombeiros de Aljustrel');
insert into entidadeMeio values ('Bombeiros de Sao Pedro do Sul');
insert into entidadeMeio values ('Bombeiros de Castro Daire');
insert into entidadeMeio values ('Bombeiros de Batalha');
insert into entidadeMeio values ('Bombeiros de Torres Vedras');
insert into entidadeMeio values ('Bombeiros de Sesimbra');
insert into entidadeMeio values ('Bombeiros de Tondela');
insert into entidadeMeio values ('Bombeiros de Vila Verde');
insert into entidadeMeio values ('Bombeiros de Amares');
insert into entidadeMeio values ('Bombeiros de Ferreira do Alentejo');
insert into entidadeMeio values ('Bombeiros de Penacova');
insert into entidadeMeio values ('Bombeiros de Salvaterra de Magos');
insert into entidadeMeio values ('Bombeiros de Santarem');
insert into entidadeMeio values ('Bombeiros de Alenquer');
insert into entidadeMeio values ('Bombeiros de Caldas da Rainha');
insert into entidadeMeio values ('Bombeiros de Vila Real');
insert into entidadeMeio values ('Bombeiros de Boticas');
insert into entidadeMeio values ('Bombeiros de Vila Flor');
insert into entidadeMeio values ('Bombeiros de Velas');
insert into entidadeMeio values ('Bombeiros de Sardoal');
insert into entidadeMeio values ('Bombeiros de Castanheira de Pera');
insert into entidadeMeio values ('Bombeiros de Celorico de Basto');
insert into entidadeMeio values ('Bombeiros de Belmonte');
insert into entidadeMeio values ('Bombeiros de Almada');
insert into entidadeMeio values ('Bombeiros de Lourinha');
insert into entidadeMeio values ('Bombeiros de Vila do Porto');
insert into entidadeMeio values ('Bombeiros de Mira');
insert into entidadeMeio values ('Bombeiros de Povoa de Varzim');
insert into entidadeMeio values ('Bombeiros de Moura');
insert into entidadeMeio values ('Bombeiros de Vila Nova de Famalicao');
insert into entidadeMeio values ('Bombeiros de Nisa');
insert into entidadeMeio values ('Bombeiros de Gondomar');
insert into entidadeMeio values ('Bombeiros de Viana do Castelo');
insert into entidadeMeio values ('Bombeiros de Felgueiras');
insert into entidadeMeio values ('Bombeiros de Guarda');
insert into entidadeMeio values ('Bombeiros de Odivelas');
insert into entidadeMeio values ('Bombeiros de Odemira');
insert into entidadeMeio values ('Bombeiros de Fafe');
insert into entidadeMeio values ('Bombeiros de Ourique');
insert into entidadeMeio values ('Bombeiros de Penela');
insert into entidadeMeio values ('Bombeiros de Vila Nova de Cerveira');
insert into entidadeMeio values ('Bombeiros de Vila Franca do Campo');
insert into entidadeMeio values ('Bombeiros de Agueda');
insert into entidadeMeio values ('Bombeiros de Marco de Canaveses');
insert into entidadeMeio values ('Bombeiros de Arouca');
insert into entidadeMeio values ('Bombeiros de Penedono');
insert into entidadeMeio values ('Bombeiros de Vila Nova de Paiva');
insert into entidadeMeio values ('Bombeiros de Trancoso');
insert into entidadeMeio values ('Bombeiros de Sever do Vouga');
insert into entidadeMeio values ('Bombeiros de Loures');
insert into entidadeMeio values ('Bombeiros de Cantanhede');
insert into entidadeMeio values ('Bombeiros de Viana do Alentejo');
insert into entidadeMeio values ('Bombeiros de Aljezur');
insert into entidadeMeio values ('Bombeiros de Vila Nova de Poiares');
insert into entidadeMeio values ('Bombeiros de Evora');
insert into entidadeMeio values ('Bombeiros de Alpiarca');
insert into entidadeMeio values ('Bombeiros de Marvao');
insert into entidadeMeio values ('Bombeiros de Lousada');
insert into entidadeMeio values ('Bombeiros de Crato');
insert into entidadeMeio values ('Bombeiros de Campo Maior');
insert into entidadeMeio values ('Bombeiros de Vinhais');
insert into entidadeMeio values ('Bombeiros de Caminha');
insert into entidadeMeio values ('Bombeiros de Moita');
insert into entidadeMeio values ('Bombeiros de Penafiel');
insert into entidadeMeio values ('Bombeiros de Amarante');
insert into entidadeMeio values ('Bombeiros de Nelas');
insert into entidadeMeio values ('Bombeiros de Alandroal');
insert into entidadeMeio values ('Bombeiros de Penalva do Castelo');
insert into entidadeMeio values ('Bombeiros de Alijo');
insert into entidadeMeio values ('Bombeiros de Cabeceiras de Basto');
insert into entidadeMeio values ('Bombeiros de Montemor-o-Velho');
insert into entidadeMeio values ('Bombeiros de Cartaxo');
insert into entidadeMeio values ('Bombeiros de Aveiro');
insert into entidadeMeio values ('Bombeiros de Vila Real de Santo Antonio');
insert into entidadeMeio values ('Bombeiros de Espinho');
insert into entidadeMeio values ('Bombeiros de Barrancos');
insert into entidadeMeio values ('Bombeiros de Coruche');
insert into entidadeMeio values ('Bombeiros de Santa Cruz das Flores');
insert into entidadeMeio values ('Bombeiros de Moncao');
insert into entidadeMeio values ('Bombeiros de Tarouca');
insert into entidadeMeio values ('Bombeiros de Mondim de Basto');
insert into entidadeMeio values ('Bombeiros de Santa Marta de Penaguiao');
insert into entidadeMeio values ('Bombeiros de Pampilhosa da Serra');
insert into entidadeMeio values ('Bombeiros de Lagoa');
insert into entidadeMeio values ('Bombeiros de Santa Cruz');
insert into entidadeMeio values ('Bombeiros de Terras de Bouro');
insert into entidadeMeio values ('Bombeiros de Sernancelhe');
insert into entidadeMeio values ('Bombeiros de Cuba');
insert into entidadeMeio values ('Bombeiros de Alfandega da Fe');
insert into entidadeMeio values ('Bombeiros de Ovar');
insert into entidadeMeio values ('Bombeiros de Palmela');
insert into entidadeMeio values ('Bombeiros de Sobral de Monte Agraco');
insert into entidadeMeio values ('Bombeiros de Golega');
insert into entidadeMeio values ('Bombeiros de Vieira do Minho');
insert into entidadeMeio values ('Bombeiros de Ansiao');
insert into entidadeMeio values ('Bombeiros de Beja');
insert into entidadeMeio values ('Bombeiros de Arruda dos Vinhos');
insert into entidadeMeio values ('Bombeiros de Serpa');
insert into entidadeMeio values ('Bombeiros de Vila Nova de Foz Coa');
insert into entidadeMeio values ('Bombeiros de Bombarral');
insert into entidadeMeio values ('Bombeiros de Maia');
insert into entidadeMeio values ('Bombeiros de Alcochete');
insert into entidadeMeio values ('Bombeiros de Praia da Vitoria');
insert into entidadeMeio values ('Bombeiros de Sabrosa');
insert into entidadeMeio values ('Bombeiros de Matosinhos');
insert into entidadeMeio values ('Bombeiros de Cascais');
insert into entidadeMeio values ('Bombeiros de Mafra');
insert into entidadeMeio values ('Bombeiros de Figueira de Castelo Rodrigo');
insert into entidadeMeio values ('Bombeiros de Paredes');
insert into entidadeMeio values ('Bombeiros de Coimbra');
insert into entidadeMeio values ('Bombeiros de Arcos de Valdevez');
insert into entidadeMeio values ('Bombeiros de Ribeira de Pena');
insert into entidadeMeio values ('Bombeiros de Serta');
insert into entidadeMeio values ('Bombeiros de Calheta');
insert into entidadeMeio values ('Bombeiros de Oliveira de Azemeis');
insert into entidadeMeio values ('Bombeiros de Miranda do Corvo');
insert into entidadeMeio values ('Bombeiros de Vila Velha de Rodao');
insert into entidadeMeio values ('Bombeiros de Arganil');
insert into entidadeMeio values ('Bombeiros de Sabugal');
insert into entidadeMeio values ('Bombeiros de Santa Comba Dao');
insert into entidadeMeio values ('Bombeiros de Arraiolos');
insert into entidadeMeio values ('Bombeiros de Murtosa');
insert into entidadeMeio values ('Bombeiros de Guimaraes');
insert into entidadeMeio values ('Bombeiros de Vale de Cambra');
insert into entidadeMeio values ('Bombeiros de Montalegre');
insert into entidadeMeio values ('Bombeiros de Condeixa-a-Nova');
insert into entidadeMeio values ('Bombeiros de Vila do Bispo');
insert into entidadeMeio values ('Bombeiros de Ourem');
insert into entidadeMeio values ('Bombeiros de Loule');
insert into entidadeMeio values ('Bombeiros de Braganca');
insert into entidadeMeio values ('Bombeiros de Ponte da Barca');
insert into entidadeMeio values ('Bombeiros de Constancia');
insert into entidadeMeio values ('Bombeiros de Avis');
insert into entidadeMeio values ('Bombeiros de Montemor-o-Novo');
insert into entidadeMeio values ('Bombeiros de Grandola');
insert into entidadeMeio values ('Bombeiros de Abrantes');
insert into entidadeMeio values ('Bombeiros de Fronteira');
insert into entidadeMeio values ('Bombeiros de Castelo de Paiva');
insert into entidadeMeio values ('Bombeiros de Sao Joao da Pesqueira');
insert into entidadeMeio values ('Bombeiros de Almeirim');
insert into entidadeMeio values ('Bombeiros de Machico');
insert into entidadeMeio values ('Bombeiros de Fornos de Algodres');
insert into entidadeMeio values ('Bombeiros de Seia');
insert into entidadeMeio values ('Bombeiros de Povoacao');
insert into entidadeMeio values ('Bombeiros de Marinha Grande');
insert into entidadeMeio values ('Bombeiros de Vila Nova de Gaia');
insert into entidadeMeio values ('Bombeiros de Figueira da Foz');
insert into entidadeMeio values ('Bombeiros de Alcobaca');
insert into entidadeMeio values ('Bombeiros de Oliveira de Frades');
insert into entidadeMeio values ('Bombeiros de Alter do Chao');
insert into entidadeMeio values ('Bombeiros de Freixo de Espada a Cinta');
insert into entidadeMeio values ('Bombeiros de Pedrogao Grande');
insert into entidadeMeio values ('Bombeiros de Tavira');
insert into entidadeMeio values ('Bombeiros de Vimioso');
insert into entidadeMeio values ('Bombeiros de Baiao');
insert into entidadeMeio values ('Bombeiros de Corvo');
insert into entidadeMeio values ('Bombeiros de Rio Maior');
insert into entidadeMeio values ('Bombeiros de Mourao');
insert into entidadeMeio values ('Bombeiros de Monforte');
insert into entidadeMeio values ('Bombeiros de Fundao');
insert into entidadeMeio values ('Bombeiros de Sao Bras de Alportel');
insert into entidadeMeio values ('Bombeiros de Chaves');
insert into entidadeMeio values ('Bombeiros de Azambuja');
insert into entidadeMeio values ('Bombeiros de Santa Cruz da Graciosa');
insert into entidadeMeio values ('Bombeiros de Porto de Mos');
insert into entidadeMeio values ('Bombeiros de Vizela');
insert into entidadeMeio values ('Bombeiros de Ponta do Sol');
insert into entidadeMeio values ('Bombeiros de Ilhavo');
insert into entidadeMeio values ('Bombeiros de Vidigueira');
insert into entidadeMeio values ('Bombeiros de Povoa de Lanhoso');
insert into entidadeMeio values ('Bombeiros de Gois');
insert into entidadeMeio values ('Bombeiros de Carregal do Sal');
insert into entidadeMeio values ('Bombeiros de Angra do Heroismo');
insert into entidadeMeio values ('Bombeiros de Sao Vicente');
insert into entidadeMeio values ('Bombeiros de Madalena');
insert into entidadeMeio values ('Bombeiros de Carrazeda de Ansiaes');
insert into entidadeMeio values ('Bombeiros de Oeiras');
insert into entidadeMeio values ('Bombeiros de Porto Moniz');
insert into entidadeMeio values ('Bombeiros de Vila Franca de Xira');
insert into entidadeMeio values ('Bombeiros de Torres Novas');
insert into entidadeMeio values ('Bombeiros de Sintra');
insert into entidadeMeio values ('Bombeiros de Castelo Branco');
insert into entidadeMeio values ('Bombeiros de Valongo');
insert into entidadeMeio values ('Bombeiros de Anadia');
insert into entidadeMeio values ('Bombeiros de Leiria');
insert into entidadeMeio values ('Bombeiros de Sousel');
insert into entidadeMeio values ('Bombeiros de Camara de Lobos');
insert into entidadeMeio values ('Bombeiros de Santiago do Cacem');
insert into entidadeMeio values ('Bombeiros de Cadaval');
insert into entidadeMeio values ('Bombeiros de Figueiro dos Vinhos');
insert into entidadeMeio values ('Bombeiros de Lousa');
insert into entidadeMeio values ('Bombeiros de Satao');
insert into entidadeMeio values ('Bombeiros de Almeida');
insert into entidadeMeio values ('Bombeiros de Soure');
insert into entidadeMeio values ('Bombeiros de Castro Marim');
insert into entidadeMeio values ('Bombeiros de Lagos');
insert into entidadeMeio values ('Bombeiros de Aguiar da Beira');
insert into entidadeMeio values ('Bombeiros de Santo Tirso');
insert into entidadeMeio values ('Bombeiros de Mortagua');
insert into entidadeMeio values ('Bombeiros de Lisboa');
insert into entidadeMeio values ('Bombeiros de Vila Nova da Barquinha');
insert into entidadeMeio values ('Bombeiros de Chamusca');
insert into entidadeMeio values ('Bombeiros de Alcacer do Sal');
insert into entidadeMeio values ('Bombeiros de Covilha');
insert into entidadeMeio values ('Bombeiros de Viseu');
insert into entidadeMeio values ('Bombeiros de Vila Pouca de Aguiar');
insert into entidadeMeio values ('Bombeiros de Ribeira Grande');
insert into entidadeMeio values ('Bombeiros de Mertola');
insert into entidadeMeio values ('Bombeiros de Almodovar');
insert into entidadeMeio values ('Bombeiros de Barreiro');
insert into entidadeMeio values ('Bombeiros de Ponta Delgada');
insert into entidadeMeio values ('Bombeiros de Arronches');
insert into entidadeMeio values ('Bombeiros de Mora');
insert into entidadeMeio values ('Bombeiros de Seixal');
insert into entidadeMeio values ('Bombeiros de Pombal');
insert into entidadeMeio values ('Bombeiros de Esposende');
insert into entidadeMeio values ('Bombeiros de Manteigas');
insert into entidadeMeio values ('Bombeiros de Alvito');
insert into entidadeMeio values ('Bombeiros de Castro Verde');
insert into entidadeMeio values ('Bombeiros de Portel');
insert into entidadeMeio values ('Bombeiros de Oleiros');
insert into entidadeMeio values ('Bombeiros de Lajes das Flores');
insert into entidadeMeio values ('Bombeiros de Silves');
insert into entidadeMeio values ('Bombeiros de Cinfaes');
insert into entidadeMeio values ('Bombeiros de Vouzela');
insert into entidadeMeio values ('Bombeiros de Macao');
insert into entidadeMeio values ('Bombeiros de Resende');
insert into entidadeMeio values ('Bombeiros de Redondo');
insert into entidadeMeio values ('Bombeiros de Alcanena');
insert into entidadeMeio values ('Bombeiros de Alcoutim');
insert into entidadeMeio values ('Bombeiros de Lajes do Pico');
insert into entidadeMeio values ('Bombeiros de Vila de Rei');
insert into entidadeMeio values ('Bombeiros de Penamacor');
insert into entidadeMeio values ('Bombeiros de Nordeste');
insert into entidadeMeio values ('Bombeiros de Mogadouro');
insert into entidadeMeio values ('Bombeiros de Oliveira do Bairro');
insert into entidadeMeio values ('Bombeiros de Estarreja');
insert into entidadeMeio values ('Bombeiros de Mealhada');
insert into entidadeMeio values ('Bombeiros de Tabuaco');
insert into entidadeMeio values ('Bombeiros de Celorico da Beira');
insert into entidadeMeio values ('Bombeiros de Pacos de Ferreira');
insert into entidadeMeio values ('Bombeiros de Trofa');
insert into entidadeMeio values ('Bombeiros de Nazare');
insert into entidadeMeio values ('Bombeiros de Sao Roque do Pico');
insert into entidadeMeio values ('Bombeiros de Olhao');
insert into entidadeMeio values ('Bombeiros de Murca');
insert into entidadeMeio values ('Bombeiros de Mesao Frio');
insert into entidadeMeio values ('Bombeiros de Castelo de Vide');
insert into entidadeMeio values ('Bombeiros de Torre de Moncorvo');
insert into entidadeMeio values ('Bombeiros de Tabua');
insert into entidadeMeio values ('Bombeiros de Mirandela');
insert into entidadeMeio values ('Bombeiros de Meda');
insert into entidadeMeio values ('Bombeiros de Peniche');
insert into entidadeMeio values ('Bombeiros de Lamego');
insert into entidadeMeio values ('Bombeiros de Santa Maria da Feira');
insert into entidadeMeio values ('Bombeiros de Armamar');
insert into entidadeMeio values ('Bombeiros de Ponte de Lima');
insert into entidadeMeio values ('Bombeiros de Paredes de Coura');
insert into entidadeMeio values ('Bombeiros de Gouveia');
insert into entidadeMeio values ('Bombeiros de Miranda do Douro');
insert into entidadeMeio values ('Bombeiros de Moimenta da Beira');
insert into entidadeMeio values ('Bombeiros de Ferreira do Zezere');
insert into entidadeMeio values ('Bombeiros de Portimao');
insert into entidadeMeio values ('Bombeiros de Obidos');
insert into entidadeMeio values ('Bombeiros de Ribeira Brava');
insert into entidadeMeio values ('Bombeiros de Idanha-a-Nova');
insert into entidadeMeio values ('Bombeiros de Gaviao');
insert into entidadeMeio values ('Bombeiros de Vagos');
insert into entidadeMeio values ('Bombeiros de Benavente');
insert into entidadeMeio values ('Bombeiros de Alvaiazere');
insert into entidadeMeio values ('Bombeiros de Melgaco');
insert into entidadeMeio values ('Bombeiros de Vila Vicosa');

insert into meio values (0, 'F-0', 'Exercito');
insert into meio values (0, 'C-0', 'Exercito');
insert into meio values (1, 'F-1', 'Exercito');
insert into meio values (2, 'F-2', 'Exercito');
insert into meio values (3, 'F-3', 'Exercito');
insert into meio values (4, 'F-4', 'Exercito');
insert into meio values (5, 'F-5', 'Exercito');
insert into meio values (1, 'C-1', 'Exercito');
insert into meio values (6, 'F-6', 'Exercito');
insert into meio values (7, 'F-7', 'Exercito');
insert into meio values (8, 'F-8', 'Exercito');
insert into meio values (9, 'F-9', 'Exercito');
insert into meio values (10, 'F-10', 'Exercito');
insert into meio values (2, 'C-2', 'Exercito');
insert into meio values (11, 'F-11', 'Exercito');
insert into meio values (12, 'F-12', 'Exercito');
insert into meio values (13, 'F-13', 'Exercito');
insert into meio values (14, 'F-14', 'Exercito');
insert into meio values (15, 'F-15', 'Exercito');
insert into meio values (3, 'C-3', 'Exercito');
insert into meio values (16, 'F-16', 'Exercito');
insert into meio values (17, 'F-17', 'Exercito');
insert into meio values (18, 'F-18', 'Exercito');
insert into meio values (19, 'F-19', 'Exercito');
insert into meio values (20, 'F-20', 'Exercito');
insert into meio values (4, 'C-4', 'Exercito');
insert into meio values (21, 'F-21', 'Exercito');
insert into meio values (22, 'F-22', 'Exercito');
insert into meio values (23, 'F-23', 'Exercito');
insert into meio values (24, 'F-24', 'Exercito');
insert into meio values (25, 'F-25', 'Exercito');
insert into meio values (5, 'C-5', 'Exercito');
insert into meio values (26, 'F-26', 'Exercito');
insert into meio values (27, 'F-27', 'Exercito');
insert into meio values (28, 'F-28', 'Exercito');
insert into meio values (29, 'F-29', 'Exercito');
insert into meio values (30, 'F-30', 'Exercito');
insert into meio values (6, 'C-6', 'Exercito');
insert into meio values (31, 'F-31', 'Exercito');
insert into meio values (32, 'F-32', 'Exercito');
insert into meio values (33, 'F-33', 'Exercito');
insert into meio values (34, 'F-34', 'Exercito');
insert into meio values (35, 'F-35', 'Exercito');
insert into meio values (7, 'C-7', 'Exercito');
insert into meio values (36, 'F-36', 'Exercito');
insert into meio values (37, 'F-37', 'Exercito');
insert into meio values (38, 'F-38', 'Exercito');
insert into meio values (39, 'F-39', 'Exercito');
insert into meio values (40, 'F-40', 'Exercito');
insert into meio values (8, 'C-8', 'Exercito');
insert into meio values (41, 'F-41', 'Exercito');
insert into meio values (42, 'F-42', 'Exercito');
insert into meio values (43, 'F-43', 'Exercito');
insert into meio values (44, 'F-44', 'Exercito');
insert into meio values (45, 'F-45', 'Exercito');
insert into meio values (9, 'C-9', 'Exercito');
insert into meio values (46, 'F-46', 'Exercito');
insert into meio values (47, 'F-47', 'Exercito');
insert into meio values (48, 'F-48', 'Exercito');
insert into meio values (49, 'F-49', 'Exercito');
insert into meio values (50, 'F-50', 'Exercito');
insert into meio values (10, 'C-10', 'Exercito');
insert into meio values (51, 'F-51', 'Exercito');
insert into meio values (52, 'F-52', 'Exercito');
insert into meio values (53, 'F-53', 'Exercito');
insert into meio values (54, 'F-54', 'Exercito');
insert into meio values (55, 'F-55', 'Exercito');
insert into meio values (11, 'C-11', 'Exercito');
insert into meio values (56, 'F-56', 'Exercito');
insert into meio values (57, 'F-57', 'Exercito');
insert into meio values (58, 'F-58', 'Exercito');
insert into meio values (59, 'F-59', 'Exercito');
insert into meio values (60, 'F-60', 'Exercito');
insert into meio values (12, 'C-12', 'Exercito');
insert into meio values (61, 'F-61', 'Exercito');
insert into meio values (62, 'F-62', 'Exercito');
insert into meio values (63, 'F-63', 'Exercito');
insert into meio values (64, 'F-64', 'Exercito');
insert into meio values (65, 'F-65', 'Exercito');
insert into meio values (13, 'C-13', 'Exercito');
insert into meio values (66, 'F-66', 'Exercito');
insert into meio values (67, 'F-67', 'Exercito');
insert into meio values (68, 'F-68', 'Exercito');
insert into meio values (69, 'F-69', 'Exercito');
insert into meio values (70, 'F-70', 'Exercito');
insert into meio values (14, 'C-14', 'Exercito');
insert into meio values (71, 'F-71', 'Exercito');
insert into meio values (72, 'F-72', 'Exercito');
insert into meio values (73, 'F-73', 'Exercito');
insert into meio values (74, 'F-74', 'Exercito');
insert into meio values (75, 'F-75', 'Exercito');
insert into meio values (15, 'C-15', 'Exercito');
insert into meio values (76, 'F-76', 'Exercito');
insert into meio values (77, 'F-77', 'Exercito');
insert into meio values (78, 'F-78', 'Exercito');
insert into meio values (79, 'F-79', 'Exercito');
insert into meio values (80, 'F-80', 'Exercito');
insert into meio values (16, 'C-16', 'Exercito');
insert into meio values (81, 'F-81', 'Exercito');
insert into meio values (82, 'F-82', 'Exercito');
insert into meio values (83, 'F-83', 'Exercito');
insert into meio values (84, 'F-84', 'Exercito');
insert into meio values (85, 'F-85', 'Exercito');
insert into meio values (17, 'C-17', 'Exercito');
insert into meio values (86, 'F-86', 'Exercito');
insert into meio values (87, 'F-87', 'Exercito');
insert into meio values (88, 'F-88', 'Exercito');
insert into meio values (89, 'F-89', 'Exercito');
insert into meio values (90, 'F-90', 'Exercito');
insert into meio values (18, 'C-18', 'Exercito');
insert into meio values (91, 'F-91', 'Exercito');
insert into meio values (92, 'F-92', 'Exercito');
insert into meio values (93, 'F-93', 'Exercito');
insert into meio values (94, 'F-94', 'Exercito');
insert into meio values (95, 'F-95', 'Exercito');
insert into meio values (19, 'C-19', 'Exercito');
insert into meio values (96, 'F-96', 'Exercito');
insert into meio values (97, 'F-97', 'Exercito');
insert into meio values (98, 'F-98', 'Exercito');
insert into meio values (99, 'F-99', 'Exercito');
insert into meio values (0, 'Ambulancia', 'Bombeiros de Oliveira do Hospital');
insert into meio values (1, 'Trator', 'Bombeiros de Oliveira do Hospital');
insert into meio values (0, 'Ambulancia', 'Bombeiros de Monchique');
insert into meio values (0, 'Ambulancia', 'Bombeiros de Albergaria-a-Velha');
insert into meio values (1, 'Trator', 'Bombeiros de Albergaria-a-Velha');
insert into meio values (0, 'Ambulancia', 'Bombeiros de Proenca-a-Nova');
insert into meio values (0, 'Ambulancia', 'Bombeiros de Valpacos');
insert into meio values (1, 'Trator', 'Bombeiros de Valpacos');
insert into meio values (0, 'Ambulancia', 'Bombeiros de Aljustrel');
insert into meio values (0, 'Ambulancia', 'Bombeiros de Sao Pedro do Sul');
insert into meio values (1, 'Trator', 'Bombeiros de Sao Pedro do Sul');
insert into meio values (0, 'Ambulancia', 'Bombeiros de Castro Daire');
insert into meio values (0, 'Ambulancia', 'Bombeiros de Batalha');
insert into meio values (1, 'Trator', 'Bombeiros de Batalha');
insert into meio values (0, 'Ambulancia', 'Bombeiros de Torres Vedras');
insert into meio values (0, 'Ambulancia', 'Bombeiros de Sesimbra');
insert into meio values (1, 'Trator', 'Bombeiros de Sesimbra');
insert into meio values (0, 'Ambulancia', 'Bombeiros de Tondela');
insert into meio values (0, 'Ambulancia', 'Bombeiros de Vila Verde');
insert into meio values (1, 'Trator', 'Bombeiros de Vila Verde');
insert into meio values (0, 'Ambulancia', 'Bombeiros de Amares');
insert into meio values (0, 'Ambulancia', 'Bombeiros de Ferreira do Alentejo');
insert into meio values (1, 'Trator', 'Bombeiros de Ferreira do Alentejo');
insert into meio values (0, 'Ambulancia', 'Bombeiros de Penacova');
insert into meio values (0, 'Ambulancia', 'Bombeiros de Salvaterra de Magos');
insert into meio values (1, 'Trator', 'Bombeiros de Salvaterra de Magos');
insert into meio values (0, 'Ambulancia', 'Bombeiros de Santarem');
insert into meio values (0, 'Ambulancia', 'Bombeiros de Alenquer');
insert into meio values (1, 'Trator', 'Bombeiros de Alenquer');
insert into meio values (0, 'Ambulancia', 'Bombeiros de Caldas da Rainha');
insert into meio values (0, 'Ambulancia', 'Bombeiros de Vila Real');
insert into meio values (1, 'Trator', 'Bombeiros de Vila Real');
insert into meio values (0, 'Ambulancia', 'Bombeiros de Boticas');
insert into meio values (0, 'Ambulancia', 'Bombeiros de Vila Flor');
insert into meio values (1, 'Trator', 'Bombeiros de Vila Flor');
insert into meio values (0, 'Ambulancia', 'Bombeiros de Velas');
insert into meio values (0, 'Ambulancia', 'Bombeiros de Sardoal');
insert into meio values (1, 'Trator', 'Bombeiros de Sardoal');
insert into meio values (0, 'Ambulancia', 'Bombeiros de Castanheira de Pera');
insert into meio values (0, 'Ambulancia', 'Bombeiros de Celorico de Basto');
insert into meio values (1, 'Trator', 'Bombeiros de Celorico de Basto');
insert into meio values (0, 'Ambulancia', 'Bombeiros de Belmonte');
insert into meio values (0, 'Ambulancia', 'Bombeiros de Almada');
insert into meio values (1, 'Trator', 'Bombeiros de Almada');
insert into meio values (0, 'Ambulancia', 'Bombeiros de Lourinha');
insert into meio values (0, 'Ambulancia', 'Bombeiros de Vila do Porto');
insert into meio values (1, 'Trator', 'Bombeiros de Vila do Porto');
insert into meio values (0, 'Ambulancia', 'Bombeiros de Mira');
insert into meio values (0, 'Ambulancia', 'Bombeiros de Povoa de Varzim');
insert into meio values (1, 'Trator', 'Bombeiros de Povoa de Varzim');
insert into meio values (0, 'Ambulancia', 'Bombeiros de Moura');
insert into meio values (0, 'Ambulancia', 'Bombeiros de Vila Nova de Famalicao');
insert into meio values (1, 'Trator', 'Bombeiros de Vila Nova de Famalicao');
insert into meio values (0, 'Ambulancia', 'Bombeiros de Nisa');
insert into meio values (0, 'Ambulancia', 'Bombeiros de Gondomar');
insert into meio values (1, 'Trator', 'Bombeiros de Gondomar');
insert into meio values (0, 'Ambulancia', 'Bombeiros de Viana do Castelo');
insert into meio values (0, 'Ambulancia', 'Bombeiros de Felgueiras');
insert into meio values (1, 'Trator', 'Bombeiros de Felgueiras');
insert into meio values (0, 'Ambulancia', 'Bombeiros de Guarda');
insert into meio values (0, 'Ambulancia', 'Bombeiros de Odivelas');
insert into meio values (1, 'Trator', 'Bombeiros de Odivelas');
insert into meio values (0, 'Ambulancia', 'Bombeiros de Odemira');
insert into meio values (0, 'Ambulancia', 'Bombeiros de Fafe');
insert into meio values (1, 'Trator', 'Bombeiros de Fafe');
insert into meio values (0, 'Ambulancia', 'Bombeiros de Ourique');
insert into meio values (0, 'Ambulancia', 'Bombeiros de Penela');
insert into meio values (1, 'Trator', 'Bombeiros de Penela');
insert into meio values (0, 'Ambulancia', 'Bombeiros de Vila Nova de Cerveira');
insert into meio values (0, 'Ambulancia', 'Bombeiros de Vila Franca do Campo');
insert into meio values (1, 'Trator', 'Bombeiros de Vila Franca do Campo');
insert into meio values (0, 'Ambulancia', 'Bombeiros de Agueda');
insert into meio values (0, 'Ambulancia', 'Bombeiros de Marco de Canaveses');
insert into meio values (1, 'Trator', 'Bombeiros de Marco de Canaveses');
insert into meio values (0, 'Ambulancia', 'Bombeiros de Arouca');
insert into meio values (0, 'Ambulancia', 'Bombeiros de Penedono');
insert into meio values (1, 'Trator', 'Bombeiros de Penedono');
insert into meio values (0, 'Ambulancia', 'Bombeiros de Vila Nova de Paiva');
insert into meio values (0, 'Ambulancia', 'Bombeiros de Trancoso');
insert into meio values (1, 'Trator', 'Bombeiros de Trancoso');
insert into meio values (0, 'Ambulancia', 'Bombeiros de Sever do Vouga');
insert into meio values (0, 'Ambulancia', 'Bombeiros de Loures');
insert into meio values (1, 'Trator', 'Bombeiros de Loures');
insert into meio values (0, 'Ambulancia', 'Bombeiros de Cantanhede');
insert into meio values (0, 'Ambulancia', 'Bombeiros de Viana do Alentejo');
insert into meio values (1, 'Trator', 'Bombeiros de Viana do Alentejo');
insert into meio values (0, 'Ambulancia', 'Bombeiros de Aljezur');
insert into meio values (0, 'Ambulancia', 'Bombeiros de Vila Nova de Poiares');
insert into meio values (1, 'Trator', 'Bombeiros de Vila Nova de Poiares');
insert into meio values (0, 'Ambulancia', 'Bombeiros de Evora');
insert into meio values (0, 'Ambulancia', 'Bombeiros de Alpiarca');
insert into meio values (1, 'Trator', 'Bombeiros de Alpiarca');
insert into meio values (0, 'Ambulancia', 'Bombeiros de Marvao');
insert into meio values (0, 'Ambulancia', 'Bombeiros de Lousada');
insert into meio values (1, 'Trator', 'Bombeiros de Lousada');
insert into meio values (0, 'Ambulancia', 'Bombeiros de Crato');
insert into meio values (0, 'Ambulancia', 'Bombeiros de Campo Maior');
insert into meio values (1, 'Trator', 'Bombeiros de Campo Maior');
insert into meio values (0, 'Ambulancia', 'Bombeiros de Vinhais');
insert into meio values (0, 'Ambulancia', 'Bombeiros de Caminha');
insert into meio values (1, 'Trator', 'Bombeiros de Caminha');
insert into meio values (0, 'Ambulancia', 'Bombeiros de Moita');
insert into meio values (0, 'Ambulancia', 'Bombeiros de Penafiel');
insert into meio values (1, 'Trator', 'Bombeiros de Penafiel');
insert into meio values (0, 'Ambulancia', 'Bombeiros de Amarante');
insert into meio values (0, 'Ambulancia', 'Bombeiros de Nelas');
insert into meio values (1, 'Trator', 'Bombeiros de Nelas');
insert into meio values (0, 'Ambulancia', 'Bombeiros de Alandroal');
insert into meio values (0, 'Ambulancia', 'Bombeiros de Penalva do Castelo');
insert into meio values (1, 'Trator', 'Bombeiros de Penalva do Castelo');
insert into meio values (0, 'Ambulancia', 'Bombeiros de Alijo');
insert into meio values (0, 'Ambulancia', 'Bombeiros de Cabeceiras de Basto');
insert into meio values (1, 'Trator', 'Bombeiros de Cabeceiras de Basto');
insert into meio values (0, 'Ambulancia', 'Bombeiros de Montemor-o-Velho');
insert into meio values (0, 'Ambulancia', 'Bombeiros de Cartaxo');
insert into meio values (1, 'Trator', 'Bombeiros de Cartaxo');
insert into meio values (0, 'Ambulancia', 'Bombeiros de Aveiro');
insert into meio values (0, 'Ambulancia', 'Bombeiros de Vila Real de Santo Antonio');
insert into meio values (1, 'Trator', 'Bombeiros de Vila Real de Santo Antonio');
insert into meio values (0, 'Ambulancia', 'Bombeiros de Espinho');
insert into meio values (0, 'Ambulancia', 'Bombeiros de Barrancos');
insert into meio values (1, 'Trator', 'Bombeiros de Barrancos');
insert into meio values (0, 'Ambulancia', 'Bombeiros de Coruche');
insert into meio values (0, 'Ambulancia', 'Bombeiros de Santa Cruz das Flores');
insert into meio values (1, 'Trator', 'Bombeiros de Santa Cruz das Flores');
insert into meio values (0, 'Ambulancia', 'Bombeiros de Moncao');
insert into meio values (0, 'Ambulancia', 'Bombeiros de Tarouca');
insert into meio values (1, 'Trator', 'Bombeiros de Tarouca');
insert into meio values (0, 'Ambulancia', 'Bombeiros de Mondim de Basto');
insert into meio values (0, 'Ambulancia', 'Bombeiros de Santa Marta de Penaguiao');
insert into meio values (1, 'Trator', 'Bombeiros de Santa Marta de Penaguiao');
insert into meio values (0, 'Ambulancia', 'Bombeiros de Pampilhosa da Serra');
insert into meio values (0, 'Ambulancia', 'Bombeiros de Lagoa');
insert into meio values (1, 'Trator', 'Bombeiros de Lagoa');
insert into meio values (0, 'Ambulancia', 'Bombeiros de Santa Cruz');
insert into meio values (0, 'Ambulancia', 'Bombeiros de Terras de Bouro');
insert into meio values (1, 'Trator', 'Bombeiros de Terras de Bouro');
insert into meio values (0, 'Ambulancia', 'Bombeiros de Sernancelhe');
insert into meio values (0, 'Ambulancia', 'Bombeiros de Cuba');
insert into meio values (1, 'Trator', 'Bombeiros de Cuba');
insert into meio values (0, 'Ambulancia', 'Bombeiros de Alfandega da Fe');
insert into meio values (0, 'Ambulancia', 'Bombeiros de Ovar');
insert into meio values (1, 'Trator', 'Bombeiros de Ovar');
insert into meio values (0, 'Ambulancia', 'Bombeiros de Palmela');
insert into meio values (0, 'Ambulancia', 'Bombeiros de Sobral de Monte Agraco');
insert into meio values (1, 'Trator', 'Bombeiros de Sobral de Monte Agraco');
insert into meio values (0, 'Ambulancia', 'Bombeiros de Golega');
insert into meio values (0, 'Ambulancia', 'Bombeiros de Vieira do Minho');
insert into meio values (1, 'Trator', 'Bombeiros de Vieira do Minho');
insert into meio values (0, 'Ambulancia', 'Bombeiros de Ansiao');
insert into meio values (0, 'Ambulancia', 'Bombeiros de Beja');
insert into meio values (1, 'Trator', 'Bombeiros de Beja');
insert into meio values (0, 'Ambulancia', 'Bombeiros de Arruda dos Vinhos');
insert into meio values (0, 'Ambulancia', 'Bombeiros de Serpa');
insert into meio values (1, 'Trator', 'Bombeiros de Serpa');
insert into meio values (0, 'Ambulancia', 'Bombeiros de Vila Nova de Foz Coa');
insert into meio values (0, 'Ambulancia', 'Bombeiros de Bombarral');
insert into meio values (1, 'Trator', 'Bombeiros de Bombarral');
insert into meio values (0, 'Ambulancia', 'Bombeiros de Maia');
insert into meio values (0, 'Ambulancia', 'Bombeiros de Alcochete');
insert into meio values (1, 'Trator', 'Bombeiros de Alcochete');
insert into meio values (0, 'Ambulancia', 'Bombeiros de Praia da Vitoria');
insert into meio values (0, 'Ambulancia', 'Bombeiros de Sabrosa');
insert into meio values (1, 'Trator', 'Bombeiros de Sabrosa');
insert into meio values (0, 'Ambulancia', 'Bombeiros de Matosinhos');
insert into meio values (0, 'Ambulancia', 'Bombeiros de Cascais');
insert into meio values (1, 'Trator', 'Bombeiros de Cascais');
insert into meio values (0, 'Ambulancia', 'Bombeiros de Mafra');
insert into meio values (0, 'Ambulancia', 'Bombeiros de Figueira de Castelo Rodrigo');
insert into meio values (1, 'Trator', 'Bombeiros de Figueira de Castelo Rodrigo');
insert into meio values (0, 'Ambulancia', 'Bombeiros de Paredes');
insert into meio values (0, 'Ambulancia', 'Bombeiros de Coimbra');
insert into meio values (1, 'Trator', 'Bombeiros de Coimbra');
insert into meio values (0, 'Ambulancia', 'Bombeiros de Arcos de Valdevez');
insert into meio values (0, 'Ambulancia', 'Bombeiros de Ribeira de Pena');
insert into meio values (1, 'Trator', 'Bombeiros de Ribeira de Pena');
insert into meio values (0, 'Ambulancia', 'Bombeiros de Serta');
insert into meio values (0, 'Ambulancia', 'Bombeiros de Calheta');
insert into meio values (1, 'Trator', 'Bombeiros de Calheta');
insert into meio values (0, 'Ambulancia', 'Bombeiros de Oliveira de Azemeis');
insert into meio values (0, 'Ambulancia', 'Bombeiros de Miranda do Corvo');
insert into meio values (1, 'Trator', 'Bombeiros de Miranda do Corvo');
insert into meio values (0, 'Ambulancia', 'Bombeiros de Vila Velha de Rodao');
insert into meio values (0, 'Ambulancia', 'Bombeiros de Arganil');
insert into meio values (1, 'Trator', 'Bombeiros de Arganil');
insert into meio values (0, 'Ambulancia', 'Bombeiros de Sabugal');
insert into meio values (0, 'Ambulancia', 'Bombeiros de Santa Comba Dao');
insert into meio values (1, 'Trator', 'Bombeiros de Santa Comba Dao');
insert into meio values (0, 'Ambulancia', 'Bombeiros de Arraiolos');
insert into meio values (0, 'Ambulancia', 'Bombeiros de Murtosa');
insert into meio values (1, 'Trator', 'Bombeiros de Murtosa');
insert into meio values (0, 'Ambulancia', 'Bombeiros de Guimaraes');
insert into meio values (0, 'Ambulancia', 'Bombeiros de Vale de Cambra');
insert into meio values (1, 'Trator', 'Bombeiros de Vale de Cambra');
insert into meio values (0, 'Ambulancia', 'Bombeiros de Montalegre');
insert into meio values (0, 'Ambulancia', 'Bombeiros de Condeixa-a-Nova');
insert into meio values (1, 'Trator', 'Bombeiros de Condeixa-a-Nova');
insert into meio values (0, 'Ambulancia', 'Bombeiros de Vila do Bispo');
insert into meio values (0, 'Ambulancia', 'Bombeiros de Ourem');
insert into meio values (1, 'Trator', 'Bombeiros de Ourem');
insert into meio values (0, 'Ambulancia', 'Bombeiros de Loule');
insert into meio values (0, 'Ambulancia', 'Bombeiros de Braganca');
insert into meio values (1, 'Trator', 'Bombeiros de Braganca');
insert into meio values (0, 'Ambulancia', 'Bombeiros de Ponte da Barca');
insert into meio values (0, 'Ambulancia', 'Bombeiros de Constancia');
insert into meio values (1, 'Trator', 'Bombeiros de Constancia');
insert into meio values (0, 'Ambulancia', 'Bombeiros de Avis');
insert into meio values (0, 'Ambulancia', 'Bombeiros de Montemor-o-Novo');
insert into meio values (1, 'Trator', 'Bombeiros de Montemor-o-Novo');
insert into meio values (0, 'Ambulancia', 'Bombeiros de Grandola');
insert into meio values (0, 'Ambulancia', 'Bombeiros de Abrantes');
insert into meio values (1, 'Trator', 'Bombeiros de Abrantes');
insert into meio values (0, 'Ambulancia', 'Bombeiros de Fronteira');
insert into meio values (0, 'Ambulancia', 'Bombeiros de Castelo de Paiva');
insert into meio values (1, 'Trator', 'Bombeiros de Castelo de Paiva');
insert into meio values (0, 'Ambulancia', 'Bombeiros de Sao Joao da Pesqueira');
insert into meio values (0, 'Ambulancia', 'Bombeiros de Almeirim');
insert into meio values (1, 'Trator', 'Bombeiros de Almeirim');
insert into meio values (0, 'Ambulancia', 'Bombeiros de Machico');
insert into meio values (0, 'Ambulancia', 'Bombeiros de Fornos de Algodres');
insert into meio values (1, 'Trator', 'Bombeiros de Fornos de Algodres');
insert into meio values (0, 'Ambulancia', 'Bombeiros de Seia');
insert into meio values (0, 'Ambulancia', 'Bombeiros de Povoacao');
insert into meio values (1, 'Trator', 'Bombeiros de Povoacao');
insert into meio values (0, 'Ambulancia', 'Bombeiros de Marinha Grande');
insert into meio values (0, 'Ambulancia', 'Bombeiros de Vila Nova de Gaia');
insert into meio values (1, 'Trator', 'Bombeiros de Vila Nova de Gaia');
insert into meio values (0, 'Ambulancia', 'Bombeiros de Figueira da Foz');
insert into meio values (0, 'Ambulancia', 'Bombeiros de Alcobaca');
insert into meio values (1, 'Trator', 'Bombeiros de Alcobaca');
insert into meio values (0, 'Ambulancia', 'Bombeiros de Oliveira de Frades');
insert into meio values (0, 'Ambulancia', 'Bombeiros de Alter do Chao');
insert into meio values (1, 'Trator', 'Bombeiros de Alter do Chao');
insert into meio values (0, 'Ambulancia', 'Bombeiros de Freixo de Espada a Cinta');
insert into meio values (0, 'Ambulancia', 'Bombeiros de Pedrogao Grande');
insert into meio values (1, 'Trator', 'Bombeiros de Pedrogao Grande');
insert into meio values (0, 'Ambulancia', 'Bombeiros de Tavira');
insert into meio values (0, 'Ambulancia', 'Bombeiros de Vimioso');
insert into meio values (1, 'Trator', 'Bombeiros de Vimioso');
insert into meio values (0, 'Ambulancia', 'Bombeiros de Baiao');
insert into meio values (0, 'Ambulancia', 'Bombeiros de Corvo');
insert into meio values (1, 'Trator', 'Bombeiros de Corvo');
insert into meio values (0, 'Ambulancia', 'Bombeiros de Rio Maior');
insert into meio values (0, 'Ambulancia', 'Bombeiros de Mourao');
insert into meio values (1, 'Trator', 'Bombeiros de Mourao');
insert into meio values (0, 'Ambulancia', 'Bombeiros de Monforte');
insert into meio values (0, 'Ambulancia', 'Bombeiros de Fundao');
insert into meio values (1, 'Trator', 'Bombeiros de Fundao');
insert into meio values (0, 'Ambulancia', 'Bombeiros de Sao Bras de Alportel');
insert into meio values (0, 'Ambulancia', 'Bombeiros de Chaves');
insert into meio values (1, 'Trator', 'Bombeiros de Chaves');
insert into meio values (0, 'Ambulancia', 'Bombeiros de Azambuja');
insert into meio values (0, 'Ambulancia', 'Bombeiros de Santa Cruz da Graciosa');
insert into meio values (1, 'Trator', 'Bombeiros de Santa Cruz da Graciosa');
insert into meio values (0, 'Ambulancia', 'Bombeiros de Porto de Mos');
insert into meio values (0, 'Ambulancia', 'Bombeiros de Vizela');
insert into meio values (1, 'Trator', 'Bombeiros de Vizela');
insert into meio values (0, 'Ambulancia', 'Bombeiros de Ponta do Sol');
insert into meio values (0, 'Ambulancia', 'Bombeiros de Ilhavo');
insert into meio values (1, 'Trator', 'Bombeiros de Ilhavo');
insert into meio values (0, 'Ambulancia', 'Bombeiros de Vidigueira');
insert into meio values (0, 'Ambulancia', 'Bombeiros de Povoa de Lanhoso');
insert into meio values (1, 'Trator', 'Bombeiros de Povoa de Lanhoso');
insert into meio values (0, 'Ambulancia', 'Bombeiros de Gois');
insert into meio values (0, 'Ambulancia', 'Bombeiros de Carregal do Sal');
insert into meio values (1, 'Trator', 'Bombeiros de Carregal do Sal');
insert into meio values (0, 'Ambulancia', 'Bombeiros de Angra do Heroismo');
insert into meio values (0, 'Ambulancia', 'Bombeiros de Sao Vicente');
insert into meio values (1, 'Trator', 'Bombeiros de Sao Vicente');
insert into meio values (0, 'Ambulancia', 'Bombeiros de Madalena');
insert into meio values (0, 'Ambulancia', 'Bombeiros de Carrazeda de Ansiaes');
insert into meio values (1, 'Trator', 'Bombeiros de Carrazeda de Ansiaes');
insert into meio values (0, 'Ambulancia', 'Bombeiros de Oeiras');
insert into meio values (0, 'Ambulancia', 'Bombeiros de Porto Moniz');
insert into meio values (1, 'Trator', 'Bombeiros de Porto Moniz');
insert into meio values (0, 'Ambulancia', 'Bombeiros de Vila Franca de Xira');
insert into meio values (0, 'Ambulancia', 'Bombeiros de Torres Novas');
insert into meio values (1, 'Trator', 'Bombeiros de Torres Novas');
insert into meio values (0, 'Ambulancia', 'Bombeiros de Sintra');
insert into meio values (0, 'Ambulancia', 'Bombeiros de Castelo Branco');
insert into meio values (1, 'Trator', 'Bombeiros de Castelo Branco');
insert into meio values (0, 'Ambulancia', 'Bombeiros de Valongo');
insert into meio values (0, 'Ambulancia', 'Bombeiros de Anadia');
insert into meio values (1, 'Trator', 'Bombeiros de Anadia');
insert into meio values (0, 'Ambulancia', 'Bombeiros de Leiria');
insert into meio values (0, 'Ambulancia', 'Bombeiros de Sousel');
insert into meio values (1, 'Trator', 'Bombeiros de Sousel');
insert into meio values (0, 'Ambulancia', 'Bombeiros de Camara de Lobos');
insert into meio values (0, 'Ambulancia', 'Bombeiros de Santiago do Cacem');
insert into meio values (1, 'Trator', 'Bombeiros de Santiago do Cacem');
insert into meio values (0, 'Ambulancia', 'Bombeiros de Cadaval');
insert into meio values (0, 'Ambulancia', 'Bombeiros de Figueiro dos Vinhos');
insert into meio values (1, 'Trator', 'Bombeiros de Figueiro dos Vinhos');
insert into meio values (0, 'Ambulancia', 'Bombeiros de Lousa');
insert into meio values (0, 'Ambulancia', 'Bombeiros de Satao');
insert into meio values (1, 'Trator', 'Bombeiros de Satao');
insert into meio values (0, 'Ambulancia', 'Bombeiros de Almeida');
insert into meio values (0, 'Ambulancia', 'Bombeiros de Soure');
insert into meio values (1, 'Trator', 'Bombeiros de Soure');
insert into meio values (0, 'Ambulancia', 'Bombeiros de Castro Marim');
insert into meio values (0, 'Ambulancia', 'Bombeiros de Lagos');
insert into meio values (1, 'Trator', 'Bombeiros de Lagos');
insert into meio values (0, 'Ambulancia', 'Bombeiros de Aguiar da Beira');
insert into meio values (0, 'Ambulancia', 'Bombeiros de Santo Tirso');
insert into meio values (1, 'Trator', 'Bombeiros de Santo Tirso');
insert into meio values (0, 'Ambulancia', 'Bombeiros de Mortagua');
insert into meio values (0, 'Ambulancia', 'Bombeiros de Lisboa');
insert into meio values (1, 'Trator', 'Bombeiros de Lisboa');
insert into meio values (0, 'Ambulancia', 'Bombeiros de Vila Nova da Barquinha');
insert into meio values (0, 'Ambulancia', 'Bombeiros de Chamusca');
insert into meio values (1, 'Trator', 'Bombeiros de Chamusca');
insert into meio values (0, 'Ambulancia', 'Bombeiros de Alcacer do Sal');
insert into meio values (0, 'Ambulancia', 'Bombeiros de Covilha');
insert into meio values (1, 'Trator', 'Bombeiros de Covilha');
insert into meio values (0, 'Ambulancia', 'Bombeiros de Viseu');
insert into meio values (0, 'Ambulancia', 'Bombeiros de Vila Pouca de Aguiar');
insert into meio values (1, 'Trator', 'Bombeiros de Vila Pouca de Aguiar');
insert into meio values (0, 'Ambulancia', 'Bombeiros de Ribeira Grande');
insert into meio values (0, 'Ambulancia', 'Bombeiros de Mertola');
insert into meio values (1, 'Trator', 'Bombeiros de Mertola');
insert into meio values (0, 'Ambulancia', 'Bombeiros de Almodovar');
insert into meio values (0, 'Ambulancia', 'Bombeiros de Barreiro');
insert into meio values (1, 'Trator', 'Bombeiros de Barreiro');
insert into meio values (0, 'Ambulancia', 'Bombeiros de Ponta Delgada');
insert into meio values (0, 'Ambulancia', 'Bombeiros de Arronches');
insert into meio values (1, 'Trator', 'Bombeiros de Arronches');
insert into meio values (0, 'Ambulancia', 'Bombeiros de Mora');
insert into meio values (0, 'Ambulancia', 'Bombeiros de Seixal');
insert into meio values (1, 'Trator', 'Bombeiros de Seixal');
insert into meio values (0, 'Ambulancia', 'Bombeiros de Pombal');
insert into meio values (0, 'Ambulancia', 'Bombeiros de Esposende');
insert into meio values (1, 'Trator', 'Bombeiros de Esposende');
insert into meio values (0, 'Ambulancia', 'Bombeiros de Manteigas');
insert into meio values (0, 'Ambulancia', 'Bombeiros de Alvito');
insert into meio values (1, 'Trator', 'Bombeiros de Alvito');
insert into meio values (0, 'Ambulancia', 'Bombeiros de Castro Verde');
insert into meio values (0, 'Ambulancia', 'Bombeiros de Portel');
insert into meio values (1, 'Trator', 'Bombeiros de Portel');
insert into meio values (0, 'Ambulancia', 'Bombeiros de Oleiros');
insert into meio values (0, 'Ambulancia', 'Bombeiros de Lajes das Flores');
insert into meio values (1, 'Trator', 'Bombeiros de Lajes das Flores');
insert into meio values (0, 'Ambulancia', 'Bombeiros de Silves');
insert into meio values (0, 'Ambulancia', 'Bombeiros de Cinfaes');
insert into meio values (1, 'Trator', 'Bombeiros de Cinfaes');
insert into meio values (0, 'Ambulancia', 'Bombeiros de Vouzela');
insert into meio values (0, 'Ambulancia', 'Bombeiros de Macao');
insert into meio values (1, 'Trator', 'Bombeiros de Macao');
insert into meio values (0, 'Ambulancia', 'Bombeiros de Resende');
insert into meio values (0, 'Ambulancia', 'Bombeiros de Redondo');
insert into meio values (1, 'Trator', 'Bombeiros de Redondo');
insert into meio values (0, 'Ambulancia', 'Bombeiros de Alcanena');
insert into meio values (0, 'Ambulancia', 'Bombeiros de Alcoutim');
insert into meio values (1, 'Trator', 'Bombeiros de Alcoutim');
insert into meio values (0, 'Ambulancia', 'Bombeiros de Lajes do Pico');
insert into meio values (0, 'Ambulancia', 'Bombeiros de Vila de Rei');
insert into meio values (1, 'Trator', 'Bombeiros de Vila de Rei');
insert into meio values (0, 'Ambulancia', 'Bombeiros de Penamacor');
insert into meio values (0, 'Ambulancia', 'Bombeiros de Nordeste');
insert into meio values (1, 'Trator', 'Bombeiros de Nordeste');
insert into meio values (0, 'Ambulancia', 'Bombeiros de Mogadouro');
insert into meio values (0, 'Ambulancia', 'Bombeiros de Oliveira do Bairro');
insert into meio values (1, 'Trator', 'Bombeiros de Oliveira do Bairro');
insert into meio values (0, 'Ambulancia', 'Bombeiros de Estarreja');
insert into meio values (0, 'Ambulancia', 'Bombeiros de Mealhada');
insert into meio values (1, 'Trator', 'Bombeiros de Mealhada');
insert into meio values (0, 'Ambulancia', 'Bombeiros de Tabuaco');
insert into meio values (0, 'Ambulancia', 'Bombeiros de Celorico da Beira');
insert into meio values (1, 'Trator', 'Bombeiros de Celorico da Beira');
insert into meio values (0, 'Ambulancia', 'Bombeiros de Pacos de Ferreira');
insert into meio values (0, 'Ambulancia', 'Bombeiros de Trofa');
insert into meio values (1, 'Trator', 'Bombeiros de Trofa');
insert into meio values (0, 'Ambulancia', 'Bombeiros de Nazare');
insert into meio values (0, 'Ambulancia', 'Bombeiros de Sao Roque do Pico');
insert into meio values (1, 'Trator', 'Bombeiros de Sao Roque do Pico');
insert into meio values (0, 'Ambulancia', 'Bombeiros de Olhao');
insert into meio values (0, 'Ambulancia', 'Bombeiros de Murca');
insert into meio values (1, 'Trator', 'Bombeiros de Murca');
insert into meio values (0, 'Ambulancia', 'Bombeiros de Mesao Frio');
insert into meio values (0, 'Ambulancia', 'Bombeiros de Castelo de Vide');
insert into meio values (1, 'Trator', 'Bombeiros de Castelo de Vide');
insert into meio values (0, 'Ambulancia', 'Bombeiros de Torre de Moncorvo');
insert into meio values (0, 'Ambulancia', 'Bombeiros de Tabua');
insert into meio values (1, 'Trator', 'Bombeiros de Tabua');
insert into meio values (0, 'Ambulancia', 'Bombeiros de Mirandela');
insert into meio values (0, 'Ambulancia', 'Bombeiros de Meda');
insert into meio values (1, 'Trator', 'Bombeiros de Meda');
insert into meio values (0, 'Ambulancia', 'Bombeiros de Peniche');
insert into meio values (0, 'Ambulancia', 'Bombeiros de Lamego');
insert into meio values (1, 'Trator', 'Bombeiros de Lamego');
insert into meio values (0, 'Ambulancia', 'Bombeiros de Santa Maria da Feira');
insert into meio values (0, 'Ambulancia', 'Bombeiros de Armamar');
insert into meio values (1, 'Trator', 'Bombeiros de Armamar');
insert into meio values (0, 'Ambulancia', 'Bombeiros de Ponte de Lima');
insert into meio values (0, 'Ambulancia', 'Bombeiros de Paredes de Coura');
insert into meio values (1, 'Trator', 'Bombeiros de Paredes de Coura');
insert into meio values (0, 'Ambulancia', 'Bombeiros de Gouveia');
insert into meio values (0, 'Ambulancia', 'Bombeiros de Miranda do Douro');
insert into meio values (1, 'Trator', 'Bombeiros de Miranda do Douro');
insert into meio values (0, 'Ambulancia', 'Bombeiros de Moimenta da Beira');
insert into meio values (0, 'Ambulancia', 'Bombeiros de Ferreira do Zezere');
insert into meio values (1, 'Trator', 'Bombeiros de Ferreira do Zezere');
insert into meio values (0, 'Ambulancia', 'Bombeiros de Portimao');
insert into meio values (0, 'Ambulancia', 'Bombeiros de Obidos');
insert into meio values (1, 'Trator', 'Bombeiros de Obidos');
insert into meio values (0, 'Ambulancia', 'Bombeiros de Ribeira Brava');
insert into meio values (0, 'Ambulancia', 'Bombeiros de Idanha-a-Nova');
insert into meio values (1, 'Trator', 'Bombeiros de Idanha-a-Nova');
insert into meio values (0, 'Ambulancia', 'Bombeiros de Gaviao');
insert into meio values (0, 'Ambulancia', 'Bombeiros de Vagos');
insert into meio values (1, 'Trator', 'Bombeiros de Vagos');
insert into meio values (0, 'Ambulancia', 'Bombeiros de Benavente');
insert into meio values (0, 'Ambulancia', 'Bombeiros de Alvaiazere');
insert into meio values (1, 'Trator', 'Bombeiros de Alvaiazere');
insert into meio values (0, 'Ambulancia', 'Bombeiros de Melgaco');
insert into meio values (0, 'Ambulancia', 'Bombeiros de Vila Vicosa');
insert into meio values (1, 'Trator', 'Bombeiros de Vila Vicosa');

insert into meioCombate values (0, 'Exercito');
insert into meioCombate values (0, 'Exercito');
insert into meioCombate values (1, 'Exercito');
insert into meioCombate values (2, 'Exercito');
insert into meioCombate values (3, 'Exercito');
insert into meioCombate values (4, 'Exercito');
insert into meioCombate values (5, 'Exercito');
insert into meioCombate values (1, 'Exercito');
insert into meioCombate values (6, 'Exercito');
insert into meioCombate values (7, 'Exercito');
insert into meioCombate values (8, 'Exercito');
insert into meioCombate values (9, 'Exercito');
insert into meioCombate values (10, 'Exercito');
insert into meioCombate values (2, 'Exercito');
insert into meioCombate values (11, 'Exercito');
insert into meioCombate values (12, 'Exercito');
insert into meioCombate values (13, 'Exercito');
insert into meioCombate values (14, 'Exercito');
insert into meioCombate values (15, 'Exercito');
insert into meioCombate values (3, 'Exercito');
insert into meioCombate values (16, 'Exercito');
insert into meioCombate values (17, 'Exercito');
insert into meioCombate values (18, 'Exercito');
insert into meioCombate values (19, 'Exercito');
insert into meioCombate values (20, 'Exercito');
insert into meioCombate values (4, 'Exercito');
insert into meioCombate values (21, 'Exercito');
insert into meioCombate values (22, 'Exercito');
insert into meioCombate values (23, 'Exercito');
insert into meioCombate values (24, 'Exercito');
insert into meioCombate values (25, 'Exercito');
insert into meioCombate values (5, 'Exercito');
insert into meioCombate values (26, 'Exercito');
insert into meioCombate values (27, 'Exercito');
insert into meioCombate values (28, 'Exercito');
insert into meioCombate values (29, 'Exercito');
insert into meioCombate values (30, 'Exercito');
insert into meioCombate values (6, 'Exercito');
insert into meioCombate values (31, 'Exercito');
insert into meioCombate values (32, 'Exercito');
insert into meioCombate values (33, 'Exercito');
insert into meioCombate values (34, 'Exercito');
insert into meioCombate values (35, 'Exercito');
insert into meioCombate values (7, 'Exercito');
insert into meioCombate values (36, 'Exercito');
insert into meioCombate values (37, 'Exercito');
insert into meioCombate values (38, 'Exercito');
insert into meioCombate values (39, 'Exercito');
insert into meioCombate values (40, 'Exercito');
insert into meioCombate values (8, 'Exercito');
insert into meioCombate values (41, 'Exercito');
insert into meioCombate values (42, 'Exercito');
insert into meioCombate values (43, 'Exercito');
insert into meioCombate values (44, 'Exercito');
insert into meioCombate values (45, 'Exercito');
insert into meioCombate values (9, 'Exercito');
insert into meioCombate values (46, 'Exercito');
insert into meioCombate values (47, 'Exercito');
insert into meioCombate values (48, 'Exercito');
insert into meioCombate values (49, 'Exercito');
insert into meioCombate values (50, 'Exercito');
insert into meioCombate values (10, 'Exercito');
insert into meioCombate values (51, 'Exercito');
insert into meioCombate values (52, 'Exercito');
insert into meioCombate values (53, 'Exercito');
insert into meioCombate values (54, 'Exercito');
insert into meioCombate values (55, 'Exercito');
insert into meioCombate values (11, 'Exercito');
insert into meioCombate values (56, 'Exercito');
insert into meioCombate values (57, 'Exercito');
insert into meioCombate values (58, 'Exercito');
insert into meioCombate values (59, 'Exercito');
insert into meioCombate values (60, 'Exercito');
insert into meioCombate values (12, 'Exercito');
insert into meioCombate values (61, 'Exercito');
insert into meioCombate values (62, 'Exercito');
insert into meioCombate values (63, 'Exercito');
insert into meioCombate values (64, 'Exercito');
insert into meioCombate values (65, 'Exercito');
insert into meioCombate values (13, 'Exercito');
insert into meioCombate values (66, 'Exercito');
insert into meioCombate values (67, 'Exercito');
insert into meioCombate values (68, 'Exercito');
insert into meioCombate values (69, 'Exercito');
insert into meioCombate values (70, 'Exercito');
insert into meioCombate values (14, 'Exercito');
insert into meioCombate values (71, 'Exercito');
insert into meioCombate values (72, 'Exercito');
insert into meioCombate values (73, 'Exercito');
insert into meioCombate values (74, 'Exercito');
insert into meioCombate values (75, 'Exercito');
insert into meioCombate values (15, 'Exercito');
insert into meioCombate values (76, 'Exercito');
insert into meioCombate values (77, 'Exercito');
insert into meioCombate values (78, 'Exercito');
insert into meioCombate values (79, 'Exercito');
insert into meioCombate values (80, 'Exercito');
insert into meioCombate values (16, 'Exercito');
insert into meioCombate values (81, 'Exercito');
insert into meioCombate values (82, 'Exercito');
insert into meioCombate values (83, 'Exercito');
insert into meioCombate values (84, 'Exercito');
insert into meioCombate values (85, 'Exercito');
insert into meioCombate values (17, 'Exercito');
insert into meioCombate values (86, 'Exercito');
insert into meioCombate values (87, 'Exercito');
insert into meioCombate values (88, 'Exercito');
insert into meioCombate values (89, 'Exercito');
insert into meioCombate values (90, 'Exercito');
insert into meioCombate values (18, 'Exercito');
insert into meioCombate values (91, 'Exercito');
insert into meioCombate values (92, 'Exercito');
insert into meioCombate values (93, 'Exercito');
insert into meioCombate values (94, 'Exercito');
insert into meioCombate values (95, 'Exercito');
insert into meioCombate values (19, 'Exercito');
insert into meioCombate values (96, 'Exercito');
insert into meioCombate values (97, 'Exercito');
insert into meioCombate values (98, 'Exercito');
insert into meioCombate values (99, 'Exercito');

insert into meioApoio values (1, 'Bombeiros de Oliveira do Hospital');
insert into meioApoio values (1, 'Bombeiros de Albergaria-a-Velha');
insert into meioApoio values (1, 'Bombeiros de Valpacos');
insert into meioApoio values (1, 'Bombeiros de Sao Pedro do Sul');
insert into meioApoio values (1, 'Bombeiros de Batalha');
insert into meioApoio values (1, 'Bombeiros de Sesimbra');
insert into meioApoio values (1, 'Bombeiros de Vila Verde');
insert into meioApoio values (1, 'Bombeiros de Ferreira do Alentejo');
insert into meioApoio values (1, 'Bombeiros de Salvaterra de Magos');
insert into meioApoio values (1, 'Bombeiros de Alenquer');
insert into meioApoio values (1, 'Bombeiros de Vila Real');
insert into meioApoio values (1, 'Bombeiros de Vila Flor');
insert into meioApoio values (1, 'Bombeiros de Sardoal');
insert into meioApoio values (1, 'Bombeiros de Celorico de Basto');
insert into meioApoio values (1, 'Bombeiros de Almada');
insert into meioApoio values (1, 'Bombeiros de Vila do Porto');
insert into meioApoio values (1, 'Bombeiros de Povoa de Varzim');
insert into meioApoio values (1, 'Bombeiros de Vila Nova de Famalicao');
insert into meioApoio values (1, 'Bombeiros de Gondomar');
insert into meioApoio values (1, 'Bombeiros de Felgueiras');
insert into meioApoio values (1, 'Bombeiros de Odivelas');
insert into meioApoio values (1, 'Bombeiros de Fafe');
insert into meioApoio values (1, 'Bombeiros de Penela');
insert into meioApoio values (1, 'Bombeiros de Vila Franca do Campo');
insert into meioApoio values (1, 'Bombeiros de Marco de Canaveses');
insert into meioApoio values (1, 'Bombeiros de Penedono');
insert into meioApoio values (1, 'Bombeiros de Trancoso');
insert into meioApoio values (1, 'Bombeiros de Loures');
insert into meioApoio values (1, 'Bombeiros de Viana do Alentejo');
insert into meioApoio values (1, 'Bombeiros de Vila Nova de Poiares');
insert into meioApoio values (1, 'Bombeiros de Alpiarca');
insert into meioApoio values (1, 'Bombeiros de Lousada');
insert into meioApoio values (1, 'Bombeiros de Campo Maior');
insert into meioApoio values (1, 'Bombeiros de Caminha');
insert into meioApoio values (1, 'Bombeiros de Penafiel');
insert into meioApoio values (1, 'Bombeiros de Nelas');
insert into meioApoio values (1, 'Bombeiros de Penalva do Castelo');
insert into meioApoio values (1, 'Bombeiros de Cabeceiras de Basto');
insert into meioApoio values (1, 'Bombeiros de Cartaxo');
insert into meioApoio values (1, 'Bombeiros de Vila Real de Santo Antonio');
insert into meioApoio values (1, 'Bombeiros de Barrancos');
insert into meioApoio values (1, 'Bombeiros de Santa Cruz das Flores');
insert into meioApoio values (1, 'Bombeiros de Tarouca');
insert into meioApoio values (1, 'Bombeiros de Santa Marta de Penaguiao');
insert into meioApoio values (1, 'Bombeiros de Lagoa');
insert into meioApoio values (1, 'Bombeiros de Terras de Bouro');
insert into meioApoio values (1, 'Bombeiros de Cuba');
insert into meioApoio values (1, 'Bombeiros de Ovar');
insert into meioApoio values (1, 'Bombeiros de Sobral de Monte Agraco');
insert into meioApoio values (1, 'Bombeiros de Vieira do Minho');
insert into meioApoio values (1, 'Bombeiros de Beja');
insert into meioApoio values (1, 'Bombeiros de Serpa');
insert into meioApoio values (1, 'Bombeiros de Bombarral');
insert into meioApoio values (1, 'Bombeiros de Alcochete');
insert into meioApoio values (1, 'Bombeiros de Sabrosa');
insert into meioApoio values (1, 'Bombeiros de Cascais');
insert into meioApoio values (1, 'Bombeiros de Figueira de Castelo Rodrigo');
insert into meioApoio values (1, 'Bombeiros de Coimbra');
insert into meioApoio values (1, 'Bombeiros de Ribeira de Pena');
insert into meioApoio values (1, 'Bombeiros de Calheta');
insert into meioApoio values (1, 'Bombeiros de Miranda do Corvo');
insert into meioApoio values (1, 'Bombeiros de Arganil');
insert into meioApoio values (1, 'Bombeiros de Santa Comba Dao');
insert into meioApoio values (1, 'Bombeiros de Murtosa');
insert into meioApoio values (1, 'Bombeiros de Vale de Cambra');
insert into meioApoio values (1, 'Bombeiros de Condeixa-a-Nova');
insert into meioApoio values (1, 'Bombeiros de Ourem');
insert into meioApoio values (1, 'Bombeiros de Braganca');
insert into meioApoio values (1, 'Bombeiros de Constancia');
insert into meioApoio values (1, 'Bombeiros de Montemor-o-Novo');
insert into meioApoio values (1, 'Bombeiros de Abrantes');
insert into meioApoio values (1, 'Bombeiros de Castelo de Paiva');
insert into meioApoio values (1, 'Bombeiros de Almeirim');
insert into meioApoio values (1, 'Bombeiros de Fornos de Algodres');
insert into meioApoio values (1, 'Bombeiros de Povoacao');
insert into meioApoio values (1, 'Bombeiros de Vila Nova de Gaia');
insert into meioApoio values (1, 'Bombeiros de Alcobaca');
insert into meioApoio values (1, 'Bombeiros de Alter do Chao');
insert into meioApoio values (1, 'Bombeiros de Pedrogao Grande');
insert into meioApoio values (1, 'Bombeiros de Vimioso');
insert into meioApoio values (1, 'Bombeiros de Corvo');
insert into meioApoio values (1, 'Bombeiros de Mourao');
insert into meioApoio values (1, 'Bombeiros de Fundao');
insert into meioApoio values (1, 'Bombeiros de Chaves');
insert into meioApoio values (1, 'Bombeiros de Santa Cruz da Graciosa');
insert into meioApoio values (1, 'Bombeiros de Vizela');
insert into meioApoio values (1, 'Bombeiros de Ilhavo');
insert into meioApoio values (1, 'Bombeiros de Povoa de Lanhoso');
insert into meioApoio values (1, 'Bombeiros de Carregal do Sal');
insert into meioApoio values (1, 'Bombeiros de Sao Vicente');
insert into meioApoio values (1, 'Bombeiros de Carrazeda de Ansiaes');
insert into meioApoio values (1, 'Bombeiros de Porto Moniz');
insert into meioApoio values (1, 'Bombeiros de Torres Novas');
insert into meioApoio values (1, 'Bombeiros de Castelo Branco');
insert into meioApoio values (1, 'Bombeiros de Anadia');
insert into meioApoio values (1, 'Bombeiros de Sousel');
insert into meioApoio values (1, 'Bombeiros de Santiago do Cacem');
insert into meioApoio values (1, 'Bombeiros de Figueiro dos Vinhos');
insert into meioApoio values (1, 'Bombeiros de Satao');
insert into meioApoio values (1, 'Bombeiros de Soure');
insert into meioApoio values (1, 'Bombeiros de Lagos');
insert into meioApoio values (1, 'Bombeiros de Santo Tirso');
insert into meioApoio values (1, 'Bombeiros de Lisboa');
insert into meioApoio values (1, 'Bombeiros de Chamusca');
insert into meioApoio values (1, 'Bombeiros de Covilha');
insert into meioApoio values (1, 'Bombeiros de Vila Pouca de Aguiar');
insert into meioApoio values (1, 'Bombeiros de Mertola');
insert into meioApoio values (1, 'Bombeiros de Barreiro');
insert into meioApoio values (1, 'Bombeiros de Arronches');
insert into meioApoio values (1, 'Bombeiros de Seixal');
insert into meioApoio values (1, 'Bombeiros de Esposende');
insert into meioApoio values (1, 'Bombeiros de Alvito');
insert into meioApoio values (1, 'Bombeiros de Portel');
insert into meioApoio values (1, 'Bombeiros de Lajes das Flores');
insert into meioApoio values (1, 'Bombeiros de Cinfaes');
insert into meioApoio values (1, 'Bombeiros de Macao');
insert into meioApoio values (1, 'Bombeiros de Redondo');
insert into meioApoio values (1, 'Bombeiros de Alcoutim');
insert into meioApoio values (1, 'Bombeiros de Vila de Rei');
insert into meioApoio values (1, 'Bombeiros de Nordeste');
insert into meioApoio values (1, 'Bombeiros de Oliveira do Bairro');
insert into meioApoio values (1, 'Bombeiros de Mealhada');
insert into meioApoio values (1, 'Bombeiros de Celorico da Beira');
insert into meioApoio values (1, 'Bombeiros de Trofa');
insert into meioApoio values (1, 'Bombeiros de Sao Roque do Pico');
insert into meioApoio values (1, 'Bombeiros de Murca');
insert into meioApoio values (1, 'Bombeiros de Castelo de Vide');
insert into meioApoio values (1, 'Bombeiros de Tabua');
insert into meioApoio values (1, 'Bombeiros de Meda');
insert into meioApoio values (1, 'Bombeiros de Lamego');
insert into meioApoio values (1, 'Bombeiros de Armamar');
insert into meioApoio values (1, 'Bombeiros de Paredes de Coura');
insert into meioApoio values (1, 'Bombeiros de Miranda do Douro');
insert into meioApoio values (1, 'Bombeiros de Ferreira do Zezere');
insert into meioApoio values (1, 'Bombeiros de Obidos');
insert into meioApoio values (1, 'Bombeiros de Idanha-a-Nova');
insert into meioApoio values (1, 'Bombeiros de Vagos');
insert into meioApoio values (1, 'Bombeiros de Alvaiazere');
insert into meioApoio values (1, 'Bombeiros de Vila Vicosa');

insert into meioSocorro values (0, 'Bombeiros de Oliveira do Hospital');
insert into meioSocorro values (0, 'Bombeiros de Monchique');
insert into meioSocorro values (0, 'Bombeiros de Albergaria-a-Velha');
insert into meioSocorro values (0, 'Bombeiros de Proenca-a-Nova');
insert into meioSocorro values (0, 'Bombeiros de Valpacos');
insert into meioSocorro values (0, 'Bombeiros de Aljustrel');
insert into meioSocorro values (0, 'Bombeiros de Sao Pedro do Sul');
insert into meioSocorro values (0, 'Bombeiros de Castro Daire');
insert into meioSocorro values (0, 'Bombeiros de Batalha');
insert into meioSocorro values (0, 'Bombeiros de Torres Vedras');
insert into meioSocorro values (0, 'Bombeiros de Sesimbra');
insert into meioSocorro values (0, 'Bombeiros de Tondela');
insert into meioSocorro values (0, 'Bombeiros de Vila Verde');
insert into meioSocorro values (0, 'Bombeiros de Amares');
insert into meioSocorro values (0, 'Bombeiros de Ferreira do Alentejo');
insert into meioSocorro values (0, 'Bombeiros de Penacova');
insert into meioSocorro values (0, 'Bombeiros de Salvaterra de Magos');
insert into meioSocorro values (0, 'Bombeiros de Santarem');
insert into meioSocorro values (0, 'Bombeiros de Alenquer');
insert into meioSocorro values (0, 'Bombeiros de Caldas da Rainha');
insert into meioSocorro values (0, 'Bombeiros de Vila Real');
insert into meioSocorro values (0, 'Bombeiros de Boticas');
insert into meioSocorro values (0, 'Bombeiros de Vila Flor');
insert into meioSocorro values (0, 'Bombeiros de Velas');
insert into meioSocorro values (0, 'Bombeiros de Sardoal');
insert into meioSocorro values (0, 'Bombeiros de Castanheira de Pera');
insert into meioSocorro values (0, 'Bombeiros de Celorico de Basto');
insert into meioSocorro values (0, 'Bombeiros de Belmonte');
insert into meioSocorro values (0, 'Bombeiros de Almada');
insert into meioSocorro values (0, 'Bombeiros de Lourinha');
insert into meioSocorro values (0, 'Bombeiros de Vila do Porto');
insert into meioSocorro values (0, 'Bombeiros de Mira');
insert into meioSocorro values (0, 'Bombeiros de Povoa de Varzim');
insert into meioSocorro values (0, 'Bombeiros de Moura');
insert into meioSocorro values (0, 'Bombeiros de Vila Nova de Famalicao');
insert into meioSocorro values (0, 'Bombeiros de Nisa');
insert into meioSocorro values (0, 'Bombeiros de Gondomar');
insert into meioSocorro values (0, 'Bombeiros de Viana do Castelo');
insert into meioSocorro values (0, 'Bombeiros de Felgueiras');
insert into meioSocorro values (0, 'Bombeiros de Guarda');
insert into meioSocorro values (0, 'Bombeiros de Odivelas');
insert into meioSocorro values (0, 'Bombeiros de Odemira');
insert into meioSocorro values (0, 'Bombeiros de Fafe');
insert into meioSocorro values (0, 'Bombeiros de Ourique');
insert into meioSocorro values (0, 'Bombeiros de Penela');
insert into meioSocorro values (0, 'Bombeiros de Vila Nova de Cerveira');
insert into meioSocorro values (0, 'Bombeiros de Vila Franca do Campo');
insert into meioSocorro values (0, 'Bombeiros de Agueda');
insert into meioSocorro values (0, 'Bombeiros de Marco de Canaveses');
insert into meioSocorro values (0, 'Bombeiros de Arouca');
insert into meioSocorro values (0, 'Bombeiros de Penedono');
insert into meioSocorro values (0, 'Bombeiros de Vila Nova de Paiva');
insert into meioSocorro values (0, 'Bombeiros de Trancoso');
insert into meioSocorro values (0, 'Bombeiros de Sever do Vouga');
insert into meioSocorro values (0, 'Bombeiros de Loures');
insert into meioSocorro values (0, 'Bombeiros de Cantanhede');
insert into meioSocorro values (0, 'Bombeiros de Viana do Alentejo');
insert into meioSocorro values (0, 'Bombeiros de Aljezur');
insert into meioSocorro values (0, 'Bombeiros de Vila Nova de Poiares');
insert into meioSocorro values (0, 'Bombeiros de Evora');
insert into meioSocorro values (0, 'Bombeiros de Alpiarca');
insert into meioSocorro values (0, 'Bombeiros de Marvao');
insert into meioSocorro values (0, 'Bombeiros de Lousada');
insert into meioSocorro values (0, 'Bombeiros de Crato');
insert into meioSocorro values (0, 'Bombeiros de Campo Maior');
insert into meioSocorro values (0, 'Bombeiros de Vinhais');
insert into meioSocorro values (0, 'Bombeiros de Caminha');
insert into meioSocorro values (0, 'Bombeiros de Moita');
insert into meioSocorro values (0, 'Bombeiros de Penafiel');
insert into meioSocorro values (0, 'Bombeiros de Amarante');
insert into meioSocorro values (0, 'Bombeiros de Nelas');
insert into meioSocorro values (0, 'Bombeiros de Alandroal');
insert into meioSocorro values (0, 'Bombeiros de Penalva do Castelo');
insert into meioSocorro values (0, 'Bombeiros de Alijo');
insert into meioSocorro values (0, 'Bombeiros de Cabeceiras de Basto');
insert into meioSocorro values (0, 'Bombeiros de Montemor-o-Velho');
insert into meioSocorro values (0, 'Bombeiros de Cartaxo');
insert into meioSocorro values (0, 'Bombeiros de Aveiro');
insert into meioSocorro values (0, 'Bombeiros de Vila Real de Santo Antonio');
insert into meioSocorro values (0, 'Bombeiros de Espinho');
insert into meioSocorro values (0, 'Bombeiros de Barrancos');
insert into meioSocorro values (0, 'Bombeiros de Coruche');
insert into meioSocorro values (0, 'Bombeiros de Santa Cruz das Flores');
insert into meioSocorro values (0, 'Bombeiros de Moncao');
insert into meioSocorro values (0, 'Bombeiros de Tarouca');
insert into meioSocorro values (0, 'Bombeiros de Mondim de Basto');
insert into meioSocorro values (0, 'Bombeiros de Santa Marta de Penaguiao');
insert into meioSocorro values (0, 'Bombeiros de Pampilhosa da Serra');
insert into meioSocorro values (0, 'Bombeiros de Lagoa');
insert into meioSocorro values (0, 'Bombeiros de Santa Cruz');
insert into meioSocorro values (0, 'Bombeiros de Terras de Bouro');
insert into meioSocorro values (0, 'Bombeiros de Sernancelhe');
insert into meioSocorro values (0, 'Bombeiros de Cuba');
insert into meioSocorro values (0, 'Bombeiros de Alfandega da Fe');
insert into meioSocorro values (0, 'Bombeiros de Ovar');
insert into meioSocorro values (0, 'Bombeiros de Palmela');
insert into meioSocorro values (0, 'Bombeiros de Sobral de Monte Agraco');
insert into meioSocorro values (0, 'Bombeiros de Golega');
insert into meioSocorro values (0, 'Bombeiros de Vieira do Minho');
insert into meioSocorro values (0, 'Bombeiros de Ansiao');
insert into meioSocorro values (0, 'Bombeiros de Beja');
insert into meioSocorro values (0, 'Bombeiros de Arruda dos Vinhos');
insert into meioSocorro values (0, 'Bombeiros de Serpa');
insert into meioSocorro values (0, 'Bombeiros de Vila Nova de Foz Coa');
insert into meioSocorro values (0, 'Bombeiros de Bombarral');
insert into meioSocorro values (0, 'Bombeiros de Maia');
insert into meioSocorro values (0, 'Bombeiros de Alcochete');
insert into meioSocorro values (0, 'Bombeiros de Praia da Vitoria');
insert into meioSocorro values (0, 'Bombeiros de Sabrosa');
insert into meioSocorro values (0, 'Bombeiros de Matosinhos');
insert into meioSocorro values (0, 'Bombeiros de Cascais');
insert into meioSocorro values (0, 'Bombeiros de Mafra');
insert into meioSocorro values (0, 'Bombeiros de Figueira de Castelo Rodrigo');
insert into meioSocorro values (0, 'Bombeiros de Paredes');
insert into meioSocorro values (0, 'Bombeiros de Coimbra');
insert into meioSocorro values (0, 'Bombeiros de Arcos de Valdevez');
insert into meioSocorro values (0, 'Bombeiros de Ribeira de Pena');
insert into meioSocorro values (0, 'Bombeiros de Serta');
insert into meioSocorro values (0, 'Bombeiros de Calheta');
insert into meioSocorro values (0, 'Bombeiros de Oliveira de Azemeis');
insert into meioSocorro values (0, 'Bombeiros de Miranda do Corvo');
insert into meioSocorro values (0, 'Bombeiros de Vila Velha de Rodao');
insert into meioSocorro values (0, 'Bombeiros de Arganil');
insert into meioSocorro values (0, 'Bombeiros de Sabugal');
insert into meioSocorro values (0, 'Bombeiros de Santa Comba Dao');
insert into meioSocorro values (0, 'Bombeiros de Arraiolos');
insert into meioSocorro values (0, 'Bombeiros de Murtosa');
insert into meioSocorro values (0, 'Bombeiros de Guimaraes');
insert into meioSocorro values (0, 'Bombeiros de Vale de Cambra');
insert into meioSocorro values (0, 'Bombeiros de Montalegre');
insert into meioSocorro values (0, 'Bombeiros de Condeixa-a-Nova');
insert into meioSocorro values (0, 'Bombeiros de Vila do Bispo');
insert into meioSocorro values (0, 'Bombeiros de Ourem');
insert into meioSocorro values (0, 'Bombeiros de Loule');
insert into meioSocorro values (0, 'Bombeiros de Braganca');
insert into meioSocorro values (0, 'Bombeiros de Ponte da Barca');
insert into meioSocorro values (0, 'Bombeiros de Constancia');
insert into meioSocorro values (0, 'Bombeiros de Avis');
insert into meioSocorro values (0, 'Bombeiros de Montemor-o-Novo');
insert into meioSocorro values (0, 'Bombeiros de Grandola');
insert into meioSocorro values (0, 'Bombeiros de Abrantes');
insert into meioSocorro values (0, 'Bombeiros de Fronteira');
insert into meioSocorro values (0, 'Bombeiros de Castelo de Paiva');
insert into meioSocorro values (0, 'Bombeiros de Sao Joao da Pesqueira');
insert into meioSocorro values (0, 'Bombeiros de Almeirim');
insert into meioSocorro values (0, 'Bombeiros de Machico');
insert into meioSocorro values (0, 'Bombeiros de Fornos de Algodres');
insert into meioSocorro values (0, 'Bombeiros de Seia');
insert into meioSocorro values (0, 'Bombeiros de Povoacao');
insert into meioSocorro values (0, 'Bombeiros de Marinha Grande');
insert into meioSocorro values (0, 'Bombeiros de Vila Nova de Gaia');
insert into meioSocorro values (0, 'Bombeiros de Figueira da Foz');
insert into meioSocorro values (0, 'Bombeiros de Alcobaca');
insert into meioSocorro values (0, 'Bombeiros de Oliveira de Frades');
insert into meioSocorro values (0, 'Bombeiros de Alter do Chao');
insert into meioSocorro values (0, 'Bombeiros de Freixo de Espada a Cinta');
insert into meioSocorro values (0, 'Bombeiros de Pedrogao Grande');
insert into meioSocorro values (0, 'Bombeiros de Tavira');
insert into meioSocorro values (0, 'Bombeiros de Vimioso');
insert into meioSocorro values (0, 'Bombeiros de Baiao');
insert into meioSocorro values (0, 'Bombeiros de Corvo');
insert into meioSocorro values (0, 'Bombeiros de Rio Maior');
insert into meioSocorro values (0, 'Bombeiros de Mourao');
insert into meioSocorro values (0, 'Bombeiros de Monforte');
insert into meioSocorro values (0, 'Bombeiros de Fundao');
insert into meioSocorro values (0, 'Bombeiros de Sao Bras de Alportel');
insert into meioSocorro values (0, 'Bombeiros de Chaves');
insert into meioSocorro values (0, 'Bombeiros de Azambuja');
insert into meioSocorro values (0, 'Bombeiros de Santa Cruz da Graciosa');
insert into meioSocorro values (0, 'Bombeiros de Porto de Mos');
insert into meioSocorro values (0, 'Bombeiros de Vizela');
insert into meioSocorro values (0, 'Bombeiros de Ponta do Sol');
insert into meioSocorro values (0, 'Bombeiros de Ilhavo');
insert into meioSocorro values (0, 'Bombeiros de Vidigueira');
insert into meioSocorro values (0, 'Bombeiros de Povoa de Lanhoso');
insert into meioSocorro values (0, 'Bombeiros de Gois');
insert into meioSocorro values (0, 'Bombeiros de Carregal do Sal');
insert into meioSocorro values (0, 'Bombeiros de Angra do Heroismo');
insert into meioSocorro values (0, 'Bombeiros de Sao Vicente');
insert into meioSocorro values (0, 'Bombeiros de Madalena');
insert into meioSocorro values (0, 'Bombeiros de Carrazeda de Ansiaes');
insert into meioSocorro values (0, 'Bombeiros de Oeiras');
insert into meioSocorro values (0, 'Bombeiros de Porto Moniz');
insert into meioSocorro values (0, 'Bombeiros de Vila Franca de Xira');
insert into meioSocorro values (0, 'Bombeiros de Torres Novas');
insert into meioSocorro values (0, 'Bombeiros de Sintra');
insert into meioSocorro values (0, 'Bombeiros de Castelo Branco');
insert into meioSocorro values (0, 'Bombeiros de Valongo');
insert into meioSocorro values (0, 'Bombeiros de Anadia');
insert into meioSocorro values (0, 'Bombeiros de Leiria');
insert into meioSocorro values (0, 'Bombeiros de Sousel');
insert into meioSocorro values (0, 'Bombeiros de Camara de Lobos');
insert into meioSocorro values (0, 'Bombeiros de Santiago do Cacem');
insert into meioSocorro values (0, 'Bombeiros de Cadaval');
insert into meioSocorro values (0, 'Bombeiros de Figueiro dos Vinhos');
insert into meioSocorro values (0, 'Bombeiros de Lousa');
insert into meioSocorro values (0, 'Bombeiros de Satao');
insert into meioSocorro values (0, 'Bombeiros de Almeida');
insert into meioSocorro values (0, 'Bombeiros de Soure');
insert into meioSocorro values (0, 'Bombeiros de Castro Marim');
insert into meioSocorro values (0, 'Bombeiros de Lagos');
insert into meioSocorro values (0, 'Bombeiros de Aguiar da Beira');
insert into meioSocorro values (0, 'Bombeiros de Santo Tirso');
insert into meioSocorro values (0, 'Bombeiros de Mortagua');
insert into meioSocorro values (0, 'Bombeiros de Lisboa');
insert into meioSocorro values (0, 'Bombeiros de Vila Nova da Barquinha');
insert into meioSocorro values (0, 'Bombeiros de Chamusca');
insert into meioSocorro values (0, 'Bombeiros de Alcacer do Sal');
insert into meioSocorro values (0, 'Bombeiros de Covilha');
insert into meioSocorro values (0, 'Bombeiros de Viseu');
insert into meioSocorro values (0, 'Bombeiros de Vila Pouca de Aguiar');
insert into meioSocorro values (0, 'Bombeiros de Ribeira Grande');
insert into meioSocorro values (0, 'Bombeiros de Mertola');
insert into meioSocorro values (0, 'Bombeiros de Almodovar');
insert into meioSocorro values (0, 'Bombeiros de Barreiro');
insert into meioSocorro values (0, 'Bombeiros de Ponta Delgada');
insert into meioSocorro values (0, 'Bombeiros de Arronches');
insert into meioSocorro values (0, 'Bombeiros de Mora');
insert into meioSocorro values (0, 'Bombeiros de Seixal');
insert into meioSocorro values (0, 'Bombeiros de Pombal');
insert into meioSocorro values (0, 'Bombeiros de Esposende');
insert into meioSocorro values (0, 'Bombeiros de Manteigas');
insert into meioSocorro values (0, 'Bombeiros de Alvito');
insert into meioSocorro values (0, 'Bombeiros de Castro Verde');
insert into meioSocorro values (0, 'Bombeiros de Portel');
insert into meioSocorro values (0, 'Bombeiros de Oleiros');
insert into meioSocorro values (0, 'Bombeiros de Lajes das Flores');
insert into meioSocorro values (0, 'Bombeiros de Silves');
insert into meioSocorro values (0, 'Bombeiros de Cinfaes');
insert into meioSocorro values (0, 'Bombeiros de Vouzela');
insert into meioSocorro values (0, 'Bombeiros de Macao');
insert into meioSocorro values (0, 'Bombeiros de Resende');
insert into meioSocorro values (0, 'Bombeiros de Redondo');
insert into meioSocorro values (0, 'Bombeiros de Alcanena');
insert into meioSocorro values (0, 'Bombeiros de Alcoutim');
insert into meioSocorro values (0, 'Bombeiros de Lajes do Pico');
insert into meioSocorro values (0, 'Bombeiros de Vila de Rei');
insert into meioSocorro values (0, 'Bombeiros de Penamacor');
insert into meioSocorro values (0, 'Bombeiros de Nordeste');
insert into meioSocorro values (0, 'Bombeiros de Mogadouro');
insert into meioSocorro values (0, 'Bombeiros de Oliveira do Bairro');
insert into meioSocorro values (0, 'Bombeiros de Estarreja');
insert into meioSocorro values (0, 'Bombeiros de Mealhada');
insert into meioSocorro values (0, 'Bombeiros de Tabuaco');
insert into meioSocorro values (0, 'Bombeiros de Celorico da Beira');
insert into meioSocorro values (0, 'Bombeiros de Pacos de Ferreira');
insert into meioSocorro values (0, 'Bombeiros de Trofa');
insert into meioSocorro values (0, 'Bombeiros de Nazare');
insert into meioSocorro values (0, 'Bombeiros de Sao Roque do Pico');
insert into meioSocorro values (0, 'Bombeiros de Olhao');
insert into meioSocorro values (0, 'Bombeiros de Murca');
insert into meioSocorro values (0, 'Bombeiros de Mesao Frio');
insert into meioSocorro values (0, 'Bombeiros de Castelo de Vide');
insert into meioSocorro values (0, 'Bombeiros de Torre de Moncorvo');
insert into meioSocorro values (0, 'Bombeiros de Tabua');
insert into meioSocorro values (0, 'Bombeiros de Mirandela');
insert into meioSocorro values (0, 'Bombeiros de Meda');
insert into meioSocorro values (0, 'Bombeiros de Peniche');
insert into meioSocorro values (0, 'Bombeiros de Lamego');
insert into meioSocorro values (0, 'Bombeiros de Santa Maria da Feira');
insert into meioSocorro values (0, 'Bombeiros de Armamar');
insert into meioSocorro values (0, 'Bombeiros de Ponte de Lima');
insert into meioSocorro values (0, 'Bombeiros de Paredes de Coura');
insert into meioSocorro values (0, 'Bombeiros de Gouveia');
insert into meioSocorro values (0, 'Bombeiros de Miranda do Douro');
insert into meioSocorro values (0, 'Bombeiros de Moimenta da Beira');
insert into meioSocorro values (0, 'Bombeiros de Ferreira do Zezere');
insert into meioSocorro values (0, 'Bombeiros de Portimao');
insert into meioSocorro values (0, 'Bombeiros de Obidos');
insert into meioSocorro values (0, 'Bombeiros de Ribeira Brava');
insert into meioSocorro values (0, 'Bombeiros de Idanha-a-Nova');
insert into meioSocorro values (0, 'Bombeiros de Gaviao');
insert into meioSocorro values (0, 'Bombeiros de Vagos');
insert into meioSocorro values (0, 'Bombeiros de Benavente');
insert into meioSocorro values (0, 'Bombeiros de Alvaiazere');
insert into meioSocorro values (0, 'Bombeiros de Melgaco');
insert into meioSocorro values (0, 'Bombeiros de Vila Vicosa');

insert into transporta values (0, 'Bombeiros de Oliveira do Hospital', 5, 0);
insert into transporta values (0, 'Bombeiros de Albergaria-a-Velha', 5, 2);
insert into transporta values (0, 'Bombeiros de Valpacos', 4, 4);
insert into transporta values (0, 'Bombeiros de Sao Pedro do Sul', 4, 6);
insert into transporta values (0, 'Bombeiros de Batalha', 1, 8);
insert into transporta values (0, 'Bombeiros de Sesimbra', 5, 10);
insert into transporta values (0, 'Bombeiros de Vila Verde', 1, 12);
insert into transporta values (0, 'Bombeiros de Ferreira do Alentejo', 5, 14);
insert into transporta values (0, 'Bombeiros de Salvaterra de Magos', 1, 16);
insert into transporta values (0, 'Bombeiros de Alenquer', 5, 18);
insert into transporta values (0, 'Bombeiros de Vila Real', 5, 20);
insert into transporta values (0, 'Bombeiros de Vila Flor', 5, 22);
insert into transporta values (0, 'Bombeiros de Sardoal', 2, 24);
insert into transporta values (0, 'Bombeiros de Celorico de Basto', 3, 26);
insert into transporta values (0, 'Bombeiros de Almada', 2, 28);
insert into transporta values (0, 'Bombeiros de Vila do Porto', 3, 30);
insert into transporta values (0, 'Bombeiros de Povoa de Varzim', 3, 32);
insert into transporta values (0, 'Bombeiros de Vila Nova de Famalicao', 2, 34);
insert into transporta values (0, 'Bombeiros de Gondomar', 5, 36);
insert into transporta values (0, 'Bombeiros de Felgueiras', 3, 38);
insert into transporta values (0, 'Bombeiros de Odivelas', 2, 40);
insert into transporta values (0, 'Bombeiros de Fafe', 5, 42);
insert into transporta values (0, 'Bombeiros de Penela', 4, 44);
insert into transporta values (0, 'Bombeiros de Vila Franca do Campo', 4, 46);
insert into transporta values (0, 'Bombeiros de Marco de Canaveses', 1, 48);
insert into transporta values (0, 'Bombeiros de Penedono', 2, 50);
insert into transporta values (0, 'Bombeiros de Trancoso', 5, 52);
insert into transporta values (0, 'Bombeiros de Loures', 1, 54);
insert into transporta values (0, 'Bombeiros de Viana do Alentejo', 5, 56);
insert into transporta values (0, 'Bombeiros de Vila Nova de Poiares', 5, 58);
insert into transporta values (0, 'Bombeiros de Alpiarca', 1, 60);
insert into transporta values (0, 'Bombeiros de Lousada', 1, 62);
insert into transporta values (0, 'Bombeiros de Campo Maior', 3, 64);
insert into transporta values (0, 'Bombeiros de Caminha', 5, 66);
insert into transporta values (0, 'Bombeiros de Penafiel', 1, 68);
insert into transporta values (0, 'Bombeiros de Nelas', 4, 70);
insert into transporta values (0, 'Bombeiros de Penalva do Castelo', 4, 72);
insert into transporta values (0, 'Bombeiros de Cabeceiras de Basto', 5, 74);
insert into transporta values (0, 'Bombeiros de Cartaxo', 5, 76);
insert into transporta values (0, 'Bombeiros de Vila Real de Santo Antonio', 1, 78);
insert into transporta values (0, 'Bombeiros de Barrancos', 1, 80);
insert into transporta values (0, 'Bombeiros de Santa Cruz das Flores', 5, 82);
insert into transporta values (0, 'Bombeiros de Tarouca', 3, 84);
insert into transporta values (0, 'Bombeiros de Santa Marta de Penaguiao', 3, 86);
insert into transporta values (0, 'Bombeiros de Lagoa', 1, 88);
insert into transporta values (0, 'Bombeiros de Terras de Bouro', 4, 90);
insert into transporta values (0, 'Bombeiros de Cuba', 2, 92);
insert into transporta values (0, 'Bombeiros de Ovar', 4, 94);
insert into transporta values (0, 'Bombeiros de Sobral de Monte Agraco', 3, 96);
insert into transporta values (0, 'Bombeiros de Vieira do Minho', 3, 98);
insert into transporta values (0, 'Bombeiros de Beja', 4, 0);
insert into transporta values (0, 'Bombeiros de Serpa', 5, 2);
insert into transporta values (0, 'Bombeiros de Bombarral', 2, 4);
insert into transporta values (0, 'Bombeiros de Alcochete', 3, 6);
insert into transporta values (0, 'Bombeiros de Sabrosa', 4, 8);
insert into transporta values (0, 'Bombeiros de Cascais', 2, 10);
insert into transporta values (0, 'Bombeiros de Figueira de Castelo Rodrigo', 1, 12);
insert into transporta values (0, 'Bombeiros de Coimbra', 4, 14);
insert into transporta values (0, 'Bombeiros de Ribeira de Pena', 2, 16);
insert into transporta values (0, 'Bombeiros de Calheta', 1, 18);
insert into transporta values (0, 'Bombeiros de Miranda do Corvo', 4, 20);
insert into transporta values (0, 'Bombeiros de Arganil', 1, 22);
insert into transporta values (0, 'Bombeiros de Santa Comba Dao', 1, 24);
insert into transporta values (0, 'Bombeiros de Murtosa', 3, 26);
insert into transporta values (0, 'Bombeiros de Vale de Cambra', 2, 28);
insert into transporta values (0, 'Bombeiros de Condeixa-a-Nova', 3, 30);
insert into transporta values (0, 'Bombeiros de Ourem', 4, 32);
insert into transporta values (0, 'Bombeiros de Braganca', 3, 34);
insert into transporta values (0, 'Bombeiros de Constancia', 1, 36);
insert into transporta values (0, 'Bombeiros de Montemor-o-Novo', 3, 38);
insert into transporta values (0, 'Bombeiros de Abrantes', 2, 40);
insert into transporta values (0, 'Bombeiros de Castelo de Paiva', 1, 42);
insert into transporta values (0, 'Bombeiros de Almeirim', 5, 44);
insert into transporta values (0, 'Bombeiros de Fornos de Algodres', 5, 46);
insert into transporta values (0, 'Bombeiros de Povoacao', 4, 48);
insert into transporta values (0, 'Bombeiros de Vila Nova de Gaia', 3, 50);
insert into transporta values (0, 'Bombeiros de Alcobaca', 1, 52);
insert into transporta values (0, 'Bombeiros de Alter do Chao', 4, 54);
insert into transporta values (0, 'Bombeiros de Pedrogao Grande', 4, 56);
insert into transporta values (0, 'Bombeiros de Vimioso', 4, 58);
insert into transporta values (0, 'Bombeiros de Corvo', 3, 60);
insert into transporta values (0, 'Bombeiros de Mourao', 2, 62);
insert into transporta values (0, 'Bombeiros de Fundao', 5, 64);
insert into transporta values (0, 'Bombeiros de Chaves', 4, 66);
insert into transporta values (0, 'Bombeiros de Santa Cruz da Graciosa', 1, 68);
insert into transporta values (0, 'Bombeiros de Vizela', 1, 70);
insert into transporta values (0, 'Bombeiros de Ilhavo', 2, 72);
insert into transporta values (0, 'Bombeiros de Povoa de Lanhoso', 4, 74);
insert into transporta values (0, 'Bombeiros de Carregal do Sal', 5, 76);
insert into transporta values (0, 'Bombeiros de Sao Vicente', 1, 78);
insert into transporta values (0, 'Bombeiros de Carrazeda de Ansiaes', 2, 80);
insert into transporta values (0, 'Bombeiros de Porto Moniz', 1, 82);
insert into transporta values (0, 'Bombeiros de Torres Novas', 5, 84);
insert into transporta values (0, 'Bombeiros de Castelo Branco', 1, 86);
insert into transporta values (0, 'Bombeiros de Anadia', 4, 88);
insert into transporta values (0, 'Bombeiros de Sousel', 5, 90);
insert into transporta values (0, 'Bombeiros de Santiago do Cacem', 2, 92);
insert into transporta values (0, 'Bombeiros de Figueiro dos Vinhos', 5, 94);
insert into transporta values (0, 'Bombeiros de Satao', 3, 96);
insert into transporta values (0, 'Bombeiros de Soure', 4, 98);
insert into transporta values (0, 'Bombeiros de Lagos', 2, 0);
insert into transporta values (0, 'Bombeiros de Santo Tirso', 5, 2);
insert into transporta values (0, 'Bombeiros de Lisboa', 5, 4);
insert into transporta values (0, 'Bombeiros de Chamusca', 3, 6);
insert into transporta values (0, 'Bombeiros de Covilha', 5, 8);
insert into transporta values (0, 'Bombeiros de Vila Pouca de Aguiar', 5, 10);
insert into transporta values (0, 'Bombeiros de Mertola', 1, 12);
insert into transporta values (0, 'Bombeiros de Barreiro', 1, 14);
insert into transporta values (0, 'Bombeiros de Arronches', 3, 16);
insert into transporta values (0, 'Bombeiros de Seixal', 1, 18);
insert into transporta values (0, 'Bombeiros de Esposende', 4, 20);
insert into transporta values (0, 'Bombeiros de Alvito', 2, 22);
insert into transporta values (0, 'Bombeiros de Portel', 2, 24);
insert into transporta values (0, 'Bombeiros de Lajes das Flores', 2, 26);
insert into transporta values (0, 'Bombeiros de Cinfaes', 4, 28);
insert into transporta values (0, 'Bombeiros de Macao', 4, 30);
insert into transporta values (0, 'Bombeiros de Redondo', 4, 32);
insert into transporta values (0, 'Bombeiros de Alcoutim', 3, 34);
insert into transporta values (0, 'Bombeiros de Vila de Rei', 1, 36);
insert into transporta values (0, 'Bombeiros de Nordeste', 2, 38);
insert into transporta values (0, 'Bombeiros de Oliveira do Bairro', 5, 40);
insert into transporta values (0, 'Bombeiros de Mealhada', 1, 42);
insert into transporta values (0, 'Bombeiros de Celorico da Beira', 2, 44);
insert into transporta values (0, 'Bombeiros de Trofa', 5, 46);
insert into transporta values (0, 'Bombeiros de Sao Roque do Pico', 2, 48);
insert into transporta values (0, 'Bombeiros de Murca', 3, 50);
insert into transporta values (0, 'Bombeiros de Castelo de Vide', 3, 52);
insert into transporta values (0, 'Bombeiros de Tabua', 4, 54);
insert into transporta values (0, 'Bombeiros de Meda', 2, 56);
insert into transporta values (0, 'Bombeiros de Lamego', 1, 58);
insert into transporta values (0, 'Bombeiros de Armamar', 4, 60);
insert into transporta values (0, 'Bombeiros de Paredes de Coura', 3, 62);
insert into transporta values (0, 'Bombeiros de Miranda do Douro', 2, 64);
insert into transporta values (0, 'Bombeiros de Ferreira do Zezere', 2, 66);
insert into transporta values (0, 'Bombeiros de Obidos', 1, 68);
insert into transporta values (0, 'Bombeiros de Idanha-a-Nova', 3, 70);
insert into transporta values (0, 'Bombeiros de Vagos', 3, 72);
insert into transporta values (0, 'Bombeiros de Alvaiazere', 2, 74);
insert into transporta values (0, 'Bombeiros de Vila Vicosa', 2, 76);

insert into alocado values (1, 'Bombeiros de Oliveira do Hospital', 3, 0);
insert into alocado values (1, 'Bombeiros de Albergaria-a-Velha', 28, 2);
insert into alocado values (1, 'Bombeiros de Valpacos', 15, 4);
insert into alocado values (1, 'Bombeiros de Sao Pedro do Sul', 13, 6);
insert into alocado values (1, 'Bombeiros de Batalha', 30, 8);
insert into alocado values (1, 'Bombeiros de Sesimbra', 6, 10);
insert into alocado values (1, 'Bombeiros de Vila Verde', 25, 12);
insert into alocado values (1, 'Bombeiros de Ferreira do Alentejo', 12, 14);
insert into alocado values (1, 'Bombeiros de Salvaterra de Magos', 19, 16);
insert into alocado values (1, 'Bombeiros de Alenquer', 19, 18);
insert into alocado values (1, 'Bombeiros de Vila Real', 23, 20);
insert into alocado values (1, 'Bombeiros de Vila Flor', 26, 22);
insert into alocado values (1, 'Bombeiros de Sardoal', 7, 24);
insert into alocado values (1, 'Bombeiros de Celorico de Basto', 11, 26);
insert into alocado values (1, 'Bombeiros de Almada', 9, 28);
insert into alocado values (1, 'Bombeiros de Vila do Porto', 2, 30);
insert into alocado values (1, 'Bombeiros de Povoa de Varzim', 17, 32);
insert into alocado values (1, 'Bombeiros de Vila Nova de Famalicao', 25, 34);
insert into alocado values (1, 'Bombeiros de Gondomar', 0, 36);
insert into alocado values (1, 'Bombeiros de Felgueiras', 10, 38);
insert into alocado values (1, 'Bombeiros de Odivelas', 6, 40);
insert into alocado values (1, 'Bombeiros de Fafe', 19, 42);
insert into alocado values (1, 'Bombeiros de Penela', 16, 44);
insert into alocado values (1, 'Bombeiros de Vila Franca do Campo', 16, 46);
insert into alocado values (1, 'Bombeiros de Marco de Canaveses', 13, 48);
insert into alocado values (1, 'Bombeiros de Penedono', 22, 50);
insert into alocado values (1, 'Bombeiros de Trancoso', 19, 52);
insert into alocado values (1, 'Bombeiros de Loures', 17, 54);
insert into alocado values (1, 'Bombeiros de Viana do Alentejo', 8, 56);
insert into alocado values (1, 'Bombeiros de Vila Nova de Poiares', 29, 58);
insert into alocado values (1, 'Bombeiros de Alpiarca', 16, 60);
insert into alocado values (1, 'Bombeiros de Lousada', 19, 62);
insert into alocado values (1, 'Bombeiros de Campo Maior', 30, 64);
insert into alocado values (1, 'Bombeiros de Caminha', 16, 66);
insert into alocado values (1, 'Bombeiros de Penafiel', 28, 68);
insert into alocado values (1, 'Bombeiros de Nelas', 15, 70);
insert into alocado values (1, 'Bombeiros de Penalva do Castelo', 21, 72);
insert into alocado values (1, 'Bombeiros de Cabeceiras de Basto', 24, 74);
insert into alocado values (1, 'Bombeiros de Cartaxo', 23, 76);
insert into alocado values (1, 'Bombeiros de Vila Real de Santo Antonio', 19, 78);
insert into alocado values (1, 'Bombeiros de Barrancos', 3, 80);
insert into alocado values (1, 'Bombeiros de Santa Cruz das Flores', 27, 82);
insert into alocado values (1, 'Bombeiros de Tarouca', 30, 84);
insert into alocado values (1, 'Bombeiros de Santa Marta de Penaguiao', 20, 86);
insert into alocado values (1, 'Bombeiros de Lagoa', 6, 88);
insert into alocado values (1, 'Bombeiros de Terras de Bouro', 12, 90);
insert into alocado values (1, 'Bombeiros de Cuba', 14, 92);
insert into alocado values (1, 'Bombeiros de Ovar', 7, 94);
insert into alocado values (1, 'Bombeiros de Sobral de Monte Agraco', 3, 96);
insert into alocado values (1, 'Bombeiros de Vieira do Minho', 17, 98);
insert into alocado values (1, 'Bombeiros de Beja', 16, 0);
insert into alocado values (1, 'Bombeiros de Serpa', 4, 2);
insert into alocado values (1, 'Bombeiros de Bombarral', 8, 4);
insert into alocado values (1, 'Bombeiros de Alcochete', 12, 6);
insert into alocado values (1, 'Bombeiros de Sabrosa', 7, 8);
insert into alocado values (1, 'Bombeiros de Cascais', 27, 10);
insert into alocado values (1, 'Bombeiros de Figueira de Castelo Rodrigo', 2, 12);
insert into alocado values (1, 'Bombeiros de Coimbra', 17, 14);
insert into alocado values (1, 'Bombeiros de Ribeira de Pena', 18, 16);
insert into alocado values (1, 'Bombeiros de Calheta', 8, 18);
insert into alocado values (1, 'Bombeiros de Miranda do Corvo', 13, 20);
insert into alocado values (1, 'Bombeiros de Arganil', 18, 22);
insert into alocado values (1, 'Bombeiros de Santa Comba Dao', 15, 24);
insert into alocado values (1, 'Bombeiros de Murtosa', 21, 26);
insert into alocado values (1, 'Bombeiros de Vale de Cambra', 10, 28);
insert into alocado values (1, 'Bombeiros de Condeixa-a-Nova', 28, 30);
insert into alocado values (1, 'Bombeiros de Ourem', 10, 32);
insert into alocado values (1, 'Bombeiros de Braganca', 13, 34);
insert into alocado values (1, 'Bombeiros de Constancia', 21, 36);
insert into alocado values (1, 'Bombeiros de Montemor-o-Novo', 16, 38);
insert into alocado values (1, 'Bombeiros de Abrantes', 4, 40);
insert into alocado values (1, 'Bombeiros de Castelo de Paiva', 23, 42);
insert into alocado values (1, 'Bombeiros de Almeirim', 23, 44);
insert into alocado values (1, 'Bombeiros de Fornos de Algodres', 14, 46);
insert into alocado values (1, 'Bombeiros de Povoacao', 20, 48);
insert into alocado values (1, 'Bombeiros de Vila Nova de Gaia', 12, 50);
insert into alocado values (1, 'Bombeiros de Alcobaca', 29, 52);
insert into alocado values (1, 'Bombeiros de Alter do Chao', 10, 54);
insert into alocado values (1, 'Bombeiros de Pedrogao Grande', 19, 56);
insert into alocado values (1, 'Bombeiros de Vimioso', 3, 58);
insert into alocado values (1, 'Bombeiros de Corvo', 14, 60);
insert into alocado values (1, 'Bombeiros de Mourao', 22, 62);
insert into alocado values (1, 'Bombeiros de Fundao', 22, 64);
insert into alocado values (1, 'Bombeiros de Chaves', 2, 66);
insert into alocado values (1, 'Bombeiros de Santa Cruz da Graciosa', 28, 68);
insert into alocado values (1, 'Bombeiros de Vizela', 27, 70);
insert into alocado values (1, 'Bombeiros de Ilhavo', 28, 72);
insert into alocado values (1, 'Bombeiros de Povoa de Lanhoso', 9, 74);
insert into alocado values (1, 'Bombeiros de Carregal do Sal', 26, 76);
insert into alocado values (1, 'Bombeiros de Sao Vicente', 28, 78);
insert into alocado values (1, 'Bombeiros de Carrazeda de Ansiaes', 9, 80);
insert into alocado values (1, 'Bombeiros de Porto Moniz', 16, 82);
insert into alocado values (1, 'Bombeiros de Torres Novas', 2, 84);
insert into alocado values (1, 'Bombeiros de Castelo Branco', 25, 86);
insert into alocado values (1, 'Bombeiros de Anadia', 26, 88);
insert into alocado values (1, 'Bombeiros de Sousel', 29, 90);
insert into alocado values (1, 'Bombeiros de Santiago do Cacem', 22, 92);
insert into alocado values (1, 'Bombeiros de Figueiro dos Vinhos', 17, 94);
insert into alocado values (1, 'Bombeiros de Satao', 16, 96);
insert into alocado values (1, 'Bombeiros de Soure', 15, 98);

insert into acciona values (0, 'Exercito', 0);
insert into acciona values (0, 'Exercito', 0);
insert into acciona values (1, 'Exercito', 1);
insert into acciona values (2, 'Exercito', 2);
insert into acciona values (3, 'Exercito', 3);
insert into acciona values (4, 'Exercito', 4);
insert into acciona values (5, 'Exercito', 5);
insert into acciona values (1, 'Exercito', 1);
insert into acciona values (6, 'Exercito', 6);
insert into acciona values (7, 'Exercito', 7);
insert into acciona values (8, 'Exercito', 8);
insert into acciona values (9, 'Exercito', 9);
insert into acciona values (10, 'Exercito', 10);
insert into acciona values (2, 'Exercito', 2);
insert into acciona values (11, 'Exercito', 11);
insert into acciona values (12, 'Exercito', 12);
insert into acciona values (13, 'Exercito', 13);
insert into acciona values (14, 'Exercito', 14);
insert into acciona values (15, 'Exercito', 15);
insert into acciona values (3, 'Exercito', 3);
insert into acciona values (16, 'Exercito', 16);
insert into acciona values (17, 'Exercito', 17);
insert into acciona values (18, 'Exercito', 18);
insert into acciona values (19, 'Exercito', 19);
insert into acciona values (20, 'Exercito', 20);
insert into acciona values (4, 'Exercito', 4);
insert into acciona values (21, 'Exercito', 21);
insert into acciona values (22, 'Exercito', 22);
insert into acciona values (23, 'Exercito', 23);
insert into acciona values (24, 'Exercito', 24);
insert into acciona values (25, 'Exercito', 25);
insert into acciona values (5, 'Exercito', 5);
insert into acciona values (26, 'Exercito', 26);
insert into acciona values (27, 'Exercito', 27);
insert into acciona values (28, 'Exercito', 28);
insert into acciona values (29, 'Exercito', 29);
insert into acciona values (30, 'Exercito', 30);
insert into acciona values (6, 'Exercito', 6);
insert into acciona values (31, 'Exercito', 31);
insert into acciona values (32, 'Exercito', 32);
insert into acciona values (33, 'Exercito', 33);
insert into acciona values (34, 'Exercito', 34);
insert into acciona values (35, 'Exercito', 35);
insert into acciona values (7, 'Exercito', 7);
insert into acciona values (36, 'Exercito', 36);
insert into acciona values (37, 'Exercito', 37);
insert into acciona values (38, 'Exercito', 38);
insert into acciona values (39, 'Exercito', 39);
insert into acciona values (40, 'Exercito', 40);
insert into acciona values (8, 'Exercito', 8);
insert into acciona values (41, 'Exercito', 41);
insert into acciona values (42, 'Exercito', 42);
insert into acciona values (43, 'Exercito', 43);
insert into acciona values (44, 'Exercito', 44);
insert into acciona values (45, 'Exercito', 45);
insert into acciona values (9, 'Exercito', 9);
insert into acciona values (46, 'Exercito', 46);
insert into acciona values (47, 'Exercito', 47);
insert into acciona values (48, 'Exercito', 48);
insert into acciona values (49, 'Exercito', 49);
insert into acciona values (50, 'Exercito', 50);
insert into acciona values (10, 'Exercito', 10);
insert into acciona values (51, 'Exercito', 51);
insert into acciona values (52, 'Exercito', 52);
insert into acciona values (53, 'Exercito', 53);
insert into acciona values (54, 'Exercito', 54);
insert into acciona values (55, 'Exercito', 55);
insert into acciona values (11, 'Exercito', 11);
insert into acciona values (56, 'Exercito', 56);
insert into acciona values (57, 'Exercito', 57);
insert into acciona values (58, 'Exercito', 58);
insert into acciona values (59, 'Exercito', 59);
insert into acciona values (60, 'Exercito', 60);
insert into acciona values (12, 'Exercito', 12);
insert into acciona values (61, 'Exercito', 61);
insert into acciona values (62, 'Exercito', 62);
insert into acciona values (63, 'Exercito', 63);
insert into acciona values (64, 'Exercito', 64);
insert into acciona values (65, 'Exercito', 65);
insert into acciona values (13, 'Exercito', 13);
insert into acciona values (66, 'Exercito', 66);
insert into acciona values (67, 'Exercito', 67);
insert into acciona values (68, 'Exercito', 68);
insert into acciona values (69, 'Exercito', 69);
insert into acciona values (70, 'Exercito', 70);
insert into acciona values (14, 'Exercito', 14);
insert into acciona values (71, 'Exercito', 71);
insert into acciona values (72, 'Exercito', 72);
insert into acciona values (73, 'Exercito', 73);
insert into acciona values (74, 'Exercito', 74);
insert into acciona values (75, 'Exercito', 75);
insert into acciona values (15, 'Exercito', 15);
insert into acciona values (76, 'Exercito', 76);
insert into acciona values (77, 'Exercito', 77);
insert into acciona values (78, 'Exercito', 78);
insert into acciona values (79, 'Exercito', 79);
insert into acciona values (80, 'Exercito', 80);
insert into acciona values (16, 'Exercito', 16);
insert into acciona values (81, 'Exercito', 81);
insert into acciona values (82, 'Exercito', 82);
insert into acciona values (83, 'Exercito', 83);
insert into acciona values (84, 'Exercito', 84);
insert into acciona values (85, 'Exercito', 85);
insert into acciona values (17, 'Exercito', 17);
insert into acciona values (86, 'Exercito', 86);
insert into acciona values (87, 'Exercito', 87);
insert into acciona values (88, 'Exercito', 88);
insert into acciona values (89, 'Exercito', 89);
insert into acciona values (90, 'Exercito', 90);
insert into acciona values (18, 'Exercito', 18);
insert into acciona values (91, 'Exercito', 91);
insert into acciona values (92, 'Exercito', 92);
insert into acciona values (93, 'Exercito', 93);
insert into acciona values (94, 'Exercito', 94);
insert into acciona values (95, 'Exercito', 95);
insert into acciona values (19, 'Exercito', 19);
insert into acciona values (96, 'Exercito', 96);
insert into acciona values (97, 'Exercito', 97);
insert into acciona values (98, 'Exercito', 98);
insert into acciona values (99, 'Exercito', 99);
insert into acciona values (0, 'Bombeiros de Oliveira do Hospital', 0);
insert into acciona values (1, 'Bombeiros de Oliveira do Hospital', 0);
insert into acciona values (0, 'Bombeiros de Albergaria-a-Velha', 2);
insert into acciona values (1, 'Bombeiros de Albergaria-a-Velha', 2);
insert into acciona values (0, 'Bombeiros de Valpacos', 4);
insert into acciona values (1, 'Bombeiros de Valpacos', 4);
insert into acciona values (0, 'Bombeiros de Sao Pedro do Sul', 6);
insert into acciona values (1, 'Bombeiros de Sao Pedro do Sul', 6);
insert into acciona values (0, 'Bombeiros de Batalha', 8);
insert into acciona values (1, 'Bombeiros de Batalha', 8);
insert into acciona values (0, 'Bombeiros de Sesimbra', 10);
insert into acciona values (1, 'Bombeiros de Sesimbra', 10);
insert into acciona values (0, 'Bombeiros de Vila Verde', 12);
insert into acciona values (1, 'Bombeiros de Vila Verde', 12);
insert into acciona values (0, 'Bombeiros de Ferreira do Alentejo', 14);
insert into acciona values (1, 'Bombeiros de Ferreira do Alentejo', 14);
insert into acciona values (0, 'Bombeiros de Salvaterra de Magos', 16);
insert into acciona values (1, 'Bombeiros de Salvaterra de Magos', 16);
insert into acciona values (0, 'Bombeiros de Alenquer', 18);
insert into acciona values (1, 'Bombeiros de Alenquer', 18);
insert into acciona values (0, 'Bombeiros de Vila Real', 20);
insert into acciona values (1, 'Bombeiros de Vila Real', 20);
insert into acciona values (0, 'Bombeiros de Vila Flor', 22);
insert into acciona values (1, 'Bombeiros de Vila Flor', 22);
insert into acciona values (0, 'Bombeiros de Sardoal', 24);
insert into acciona values (1, 'Bombeiros de Sardoal', 24);
insert into acciona values (0, 'Bombeiros de Celorico de Basto', 26);
insert into acciona values (1, 'Bombeiros de Celorico de Basto', 26);
insert into acciona values (0, 'Bombeiros de Almada', 28);
insert into acciona values (1, 'Bombeiros de Almada', 28);
insert into acciona values (0, 'Bombeiros de Vila do Porto', 30);
insert into acciona values (1, 'Bombeiros de Vila do Porto', 30);
insert into acciona values (0, 'Bombeiros de Povoa de Varzim', 32);
insert into acciona values (1, 'Bombeiros de Povoa de Varzim', 32);
insert into acciona values (0, 'Bombeiros de Vila Nova de Famalicao', 34);
insert into acciona values (1, 'Bombeiros de Vila Nova de Famalicao', 34);
insert into acciona values (0, 'Bombeiros de Gondomar', 36);
insert into acciona values (1, 'Bombeiros de Gondomar', 36);
insert into acciona values (0, 'Bombeiros de Felgueiras', 38);
insert into acciona values (1, 'Bombeiros de Felgueiras', 38);
insert into acciona values (0, 'Bombeiros de Odivelas', 40);
insert into acciona values (1, 'Bombeiros de Odivelas', 40);
insert into acciona values (0, 'Bombeiros de Fafe', 42);
insert into acciona values (1, 'Bombeiros de Fafe', 42);
insert into acciona values (0, 'Bombeiros de Penela', 44);
insert into acciona values (1, 'Bombeiros de Penela', 44);
insert into acciona values (0, 'Bombeiros de Vila Franca do Campo', 46);
insert into acciona values (1, 'Bombeiros de Vila Franca do Campo', 46);
insert into acciona values (0, 'Bombeiros de Marco de Canaveses', 48);
insert into acciona values (1, 'Bombeiros de Marco de Canaveses', 48);
insert into acciona values (0, 'Bombeiros de Penedono', 50);
insert into acciona values (1, 'Bombeiros de Penedono', 50);
insert into acciona values (0, 'Bombeiros de Trancoso', 52);
insert into acciona values (1, 'Bombeiros de Trancoso', 52);
insert into acciona values (0, 'Bombeiros de Loures', 54);
insert into acciona values (1, 'Bombeiros de Loures', 54);
insert into acciona values (0, 'Bombeiros de Viana do Alentejo', 56);
insert into acciona values (1, 'Bombeiros de Viana do Alentejo', 56);
insert into acciona values (0, 'Bombeiros de Vila Nova de Poiares', 58);
insert into acciona values (1, 'Bombeiros de Vila Nova de Poiares', 58);
insert into acciona values (0, 'Bombeiros de Alpiarca', 60);
insert into acciona values (1, 'Bombeiros de Alpiarca', 60);
insert into acciona values (0, 'Bombeiros de Lousada', 62);
insert into acciona values (1, 'Bombeiros de Lousada', 62);
insert into acciona values (0, 'Bombeiros de Campo Maior', 64);
insert into acciona values (1, 'Bombeiros de Campo Maior', 64);
insert into acciona values (0, 'Bombeiros de Caminha', 66);
insert into acciona values (1, 'Bombeiros de Caminha', 66);
insert into acciona values (0, 'Bombeiros de Penafiel', 68);
insert into acciona values (1, 'Bombeiros de Penafiel', 68);
insert into acciona values (0, 'Bombeiros de Nelas', 70);
insert into acciona values (1, 'Bombeiros de Nelas', 70);
insert into acciona values (0, 'Bombeiros de Penalva do Castelo', 72);
insert into acciona values (1, 'Bombeiros de Penalva do Castelo', 72);
insert into acciona values (0, 'Bombeiros de Cabeceiras de Basto', 74);
insert into acciona values (1, 'Bombeiros de Cabeceiras de Basto', 74);
insert into acciona values (0, 'Bombeiros de Cartaxo', 76);
insert into acciona values (1, 'Bombeiros de Cartaxo', 76);
insert into acciona values (0, 'Bombeiros de Vila Real de Santo Antonio', 78);
insert into acciona values (1, 'Bombeiros de Vila Real de Santo Antonio', 78);
insert into acciona values (0, 'Bombeiros de Barrancos', 80);
insert into acciona values (1, 'Bombeiros de Barrancos', 80);
insert into acciona values (0, 'Bombeiros de Santa Cruz das Flores', 82);
insert into acciona values (1, 'Bombeiros de Santa Cruz das Flores', 82);
insert into acciona values (0, 'Bombeiros de Tarouca', 84);
insert into acciona values (1, 'Bombeiros de Tarouca', 84);
insert into acciona values (0, 'Bombeiros de Santa Marta de Penaguiao', 86);
insert into acciona values (1, 'Bombeiros de Santa Marta de Penaguiao', 86);
insert into acciona values (0, 'Bombeiros de Lagoa', 88);
insert into acciona values (1, 'Bombeiros de Lagoa', 88);
insert into acciona values (0, 'Bombeiros de Terras de Bouro', 90);
insert into acciona values (1, 'Bombeiros de Terras de Bouro', 90);
insert into acciona values (0, 'Bombeiros de Cuba', 92);
insert into acciona values (1, 'Bombeiros de Cuba', 92);
insert into acciona values (0, 'Bombeiros de Ovar', 94);
insert into acciona values (1, 'Bombeiros de Ovar', 94);
insert into acciona values (0, 'Bombeiros de Sobral de Monte Agraco', 96);
insert into acciona values (1, 'Bombeiros de Sobral de Monte Agraco', 96);
insert into acciona values (0, 'Bombeiros de Vieira do Minho', 98);
insert into acciona values (1, 'Bombeiros de Vieira do Minho', 98);
insert into acciona values (0, 'Bombeiros de Beja', 0);
insert into acciona values (1, 'Bombeiros de Beja', 0);
insert into acciona values (0, 'Bombeiros de Serpa', 2);
insert into acciona values (1, 'Bombeiros de Serpa', 2);
insert into acciona values (0, 'Bombeiros de Bombarral', 4);
insert into acciona values (1, 'Bombeiros de Bombarral', 4);
insert into acciona values (0, 'Bombeiros de Alcochete', 6);
insert into acciona values (1, 'Bombeiros de Alcochete', 6);
insert into acciona values (0, 'Bombeiros de Sabrosa', 8);
insert into acciona values (1, 'Bombeiros de Sabrosa', 8);
insert into acciona values (0, 'Bombeiros de Cascais', 10);
insert into acciona values (1, 'Bombeiros de Cascais', 10);
insert into acciona values (0, 'Bombeiros de Figueira de Castelo Rodrigo', 12);
insert into acciona values (1, 'Bombeiros de Figueira de Castelo Rodrigo', 12);
insert into acciona values (0, 'Bombeiros de Coimbra', 14);
insert into acciona values (1, 'Bombeiros de Coimbra', 14);
insert into acciona values (0, 'Bombeiros de Ribeira de Pena', 16);
insert into acciona values (1, 'Bombeiros de Ribeira de Pena', 16);
insert into acciona values (0, 'Bombeiros de Calheta', 18);
insert into acciona values (1, 'Bombeiros de Calheta', 18);
insert into acciona values (0, 'Bombeiros de Miranda do Corvo', 20);
insert into acciona values (1, 'Bombeiros de Miranda do Corvo', 20);
insert into acciona values (0, 'Bombeiros de Arganil', 22);
insert into acciona values (1, 'Bombeiros de Arganil', 22);
insert into acciona values (0, 'Bombeiros de Santa Comba Dao', 24);
insert into acciona values (1, 'Bombeiros de Santa Comba Dao', 24);
insert into acciona values (0, 'Bombeiros de Murtosa', 26);
insert into acciona values (1, 'Bombeiros de Murtosa', 26);
insert into acciona values (0, 'Bombeiros de Vale de Cambra', 28);
insert into acciona values (1, 'Bombeiros de Vale de Cambra', 28);
insert into acciona values (0, 'Bombeiros de Condeixa-a-Nova', 30);
insert into acciona values (1, 'Bombeiros de Condeixa-a-Nova', 30);
insert into acciona values (0, 'Bombeiros de Ourem', 32);
insert into acciona values (1, 'Bombeiros de Ourem', 32);
insert into acciona values (0, 'Bombeiros de Braganca', 34);
insert into acciona values (1, 'Bombeiros de Braganca', 34);
insert into acciona values (0, 'Bombeiros de Constancia', 36);
insert into acciona values (1, 'Bombeiros de Constancia', 36);
insert into acciona values (0, 'Bombeiros de Montemor-o-Novo', 38);
insert into acciona values (1, 'Bombeiros de Montemor-o-Novo', 38);
insert into acciona values (0, 'Bombeiros de Abrantes', 40);
insert into acciona values (1, 'Bombeiros de Abrantes', 40);
insert into acciona values (0, 'Bombeiros de Castelo de Paiva', 42);
insert into acciona values (1, 'Bombeiros de Castelo de Paiva', 42);
insert into acciona values (0, 'Bombeiros de Almeirim', 44);
insert into acciona values (1, 'Bombeiros de Almeirim', 44);
insert into acciona values (0, 'Bombeiros de Fornos de Algodres', 46);
insert into acciona values (1, 'Bombeiros de Fornos de Algodres', 46);
insert into acciona values (0, 'Bombeiros de Povoacao', 48);
insert into acciona values (1, 'Bombeiros de Povoacao', 48);
insert into acciona values (0, 'Bombeiros de Vila Nova de Gaia', 50);
insert into acciona values (1, 'Bombeiros de Vila Nova de Gaia', 50);
insert into acciona values (0, 'Bombeiros de Alcobaca', 52);
insert into acciona values (1, 'Bombeiros de Alcobaca', 52);
insert into acciona values (0, 'Bombeiros de Alter do Chao', 54);
insert into acciona values (1, 'Bombeiros de Alter do Chao', 54);
insert into acciona values (0, 'Bombeiros de Pedrogao Grande', 56);
insert into acciona values (1, 'Bombeiros de Pedrogao Grande', 56);
insert into acciona values (0, 'Bombeiros de Vimioso', 58);
insert into acciona values (1, 'Bombeiros de Vimioso', 58);
insert into acciona values (0, 'Bombeiros de Corvo', 60);
insert into acciona values (1, 'Bombeiros de Corvo', 60);
insert into acciona values (0, 'Bombeiros de Mourao', 62);
insert into acciona values (1, 'Bombeiros de Mourao', 62);
insert into acciona values (0, 'Bombeiros de Fundao', 64);
insert into acciona values (1, 'Bombeiros de Fundao', 64);
insert into acciona values (0, 'Bombeiros de Chaves', 66);
insert into acciona values (1, 'Bombeiros de Chaves', 66);
insert into acciona values (0, 'Bombeiros de Santa Cruz da Graciosa', 68);
insert into acciona values (1, 'Bombeiros de Santa Cruz da Graciosa', 68);
insert into acciona values (0, 'Bombeiros de Vizela', 70);
insert into acciona values (1, 'Bombeiros de Vizela', 70);
insert into acciona values (0, 'Bombeiros de Ilhavo', 72);
insert into acciona values (1, 'Bombeiros de Ilhavo', 72);
insert into acciona values (0, 'Bombeiros de Povoa de Lanhoso', 74);
insert into acciona values (1, 'Bombeiros de Povoa de Lanhoso', 74);
insert into acciona values (0, 'Bombeiros de Carregal do Sal', 76);
insert into acciona values (1, 'Bombeiros de Carregal do Sal', 76);
insert into acciona values (0, 'Bombeiros de Sao Vicente', 78);
insert into acciona values (1, 'Bombeiros de Sao Vicente', 78);
insert into acciona values (0, 'Bombeiros de Carrazeda de Ansiaes', 80);
insert into acciona values (1, 'Bombeiros de Carrazeda de Ansiaes', 80);
insert into acciona values (0, 'Bombeiros de Porto Moniz', 82);
insert into acciona values (1, 'Bombeiros de Porto Moniz', 82);
insert into acciona values (0, 'Bombeiros de Torres Novas', 84);
insert into acciona values (1, 'Bombeiros de Torres Novas', 84);
insert into acciona values (0, 'Bombeiros de Castelo Branco', 86);
insert into acciona values (1, 'Bombeiros de Castelo Branco', 86);
insert into acciona values (0, 'Bombeiros de Anadia', 88);
insert into acciona values (1, 'Bombeiros de Anadia', 88);
insert into acciona values (0, 'Bombeiros de Sousel', 90);
insert into acciona values (1, 'Bombeiros de Sousel', 90);
insert into acciona values (0, 'Bombeiros de Santiago do Cacem', 92);
insert into acciona values (1, 'Bombeiros de Santiago do Cacem', 92);
insert into acciona values (0, 'Bombeiros de Figueiro dos Vinhos', 94);
insert into acciona values (1, 'Bombeiros de Figueiro dos Vinhos', 94);
insert into acciona values (0, 'Bombeiros de Satao', 96);
insert into acciona values (1, 'Bombeiros de Satao', 96);
insert into acciona values (0, 'Bombeiros de Soure', 98);
insert into acciona values (1, 'Bombeiros de Soure', 98);
insert into acciona values (0, 'Bombeiros de Lagos', 0);
insert into acciona values (0, 'Bombeiros de Santo Tirso', 2);
insert into acciona values (0, 'Bombeiros de Lisboa', 4);
insert into acciona values (0, 'Bombeiros de Chamusca', 6);
insert into acciona values (0, 'Bombeiros de Covilha', 8);
insert into acciona values (0, 'Bombeiros de Vila Pouca de Aguiar', 10);
insert into acciona values (0, 'Bombeiros de Mertola', 12);
insert into acciona values (0, 'Bombeiros de Barreiro', 14);
insert into acciona values (0, 'Bombeiros de Arronches', 16);
insert into acciona values (0, 'Bombeiros de Seixal', 18);
insert into acciona values (0, 'Bombeiros de Esposende', 20);
insert into acciona values (0, 'Bombeiros de Alvito', 22);
insert into acciona values (0, 'Bombeiros de Portel', 24);
insert into acciona values (0, 'Bombeiros de Lajes das Flores', 26);
insert into acciona values (0, 'Bombeiros de Cinfaes', 28);
insert into acciona values (0, 'Bombeiros de Macao', 30);
insert into acciona values (0, 'Bombeiros de Redondo', 32);
insert into acciona values (0, 'Bombeiros de Alcoutim', 34);
insert into acciona values (0, 'Bombeiros de Vila de Rei', 36);
insert into acciona values (0, 'Bombeiros de Nordeste', 38);
insert into acciona values (0, 'Bombeiros de Oliveira do Bairro', 40);
insert into acciona values (0, 'Bombeiros de Mealhada', 42);
insert into acciona values (0, 'Bombeiros de Celorico da Beira', 44);
insert into acciona values (0, 'Bombeiros de Trofa', 46);
insert into acciona values (0, 'Bombeiros de Sao Roque do Pico', 48);
insert into acciona values (0, 'Bombeiros de Murca', 50);
insert into acciona values (0, 'Bombeiros de Castelo de Vide', 52);
insert into acciona values (0, 'Bombeiros de Tabua', 54);
insert into acciona values (0, 'Bombeiros de Meda', 56);
insert into acciona values (0, 'Bombeiros de Lamego', 58);
insert into acciona values (0, 'Bombeiros de Armamar', 60);
insert into acciona values (0, 'Bombeiros de Paredes de Coura', 62);
insert into acciona values (0, 'Bombeiros de Miranda do Douro', 64);
insert into acciona values (0, 'Bombeiros de Ferreira do Zezere', 66);
insert into acciona values (0, 'Bombeiros de Obidos', 68);
insert into acciona values (0, 'Bombeiros de Idanha-a-Nova', 70);
insert into acciona values (0, 'Bombeiros de Vagos', 72);
insert into acciona values (0, 'Bombeiros de Alvaiazere', 74);
insert into acciona values (0, 'Bombeiros de Vila Vicosa', 76);

insert into coordenador values (0);
insert into coordenador values (1);
insert into coordenador values (2);
insert into coordenador values (3);
insert into coordenador values (4);
insert into coordenador values (5);
insert into coordenador values (6);
insert into coordenador values (7);
insert into coordenador values (8);
insert into coordenador values (9);
insert into coordenador values (10);
insert into coordenador values (11);
insert into coordenador values (12);
insert into coordenador values (13);
insert into coordenador values (14);
insert into coordenador values (15);
insert into coordenador values (16);
insert into coordenador values (17);
insert into coordenador values (18);
insert into coordenador values (19);
insert into coordenador values (20);
insert into coordenador values (21);
insert into coordenador values (22);
insert into coordenador values (23);
insert into coordenador values (24);
insert into coordenador values (25);
insert into coordenador values (26);
insert into coordenador values (27);
insert into coordenador values (28);
insert into coordenador values (29);
insert into coordenador values (30);
insert into coordenador values (31);
insert into coordenador values (32);
insert into coordenador values (33);
insert into coordenador values (34);
insert into coordenador values (35);
insert into coordenador values (36);
insert into coordenador values (37);
insert into coordenador values (38);
insert into coordenador values (39);
insert into coordenador values (40);
insert into coordenador values (41);
insert into coordenador values (42);
insert into coordenador values (43);
insert into coordenador values (44);
insert into coordenador values (45);
insert into coordenador values (46);
insert into coordenador values (47);
insert into coordenador values (48);
insert into coordenador values (49);
insert into coordenador values (50);
insert into coordenador values (51);
insert into coordenador values (52);
insert into coordenador values (53);
insert into coordenador values (54);
insert into coordenador values (55);
insert into coordenador values (56);
insert into coordenador values (57);
insert into coordenador values (58);
insert into coordenador values (59);
insert into coordenador values (60);
insert into coordenador values (61);
insert into coordenador values (62);
insert into coordenador values (63);
insert into coordenador values (64);
insert into coordenador values (65);
insert into coordenador values (66);
insert into coordenador values (67);
insert into coordenador values (68);
insert into coordenador values (69);
insert into coordenador values (70);
insert into coordenador values (71);
insert into coordenador values (72);
insert into coordenador values (73);
insert into coordenador values (74);
insert into coordenador values (75);
insert into coordenador values (76);
insert into coordenador values (77);
insert into coordenador values (78);
insert into coordenador values (79);
insert into coordenador values (80);
insert into coordenador values (81);
insert into coordenador values (82);
insert into coordenador values (83);
insert into coordenador values (84);
insert into coordenador values (85);
insert into coordenador values (86);
insert into coordenador values (87);
insert into coordenador values (88);
insert into coordenador values (89);
insert into coordenador values (90);
insert into coordenador values (91);
insert into coordenador values (92);
insert into coordenador values (93);
insert into coordenador values (94);
insert into coordenador values (95);
insert into coordenador values (96);
insert into coordenador values (97);
insert into coordenador values (98);
insert into coordenador values (99);

insert into audita values (0, 0, 'Bombeiros de Seixal', 18, '09:00:00', '18:00:00', '2018-05-24 04:10:37', 'Auditoria do Coordenador 0 em relacao ao meio 0 de Bombeiros de Seixal na data 2018-05-24 04:10:37 com inicio as 09:00:00 e fim as 18:00:00');
insert into audita values (1, 6, 'Exercito', 6, '09:00:00', '18:00:00', '2018-09-01 15:56:16', 'Auditoria do Coordenador 1 em relacao ao meio 6 de Exercito na data 2018-09-01 15:56:16 com inicio as 09:00:00 e fim as 18:00:00');
insert into audita values (2, 68, 'Exercito', 68, '09:00:00', '18:00:00', '2018-06-04 18:09:19', 'Auditoria do Coordenador 2 em relacao ao meio 68 de Exercito na data 2018-06-04 18:09:19 com inicio as 09:00:00 e fim as 18:00:00');
insert into audita values (3, 15, 'Exercito', 15, '09:00:00', '18:00:00', '2018-09-27 08:57:49', 'Auditoria do Coordenador 3 em relacao ao meio 15 de Exercito na data 2018-09-27 08:57:49 com inicio as 09:00:00 e fim as 18:00:00');
insert into audita values (4, 11, 'Exercito', 11, '09:00:00', '18:00:00', '2018-07-29 11:01:40', 'Auditoria do Coordenador 4 em relacao ao meio 11 de Exercito na data 2018-07-29 11:01:40 com inicio as 09:00:00 e fim as 18:00:00');
insert into audita values (5, 69, 'Exercito', 69, '09:00:00', '18:00:00', '2018-07-26 14:28:21', 'Auditoria do Coordenador 5 em relacao ao meio 69 de Exercito na data 2018-07-26 14:28:21 com inicio as 09:00:00 e fim as 18:00:00');
insert into audita values (6, 91, 'Exercito', 91, '09:00:00', '18:00:00', '2018-07-03 06:00:11', 'Auditoria do Coordenador 6 em relacao ao meio 91 de Exercito na data 2018-07-03 06:00:11 com inicio as 09:00:00 e fim as 18:00:00');
insert into audita values (7, 12, 'Exercito', 12, '09:00:00', '18:00:00', '2018-08-22 22:05:08', 'Auditoria do Coordenador 7 em relacao ao meio 12 de Exercito na data 2018-08-22 22:05:08 com inicio as 09:00:00 e fim as 18:00:00');
insert into audita values (8, 13, 'Exercito', 13, '09:00:00', '18:00:00', '2018-08-03 14:45:34', 'Auditoria do Coordenador 8 em relacao ao meio 13 de Exercito na data 2018-08-03 14:45:34 com inicio as 09:00:00 e fim as 18:00:00');
insert into audita values (9, 0, 'Bombeiros de Santiago do Cacem', 92, '09:00:00', '18:00:00', '2018-05-05 01:26:52', 'Auditoria do Coordenador 9 em relacao ao meio 0 de Bombeiros de Santiago do Cacem na data 2018-05-05 01:26:52 com inicio as 09:00:00 e fim as 18:00:00');
insert into audita values (10, 0, 'Bombeiros de Almeirim', 44, '09:00:00', '18:00:00', '2018-06-17 14:49:24', 'Auditoria do Coordenador 10 em relacao ao meio 0 de Bombeiros de Almeirim na data 2018-06-17 14:49:24 com inicio as 09:00:00 e fim as 18:00:00');
insert into audita values (11, 19, 'Exercito', 19, '09:00:00', '18:00:00', '2018-07-05 11:09:16', 'Auditoria do Coordenador 11 em relacao ao meio 19 de Exercito na data 2018-07-05 11:09:16 com inicio as 09:00:00 e fim as 18:00:00');
insert into audita values (12, 0, 'Bombeiros de Nordeste', 38, '09:00:00', '18:00:00', '2018-08-12 09:48:20', 'Auditoria do Coordenador 12 em relacao ao meio 0 de Bombeiros de Nordeste na data 2018-08-12 09:48:20 com inicio as 09:00:00 e fim as 18:00:00');
insert into audita values (13, 1, 'Bombeiros de Alter do Chao', 54, '09:00:00', '18:00:00', '2018-05-24 00:56:16', 'Auditoria do Coordenador 13 em relacao ao meio 1 de Bombeiros de Alter do Chao na data 2018-05-24 00:56:16 com inicio as 09:00:00 e fim as 18:00:00');
insert into audita values (14, 0, 'Bombeiros de Vila de Rei', 36, '09:00:00', '18:00:00', '2018-08-23 15:37:24', 'Auditoria do Coordenador 14 em relacao ao meio 0 de Bombeiros de Vila de Rei na data 2018-08-23 15:37:24 com inicio as 09:00:00 e fim as 18:00:00');
insert into audita values (15, 0, 'Bombeiros de Constancia', 36, '09:00:00', '18:00:00', '2018-11-09 18:18:58', 'Auditoria do Coordenador 15 em relacao ao meio 0 de Bombeiros de Constancia na data 2018-11-09 18:18:58 com inicio as 09:00:00 e fim as 18:00:00');
insert into audita values (16, 38, 'Exercito', 38, '09:00:00', '18:00:00', '2018-10-20 05:39:21', 'Auditoria do Coordenador 16 em relacao ao meio 38 de Exercito na data 2018-10-20 05:39:21 com inicio as 09:00:00 e fim as 18:00:00');
insert into audita values (17, 95, 'Exercito', 95, '09:00:00', '18:00:00', '2018-11-18 12:59:32', 'Auditoria do Coordenador 17 em relacao ao meio 95 de Exercito na data 2018-11-18 12:59:32 com inicio as 09:00:00 e fim as 18:00:00');
insert into audita values (18, 0, 'Bombeiros de Meda', 56, '09:00:00', '18:00:00', '2018-06-13 02:16:10', 'Auditoria do Coordenador 18 em relacao ao meio 0 de Bombeiros de Meda na data 2018-06-13 02:16:10 com inicio as 09:00:00 e fim as 18:00:00');
insert into audita values (19, 37, 'Exercito', 37, '09:00:00', '18:00:00', '2018-08-20 06:42:42', 'Auditoria do Coordenador 19 em relacao ao meio 37 de Exercito na data 2018-08-20 06:42:42 com inicio as 09:00:00 e fim as 18:00:00');
insert into audita values (20, 41, 'Exercito', 41, '09:00:00', '18:00:00', '2018-07-09 12:51:55', 'Auditoria do Coordenador 20 em relacao ao meio 41 de Exercito na data 2018-07-09 12:51:55 com inicio as 09:00:00 e fim as 18:00:00');
insert into audita values (21, 0, 'Bombeiros de Esposende', 20, '09:00:00', '18:00:00', '2018-05-09 15:42:52', 'Auditoria do Coordenador 21 em relacao ao meio 0 de Bombeiros de Esposende na data 2018-05-09 15:42:52 com inicio as 09:00:00 e fim as 18:00:00');
insert into audita values (22, 0, 'Bombeiros de Trofa', 46, '09:00:00', '18:00:00', '2018-06-09 04:35:27', 'Auditoria do Coordenador 22 em relacao ao meio 0 de Bombeiros de Trofa na data 2018-06-09 04:35:27 com inicio as 09:00:00 e fim as 18:00:00');
insert into audita values (23, 1, 'Bombeiros de Vila Flor', 22, '09:00:00', '18:00:00', '2018-08-23 12:05:45', 'Auditoria do Coordenador 23 em relacao ao meio 1 de Bombeiros de Vila Flor na data 2018-08-23 12:05:45 com inicio as 09:00:00 e fim as 18:00:00');
insert into audita values (24, 1, 'Bombeiros de Fafe', 42, '09:00:00', '18:00:00', '2018-05-08 07:09:39', 'Auditoria do Coordenador 24 em relacao ao meio 1 de Bombeiros de Fafe na data 2018-05-08 07:09:39 com inicio as 09:00:00 e fim as 18:00:00');
insert into audita values (25, 2, 'Exercito', 2, '09:00:00', '18:00:00', '2018-11-24 13:02:49', 'Auditoria do Coordenador 25 em relacao ao meio 2 de Exercito na data 2018-11-24 13:02:49 com inicio as 09:00:00 e fim as 18:00:00');
insert into audita values (26, 1, 'Bombeiros de Coimbra', 14, '09:00:00', '18:00:00', '2018-05-25 18:34:23', 'Auditoria do Coordenador 26 em relacao ao meio 1 de Bombeiros de Coimbra na data 2018-05-25 18:34:23 com inicio as 09:00:00 e fim as 18:00:00');
insert into audita values (27, 12, 'Exercito', 12, '09:00:00', '18:00:00', '2018-05-10 16:39:34', 'Auditoria do Coordenador 27 em relacao ao meio 12 de Exercito na data 2018-05-10 16:39:34 com inicio as 09:00:00 e fim as 18:00:00');
insert into audita values (28, 8, 'Exercito', 8, '09:00:00', '18:00:00', '2018-10-05 02:22:11', 'Auditoria do Coordenador 28 em relacao ao meio 8 de Exercito na data 2018-10-05 02:22:11 com inicio as 09:00:00 e fim as 18:00:00');
insert into audita values (29, 0, 'Bombeiros de Ferreira do Alentejo', 14, '09:00:00', '18:00:00', '2018-10-09 00:48:48', 'Auditoria do Coordenador 29 em relacao ao meio 0 de Bombeiros de Ferreira do Alentejo na data 2018-10-09 00:48:48 com inicio as 09:00:00 e fim as 18:00:00');
insert into audita values (30, 16, 'Exercito', 16, '09:00:00', '18:00:00', '2018-06-16 12:45:04', 'Auditoria do Coordenador 30 em relacao ao meio 16 de Exercito na data 2018-06-16 12:45:04 com inicio as 09:00:00 e fim as 18:00:00');
insert into audita values (31, 65, 'Exercito', 65, '09:00:00', '18:00:00', '2018-09-24 17:14:08', 'Auditoria do Coordenador 31 em relacao ao meio 65 de Exercito na data 2018-09-24 17:14:08 com inicio as 09:00:00 e fim as 18:00:00');
insert into audita values (32, 1, 'Bombeiros de Vila Nova de Gaia', 50, '09:00:00', '18:00:00', '2018-08-22 00:02:12', 'Auditoria do Coordenador 32 em relacao ao meio 1 de Bombeiros de Vila Nova de Gaia na data 2018-08-22 00:02:12 com inicio as 09:00:00 e fim as 18:00:00');
insert into audita values (33, 0, 'Bombeiros de Vila Pouca de Aguiar', 10, '09:00:00', '18:00:00', '2018-10-17 07:35:42', 'Auditoria do Coordenador 33 em relacao ao meio 0 de Bombeiros de Vila Pouca de Aguiar na data 2018-10-17 07:35:42 com inicio as 09:00:00 e fim as 18:00:00');
insert into audita values (34, 0, 'Bombeiros de Satao', 96, '09:00:00', '18:00:00', '2018-08-02 21:46:59', 'Auditoria do Coordenador 34 em relacao ao meio 0 de Bombeiros de Satao na data 2018-08-02 21:46:59 com inicio as 09:00:00 e fim as 18:00:00');
insert into audita values (35, 1, 'Bombeiros de Chaves', 66, '09:00:00', '18:00:00', '2018-09-04 04:54:04', 'Auditoria do Coordenador 35 em relacao ao meio 1 de Bombeiros de Chaves na data 2018-09-04 04:54:04 com inicio as 09:00:00 e fim as 18:00:00');
insert into audita values (36, 1, 'Bombeiros de Santa Cruz da Graciosa', 68, '09:00:00', '18:00:00', '2018-11-19 02:58:04', 'Auditoria do Coordenador 36 em relacao ao meio 1 de Bombeiros de Santa Cruz da Graciosa na data 2018-11-19 02:58:04 com inicio as 09:00:00 e fim as 18:00:00');
insert into audita values (37, 0, 'Bombeiros de Braganca', 34, '09:00:00', '18:00:00', '2018-10-20 06:01:01', 'Auditoria do Coordenador 37 em relacao ao meio 0 de Bombeiros de Braganca na data 2018-10-20 06:01:01 com inicio as 09:00:00 e fim as 18:00:00');
insert into audita values (38, 0, 'Bombeiros de Figueira de Castelo Rodrigo', 12, '09:00:00', '18:00:00', '2018-07-09 04:26:18', 'Auditoria do Coordenador 38 em relacao ao meio 0 de Bombeiros de Figueira de Castelo Rodrigo na data 2018-07-09 04:26:18 com inicio as 09:00:00 e fim as 18:00:00');
insert into audita values (39, 1, 'Bombeiros de Torres Novas', 84, '09:00:00', '18:00:00', '2018-07-17 15:09:57', 'Auditoria do Coordenador 39 em relacao ao meio 1 de Bombeiros de Torres Novas na data 2018-07-17 15:09:57 com inicio as 09:00:00 e fim as 18:00:00');
insert into audita values (40, 21, 'Exercito', 21, '09:00:00', '18:00:00', '2018-07-29 09:22:21', 'Auditoria do Coordenador 40 em relacao ao meio 21 de Exercito na data 2018-07-29 09:22:21 com inicio as 09:00:00 e fim as 18:00:00');
insert into audita values (41, 1, 'Bombeiros de Fundao', 64, '09:00:00', '18:00:00', '2018-11-06 17:25:13', 'Auditoria do Coordenador 41 em relacao ao meio 1 de Bombeiros de Fundao na data 2018-11-06 17:25:13 com inicio as 09:00:00 e fim as 18:00:00');
insert into audita values (42, 35, 'Exercito', 35, '09:00:00', '18:00:00', '2018-05-25 03:25:05', 'Auditoria do Coordenador 42 em relacao ao meio 35 de Exercito na data 2018-05-25 03:25:05 com inicio as 09:00:00 e fim as 18:00:00');
insert into audita values (43, 86, 'Exercito', 86, '09:00:00', '18:00:00', '2018-08-18 03:20:03', 'Auditoria do Coordenador 43 em relacao ao meio 86 de Exercito na data 2018-08-18 03:20:03 com inicio as 09:00:00 e fim as 18:00:00');
insert into audita values (44, 0, 'Bombeiros de Cabeceiras de Basto', 74, '09:00:00', '18:00:00', '2018-09-02 01:26:05', 'Auditoria do Coordenador 44 em relacao ao meio 0 de Bombeiros de Cabeceiras de Basto na data 2018-09-02 01:26:05 com inicio as 09:00:00 e fim as 18:00:00');
insert into audita values (45, 0, 'Bombeiros de Macao', 30, '09:00:00', '18:00:00', '2018-09-10 08:56:22', 'Auditoria do Coordenador 45 em relacao ao meio 0 de Bombeiros de Macao na data 2018-09-10 08:56:22 com inicio as 09:00:00 e fim as 18:00:00');
insert into audita values (46, 88, 'Exercito', 88, '09:00:00', '18:00:00', '2018-10-18 14:40:55', 'Auditoria do Coordenador 46 em relacao ao meio 88 de Exercito na data 2018-10-18 14:40:55 com inicio as 09:00:00 e fim as 18:00:00');
insert into audita values (47, 0, 'Bombeiros de Carregal do Sal', 76, '09:00:00', '18:00:00', '2018-11-24 16:27:06', 'Auditoria do Coordenador 47 em relacao ao meio 0 de Bombeiros de Carregal do Sal na data 2018-11-24 16:27:06 com inicio as 09:00:00 e fim as 18:00:00');
insert into audita values (48, 1, 'Bombeiros de Santa Marta de Penaguiao', 86, '09:00:00', '18:00:00', '2018-10-19 13:57:14', 'Auditoria do Coordenador 48 em relacao ao meio 1 de Bombeiros de Santa Marta de Penaguiao na data 2018-10-19 13:57:14 com inicio as 09:00:00 e fim as 18:00:00');
insert into audita values (49, 1, 'Bombeiros de Alcobaca', 52, '09:00:00', '18:00:00', '2018-10-23 21:55:13', 'Auditoria do Coordenador 49 em relacao ao meio 1 de Bombeiros de Alcobaca na data 2018-10-23 21:55:13 com inicio as 09:00:00 e fim as 18:00:00');
insert into audita values (50, 81, 'Exercito', 81, '09:00:00', '18:00:00', '2018-08-07 17:54:42', 'Auditoria do Coordenador 50 em relacao ao meio 81 de Exercito na data 2018-08-07 17:54:42 com inicio as 09:00:00 e fim as 18:00:00');
insert into audita values (51, 1, 'Bombeiros de Anadia', 88, '09:00:00', '18:00:00', '2018-05-27 14:24:42', 'Auditoria do Coordenador 51 em relacao ao meio 1 de Bombeiros de Anadia na data 2018-05-27 14:24:42 com inicio as 09:00:00 e fim as 18:00:00');
insert into audita values (52, 1, 'Bombeiros de Constancia', 36, '09:00:00', '18:00:00', '2018-09-24 00:14:14', 'Auditoria do Coordenador 52 em relacao ao meio 1 de Bombeiros de Constancia na data 2018-09-24 00:14:14 com inicio as 09:00:00 e fim as 18:00:00');
insert into audita values (53, 1, 'Bombeiros de Salvaterra de Magos', 16, '09:00:00', '18:00:00', '2018-08-01 04:23:20', 'Auditoria do Coordenador 53 em relacao ao meio 1 de Bombeiros de Salvaterra de Magos na data 2018-08-01 04:23:20 com inicio as 09:00:00 e fim as 18:00:00');
insert into audita values (54, 90, 'Exercito', 90, '09:00:00', '18:00:00', '2018-06-16 04:27:43', 'Auditoria do Coordenador 54 em relacao ao meio 90 de Exercito na data 2018-06-16 04:27:43 com inicio as 09:00:00 e fim as 18:00:00');
insert into audita values (55, 0, 'Bombeiros de Loures', 54, '09:00:00', '18:00:00', '2018-06-12 16:31:26', 'Auditoria do Coordenador 55 em relacao ao meio 0 de Bombeiros de Loures na data 2018-06-12 16:31:26 com inicio as 09:00:00 e fim as 18:00:00');
insert into audita values (56, 0, 'Bombeiros de Sabrosa', 8, '09:00:00', '18:00:00', '2018-11-06 20:16:56', 'Auditoria do Coordenador 56 em relacao ao meio 0 de Bombeiros de Sabrosa na data 2018-11-06 20:16:56 com inicio as 09:00:00 e fim as 18:00:00');
insert into audita values (57, 79, 'Exercito', 79, '09:00:00', '18:00:00', '2018-05-05 07:57:37', 'Auditoria do Coordenador 57 em relacao ao meio 79 de Exercito na data 2018-05-05 07:57:37 com inicio as 09:00:00 e fim as 18:00:00');
insert into audita values (58, 27, 'Exercito', 27, '09:00:00', '18:00:00', '2018-10-21 04:12:28', 'Auditoria do Coordenador 58 em relacao ao meio 27 de Exercito na data 2018-10-21 04:12:28 com inicio as 09:00:00 e fim as 18:00:00');
insert into audita values (59, 1, 'Bombeiros de Trancoso', 52, '09:00:00', '18:00:00', '2018-06-19 16:39:49', 'Auditoria do Coordenador 59 em relacao ao meio 1 de Bombeiros de Trancoso na data 2018-06-19 16:39:49 com inicio as 09:00:00 e fim as 18:00:00');
insert into audita values (60, 98, 'Exercito', 98, '09:00:00', '18:00:00', '2018-11-12 21:39:02', 'Auditoria do Coordenador 60 em relacao ao meio 98 de Exercito na data 2018-11-12 21:39:02 com inicio as 09:00:00 e fim as 18:00:00');
insert into audita values (61, 1, 'Bombeiros de Alcochete', 6, '09:00:00', '18:00:00', '2018-09-19 17:33:15', 'Auditoria do Coordenador 61 em relacao ao meio 1 de Bombeiros de Alcochete na data 2018-09-19 17:33:15 com inicio as 09:00:00 e fim as 18:00:00');
insert into audita values (62, 0, 'Bombeiros de Barreiro', 14, '09:00:00', '18:00:00', '2018-06-16 00:16:16', 'Auditoria do Coordenador 62 em relacao ao meio 0 de Bombeiros de Barreiro na data 2018-06-16 00:16:16 com inicio as 09:00:00 e fim as 18:00:00');
insert into audita values (63, 0, 'Bombeiros de Almada', 28, '09:00:00', '18:00:00', '2018-06-27 17:18:37', 'Auditoria do Coordenador 63 em relacao ao meio 0 de Bombeiros de Almada na data 2018-06-27 17:18:37 com inicio as 09:00:00 e fim as 18:00:00');
insert into audita values (64, 13, 'Exercito', 13, '09:00:00', '18:00:00', '2018-09-13 21:26:35', 'Auditoria do Coordenador 64 em relacao ao meio 13 de Exercito na data 2018-09-13 21:26:35 com inicio as 09:00:00 e fim as 18:00:00');
insert into audita values (65, 0, 'Bombeiros de Felgueiras', 38, '09:00:00', '18:00:00', '2018-05-07 13:56:31', 'Auditoria do Coordenador 65 em relacao ao meio 0 de Bombeiros de Felgueiras na data 2018-05-07 13:56:31 com inicio as 09:00:00 e fim as 18:00:00');
insert into audita values (66, 1, 'Bombeiros de Viana do Alentejo', 56, '09:00:00', '18:00:00', '2018-08-30 09:07:50', 'Auditoria do Coordenador 66 em relacao ao meio 1 de Bombeiros de Viana do Alentejo na data 2018-08-30 09:07:50 com inicio as 09:00:00 e fim as 18:00:00');
insert into audita values (67, 0, 'Bombeiros de Paredes de Coura', 62, '09:00:00', '18:00:00', '2018-10-19 16:02:00', 'Auditoria do Coordenador 67 em relacao ao meio 0 de Bombeiros de Paredes de Coura na data 2018-10-19 16:02:00 com inicio as 09:00:00 e fim as 18:00:00');
insert into audita values (68, 0, 'Bombeiros de Vila Real de Santo Antonio', 78, '09:00:00', '18:00:00', '2018-07-02 09:32:08', 'Auditoria do Coordenador 68 em relacao ao meio 0 de Bombeiros de Vila Real de Santo Antonio na data 2018-07-02 09:32:08 com inicio as 09:00:00 e fim as 18:00:00');
insert into audita values (69, 1, 'Bombeiros de Oliveira do Hospital', 0, '09:00:00', '18:00:00', '2018-08-28 11:05:08', 'Auditoria do Coordenador 69 em relacao ao meio 1 de Bombeiros de Oliveira do Hospital na data 2018-08-28 11:05:08 com inicio as 09:00:00 e fim as 18:00:00');
insert into audita values (70, 11, 'Exercito', 11, '09:00:00', '18:00:00', '2018-10-18 03:56:29', 'Auditoria do Coordenador 70 em relacao ao meio 11 de Exercito na data 2018-10-18 03:56:29 com inicio as 09:00:00 e fim as 18:00:00');
insert into audita values (71, 1, 'Bombeiros de Sardoal', 24, '09:00:00', '18:00:00', '2018-10-27 22:58:09', 'Auditoria do Coordenador 71 em relacao ao meio 1 de Bombeiros de Sardoal na data 2018-10-27 22:58:09 com inicio as 09:00:00 e fim as 18:00:00');
insert into audita values (72, 0, 'Bombeiros de Miranda do Corvo', 20, '09:00:00', '18:00:00', '2018-09-11 10:01:14', 'Auditoria do Coordenador 72 em relacao ao meio 0 de Bombeiros de Miranda do Corvo na data 2018-09-11 10:01:14 com inicio as 09:00:00 e fim as 18:00:00');
insert into audita values (73, 1, 'Bombeiros de Castelo de Paiva', 42, '09:00:00', '18:00:00', '2018-08-22 03:38:52', 'Auditoria do Coordenador 73 em relacao ao meio 1 de Bombeiros de Castelo de Paiva na data 2018-08-22 03:38:52 com inicio as 09:00:00 e fim as 18:00:00');
insert into audita values (74, 19, 'Exercito', 19, '09:00:00', '18:00:00', '2018-10-30 09:12:06', 'Auditoria do Coordenador 74 em relacao ao meio 19 de Exercito na data 2018-10-30 09:12:06 com inicio as 09:00:00 e fim as 18:00:00');
insert into audita values (75, 0, 'Bombeiros de Mertola', 12, '09:00:00', '18:00:00', '2018-09-05 23:15:38', 'Auditoria do Coordenador 75 em relacao ao meio 0 de Bombeiros de Mertola na data 2018-09-05 23:15:38 com inicio as 09:00:00 e fim as 18:00:00');
insert into audita values (76, 0, 'Bombeiros de Lisboa', 4, '09:00:00', '18:00:00', '2018-08-13 16:54:45', 'Auditoria do Coordenador 76 em relacao ao meio 0 de Bombeiros de Lisboa na data 2018-08-13 16:54:45 com inicio as 09:00:00 e fim as 18:00:00');
insert into audita values (77, 0, 'Bombeiros de Vila Real', 20, '09:00:00', '18:00:00', '2018-11-14 19:49:05', 'Auditoria do Coordenador 77 em relacao ao meio 0 de Bombeiros de Vila Real na data 2018-11-14 19:49:05 com inicio as 09:00:00 e fim as 18:00:00');
insert into audita values (78, 1, 'Bombeiros de Fornos de Algodres', 46, '09:00:00', '18:00:00', '2018-08-08 00:02:50', 'Auditoria do Coordenador 78 em relacao ao meio 1 de Bombeiros de Fornos de Algodres na data 2018-08-08 00:02:50 com inicio as 09:00:00 e fim as 18:00:00');
insert into audita values (79, 1, 'Bombeiros de Abrantes', 40, '09:00:00', '18:00:00', '2018-10-31 20:58:27', 'Auditoria do Coordenador 79 em relacao ao meio 1 de Bombeiros de Abrantes na data 2018-10-31 20:58:27 com inicio as 09:00:00 e fim as 18:00:00');
insert into audita values (80, 72, 'Exercito', 72, '09:00:00', '18:00:00', '2018-08-26 03:05:13', 'Auditoria do Coordenador 80 em relacao ao meio 72 de Exercito na data 2018-08-26 03:05:13 com inicio as 09:00:00 e fim as 18:00:00');
insert into audita values (81, 0, 'Bombeiros de Corvo', 60, '09:00:00', '18:00:00', '2018-10-28 09:56:56', 'Auditoria do Coordenador 81 em relacao ao meio 0 de Bombeiros de Corvo na data 2018-10-28 09:56:56 com inicio as 09:00:00 e fim as 18:00:00');
insert into audita values (82, 0, 'Bombeiros de Murtosa', 26, '09:00:00', '18:00:00', '2018-07-15 00:47:04', 'Auditoria do Coordenador 82 em relacao ao meio 0 de Bombeiros de Murtosa na data 2018-07-15 00:47:04 com inicio as 09:00:00 e fim as 18:00:00');
insert into audita values (83, 24, 'Exercito', 24, '09:00:00', '18:00:00', '2018-08-23 11:38:21', 'Auditoria do Coordenador 83 em relacao ao meio 24 de Exercito na data 2018-08-23 11:38:21 com inicio as 09:00:00 e fim as 18:00:00');
insert into audita values (84, 1, 'Bombeiros de Vila Real', 20, '09:00:00', '18:00:00', '2018-08-15 03:06:29', 'Auditoria do Coordenador 84 em relacao ao meio 1 de Bombeiros de Vila Real na data 2018-08-15 03:06:29 com inicio as 09:00:00 e fim as 18:00:00');
insert into audita values (85, 14, 'Exercito', 14, '09:00:00', '18:00:00', '2018-05-08 02:39:00', 'Auditoria do Coordenador 85 em relacao ao meio 14 de Exercito na data 2018-05-08 02:39:00 com inicio as 09:00:00 e fim as 18:00:00');
insert into audita values (86, 0, 'Bombeiros de Obidos', 68, '09:00:00', '18:00:00', '2018-09-10 19:26:07', 'Auditoria do Coordenador 86 em relacao ao meio 0 de Bombeiros de Obidos na data 2018-09-10 19:26:07 com inicio as 09:00:00 e fim as 18:00:00');
insert into audita values (87, 0, 'Bombeiros de Castelo Branco', 86, '09:00:00', '18:00:00', '2018-10-25 11:29:52', 'Auditoria do Coordenador 87 em relacao ao meio 0 de Bombeiros de Castelo Branco na data 2018-10-25 11:29:52 com inicio as 09:00:00 e fim as 18:00:00');
insert into audita values (88, 1, 'Bombeiros de Carrazeda de Ansiaes', 80, '09:00:00', '18:00:00', '2018-06-11 16:45:40', 'Auditoria do Coordenador 88 em relacao ao meio 1 de Bombeiros de Carrazeda de Ansiaes na data 2018-06-11 16:45:40 com inicio as 09:00:00 e fim as 18:00:00');
insert into audita values (89, 0, 'Bombeiros de Albergaria-a-Velha', 2, '09:00:00', '18:00:00', '2018-05-28 02:37:50', 'Auditoria do Coordenador 89 em relacao ao meio 0 de Bombeiros de Albergaria-a-Velha na data 2018-05-28 02:37:50 com inicio as 09:00:00 e fim as 18:00:00');
insert into audita values (90, 46, 'Exercito', 46, '09:00:00', '18:00:00', '2018-10-15 15:28:39', 'Auditoria do Coordenador 90 em relacao ao meio 46 de Exercito na data 2018-10-15 15:28:39 com inicio as 09:00:00 e fim as 18:00:00');
insert into audita values (91, 1, 'Bombeiros de Campo Maior', 64, '09:00:00', '18:00:00', '2018-07-08 09:54:32', 'Auditoria do Coordenador 91 em relacao ao meio 1 de Bombeiros de Campo Maior na data 2018-07-08 09:54:32 com inicio as 09:00:00 e fim as 18:00:00');
insert into audita values (92, 74, 'Exercito', 74, '09:00:00', '18:00:00', '2018-11-09 21:31:32', 'Auditoria do Coordenador 92 em relacao ao meio 74 de Exercito na data 2018-11-09 21:31:32 com inicio as 09:00:00 e fim as 18:00:00');
insert into audita values (93, 49, 'Exercito', 49, '09:00:00', '18:00:00', '2018-05-01 14:11:11', 'Auditoria do Coordenador 93 em relacao ao meio 49 de Exercito na data 2018-05-01 14:11:11 com inicio as 09:00:00 e fim as 18:00:00');
insert into audita values (94, 1, 'Bombeiros de Corvo', 60, '09:00:00', '18:00:00', '2018-07-22 22:29:47', 'Auditoria do Coordenador 94 em relacao ao meio 1 de Bombeiros de Corvo na data 2018-07-22 22:29:47 com inicio as 09:00:00 e fim as 18:00:00');
insert into audita values (95, 1, 'Bombeiros de Vizela', 70, '09:00:00', '18:00:00', '2018-07-30 17:59:05', 'Auditoria do Coordenador 95 em relacao ao meio 1 de Bombeiros de Vizela na data 2018-07-30 17:59:05 com inicio as 09:00:00 e fim as 18:00:00');
insert into audita values (96, 0, 'Bombeiros de Fafe', 42, '09:00:00', '18:00:00', '2018-07-01 17:44:11', 'Auditoria do Coordenador 96 em relacao ao meio 0 de Bombeiros de Fafe na data 2018-07-01 17:44:11 com inicio as 09:00:00 e fim as 18:00:00');
insert into audita values (97, 0, 'Bombeiros de Mealhada', 42, '09:00:00', '18:00:00', '2018-09-07 11:55:24', 'Auditoria do Coordenador 97 em relacao ao meio 0 de Bombeiros de Mealhada na data 2018-09-07 11:55:24 com inicio as 09:00:00 e fim as 18:00:00');
insert into audita values (98, 5, 'Exercito', 5, '09:00:00', '18:00:00', '2018-08-23 20:57:51', 'Auditoria do Coordenador 98 em relacao ao meio 5 de Exercito na data 2018-08-23 20:57:51 com inicio as 09:00:00 e fim as 18:00:00');
insert into audita values (99, 1, 'Bombeiros de Soure', 98, '09:00:00', '18:00:00', '2018-08-30 17:49:37', 'Auditoria do Coordenador 99 em relacao ao meio 1 de Bombeiros de Soure na data 2018-08-30 17:49:37 com inicio as 09:00:00 e fim as 18:00:00');

